# {"t_start": 1641369827.0190706, "env_id": "Office-single-v0"} 
r,l,t
0.0,23,0.004044
0.0,12,0.00573
0.0,32,0.010066
0.0,31,0.014585
0.0,59,0.023038
0.0,28,0.026911
0.0,18,0.029245
0.0,36,0.034019
0.0,30,0.038043
0.0,70,0.047119
0.0,119,0.063292
0.0,2,0.063593
0.0,33,0.067978
0.0,19,0.070539
0.0,85,0.082098
0.0,18,0.084517
0.0,70,0.094044
0.0,35,0.0987
0.0,108,0.113151
0.0,61,0.121463
0.0,63,0.129877
0.0,84,0.141403
0.0,25,0.144907
0.0,6,0.14573
0.0,115,0.162101
0.0,51,0.169511
0.0,127,0.187956
0.0,40,0.193352
0.0,176,0.216242
0.0,77,0.226215
0.0,157,0.2469
0.0,67,0.255766
0.0,16,0.257895
0.0,157,0.279176
0.0,911,0.401517
0.0,81,0.412374
0.0,274,0.449862
0.0,360,0.497939
0.0,709,0.594638
0.0,129,0.611706
0.0,51,0.618489
0.0,25,0.6218
0.0,535,0.69342
0.0,152,0.714299
0.0,294,0.753985
0.0,23,0.757178
0.0,44,0.763041
0.0,159,0.78431
0.0,175,0.807732
0.0,208,0.835837
0.0,24,0.839096
0.0,202,0.867116
0.0,219,0.896213
0.0,39,0.901361
0.0,331,0.945455
0.0,202,0.972874
0.0,216,1.002569
0.0,202,1.029512
0.0,9,1.030728
0.0,607,1.112424
0.0,196,1.139268
0.0,21,1.142035
0.0,764,1.245737
0.0,39,1.251104
0.0,2,1.251395
0.0,24,1.255036
0.0,29,1.258914
0.0,747,1.359383
0.0,559,1.434977
0.0,42,1.440623
0.0,84,1.45169
0.0,51,1.458368
0.0,27,1.461946
0.0,208,1.489723
0.0,65,1.498458
0.0,17,1.500732
0.0,57,1.508317
0.0,88,1.520714
0.0,82,1.532124
0.0,86,1.543486
0.0,59,1.551455
0.0,13,1.553187
0.0,122,1.569436
0.0,147,1.589
0.0,125,1.605495
0.0,111,1.62011
0.0,151,1.640671
0.0,154,1.662101
0.0,208,1.690897
0.0,194,1.717127
0.0,125,1.734346
0.0,65,1.743126
0.0,340,1.789566
0.0,314,1.832093
0.0,359,1.879948
0.0,15,1.881967
0.0,26,1.885399
0.0,118,1.901339
0.0,603,1.983206
0.0,714,2.080659
0.0,1000,2.216259
0.0,61,2.224351
0.0,45,2.230525
0.0,19,2.233039
0.0,142,2.251801
0.0,180,2.275769
0.0,86,2.287157
0.0,2,2.287452
0.0,194,2.313609
0.0,6,2.314438
0.0,70,2.32416
1.0,208,2.353013
0.0,32,2.357298
0.0,95,2.369868
0.0,198,2.396203
0.0,262,2.431
0.0,27,2.434874
0.0,14,2.436737
0.0,45,2.442681
0.0,190,2.468745
0.0,195,2.49552
0.0,25,2.498799
0.0,42,2.504423
0.0,497,2.571209
0.0,118,2.586875
0.0,290,2.626915
0.0,56,2.634416
0.0,231,2.664944
0.0,651,2.753389
0.0,30,2.757633
0.0,176,2.78114
0.0,18,2.783559
0.0,145,2.802804
0.0,88,2.81448
0.0,16,2.816629
0.0,9,2.81785
0.0,167,2.840254
0.0,398,2.894463
0.0,65,2.903133
0.0,11,2.904587
0.0,363,2.95343
0.0,350,3.000897
0.0,29,3.004742
0.0,41,3.0106
0.0,363,3.05867
0.0,24,3.061934
0.0,24,3.065126
0.0,218,3.093819
0.0,46,3.100002
1.0,207,3.127687
0.0,137,3.146929
0.0,116,3.162909
0.0,241,3.195943
0.0,84,3.206969
0.0,166,3.229128
0.0,83,3.240152
0.0,150,3.260974
0.0,372,3.311457
0.0,92,3.323799
0.0,27,3.327463
0.0,77,3.337582
0.0,418,3.393233
0.0,187,3.418671
0.0,278,3.456608
0.0,862,3.573697
0.0,390,3.625266
0.0,92,3.637415
0.0,200,3.664774
0.0,68,3.674416
1.0,97,3.687863
0.0,21,3.690816
0.0,389,3.743511
0.0,10,3.744852
0.0,103,3.75844
0.0,407,3.81383
0.0,184,3.839011
0.0,406,3.893502
0.0,30,3.897494
0.0,129,3.914441
0.0,87,3.926222
0.0,319,3.969864
0.0,432,4.027129
0.0,110,4.041626
0.0,44,4.047595
0.0,696,4.142482
1.0,93,4.154762
0.0,21,4.157526
1.0,53,4.164737
0.0,25,4.168432
1.0,74,4.178313
1.0,52,4.185494
0.0,12,4.187083
0.0,269,4.224097
1.0,71,4.233668
0.0,387,4.285109
0.0,337,4.330919
1.0,45,4.337035
0.0,35,4.342223
1.0,44,4.3482
0.0,40,4.353694
1.0,69,4.363529
0.0,21,4.366364
0.0,32,4.370669
1.0,52,4.377682
1.0,38,4.382817
1.0,54,4.390098
1.0,45,4.39619
0.0,6,4.397025
1.0,38,4.402141
1.0,38,4.40727
1.0,48,4.413718
1.0,48,4.420159
1.0,48,4.426656
1.0,53,4.43378
1.0,42,4.439445
1.0,44,4.445373
1.0,47,4.45171
1.0,40,4.45715
1.0,46,4.463547
0.0,32,4.467865
1.0,42,4.47352
1.0,46,4.479741
0.0,23,4.48335
1.0,39,4.488651
0.0,272,4.525732
1.0,46,4.531918
1.0,43,4.537735
0.0,15,4.539749
1.0,53,4.546844
1.0,61,4.55496
1.0,42,4.560642
1.0,45,4.566771
1.0,43,4.572524
0.0,32,4.576876
1.0,50,4.583546
1.0,42,4.58917
0.0,32,4.593499
0.0,33,4.598138
0.0,36,4.602987
0.0,36,4.607979
1.0,49,4.614541
1.0,50,4.621594
1.0,45,4.627886
0.0,29,4.631803
0.0,11,4.633336
1.0,51,4.640209
1.0,48,4.64729
1.0,41,4.652781
1.0,45,4.658863
0.0,11,4.660343
1.0,38,4.665501
0.0,9,4.666721
0.0,19,4.669576
0.0,4,4.670152
0.0,33,4.674572
1.0,44,4.680529
0.0,21,4.683343
0.0,20,4.686334
1.0,40,4.691765
1.0,44,4.69789
1.0,44,4.703949
1.0,46,4.710158
1.0,45,4.716333
1.0,39,4.721584
0.0,242,4.755858
1.0,39,4.761196
1.0,40,4.766778
0.0,21,4.770028
1.0,42,4.775899
1.0,40,4.781372
0.0,398,4.834912
1.0,43,4.840775
0.0,25,4.844096
1.0,45,4.85017
1.0,43,4.855903
1.0,42,4.861458
1.0,40,4.866886
0.0,20,4.86953
1.0,40,4.875122
0.0,6,4.875935
0.0,23,4.879082
1.0,40,4.884521
1.0,40,4.889901
0.0,34,4.894988
1.0,38,4.900218
1.0,41,4.905793
1.0,44,4.912106
0.0,13,4.914006
1.0,44,4.919849
1.0,42,4.925587
1.0,46,4.931782
0.0,6,4.932634
1.0,41,4.938079
1.0,40,4.943438
1.0,40,4.948797
1.0,51,4.95561
1.0,48,4.962018
1.0,42,4.96765
1.0,43,4.973382
1.0,50,4.980035
1.0,51,4.986804
0.0,30,4.990844
0.0,38,4.995959
0.0,32,5.000219
0.0,18,5.002642
0.0,33,5.00724
1.0,41,5.012758
1.0,42,5.018533
0.0,32,5.022848
1.0,43,5.028706
1.0,42,5.034691
0.0,14,5.037208
1.0,40,5.042698
1.0,40,5.048111
1.0,43,5.053899
1.0,39,5.059112
1.0,40,5.064547
1.0,47,5.070903
1.0,40,5.076235
0.0,32,5.080637
1.0,45,5.086643
0.0,37,5.091595
1.0,41,5.097063
1.0,44,5.102993
0.0,31,5.107104
0.0,24,5.110364
1.0,38,5.115425
1.0,40,5.120791
0.0,30,5.124884
1.0,46,5.131049
0.0,37,5.13597
1.0,38,5.141178
1.0,41,5.147248
1.0,42,5.15302
1.0,46,5.16013
1.0,45,5.166428
0.0,18,5.169225
1.0,42,5.17497
1.0,43,5.181458
1.0,42,5.187413
1.0,39,5.192775
0.0,21,5.195669
1.0,38,5.200781
1.0,45,5.206816
1.0,48,5.213195
1.0,44,5.219265
1.0,43,5.225135
1.0,39,5.230319
1.0,38,5.235734
1.0,48,5.242252
0.0,22,5.245193
1.0,38,5.25035
0.0,25,5.253732
0.0,34,5.258403
1.0,46,5.264645
1.0,45,5.270727
1.0,47,5.277074
0.0,11,5.27858
1.0,39,5.28436
1.0,52,5.291463
0.0,36,5.296583
1.0,40,5.302505
1.0,42,5.308251
1.0,38,5.313487
0.0,32,5.317866
1.0,46,5.324599
0.0,8,5.325701
1.0,40,5.331208
1.0,47,5.337522
1.0,40,5.343135
1.0,45,5.349243
1.0,40,5.354709
1.0,46,5.361366
1.0,44,5.367327
1.0,42,5.373154
0.0,21,5.376015
1.0,38,5.381164
0.0,4,5.381726
1.0,44,5.387687
1.0,42,5.393368
1.0,42,5.399055
0.0,11,5.40056
1.0,40,5.406073
1.0,41,5.411617
0.0,22,5.414589
1.0,45,5.420797
0.0,23,5.423937
0.0,25,5.427329
0.0,25,5.430809
0.0,9,5.432032
0.0,14,5.433921
0.0,33,5.438378
1.0,51,5.445896
1.0,39,5.451302
1.0,45,5.457363
1.0,51,5.464632
1.0,44,5.470707
1.0,42,5.476415
1.0,38,5.481662
0.0,36,5.486498
0.0,19,5.489082
1.0,41,5.494573
1.0,42,5.500154
1.0,39,5.505502
0.0,9,5.506737
1.0,40,5.512132
0.0,36,5.516909
0.0,20,5.519691
1.0,40,5.525117
0.0,28,5.529004
0.0,13,5.530748
1.0,46,5.537082
1.0,42,5.542884
1.0,39,5.54811
1.0,42,5.553717
1.0,44,5.559986
0.0,38,5.565043
1.0,46,5.571346
1.0,42,5.57705
1.0,47,5.583652
1.0,42,5.5896
0.0,11,5.59113
1.0,42,5.597253
1.0,39,5.602585
1.0,42,5.608281
1.0,44,5.614172
1.0,40,5.619484
1.0,42,5.625168
1.0,40,5.630535
1.0,40,5.636046
1.0,44,5.641927
1.0,39,5.64715
0.0,37,5.652103
1.0,42,5.657709
1.0,41,5.663203
1.0,42,5.669092
0.0,4,5.66967
0.0,26,5.673229
0.0,34,5.677786
0.0,31,5.681945
0.0,26,5.685736
1.0,43,5.69152
0.0,42,5.697473
1.0,43,5.703427
0.0,4,5.704054
1.0,41,5.709652
0.0,36,5.714909
1.0,44,5.721204
1.0,38,5.726294
1.0,41,5.731763
1.0,47,5.738496
1.0,41,5.744332
1.0,42,5.750294
1.0,45,5.756409
1.0,41,5.761997
1.0,46,5.768246
0.0,9,5.769477
0.0,13,5.771255
1.0,45,5.777311
1.0,42,5.782989
0.0,26,5.786565
1.0,48,5.793031
1.0,42,5.798689
0.0,15,5.800893
1.0,44,5.806821
1.0,47,5.813164
1.0,50,5.819912
0.0,8,5.821012
1.0,44,5.827088
0.0,2,5.827377
1.0,47,5.833896
1.0,43,5.839724
0.0,32,5.844219
1.0,38,5.849708
0.0,36,5.854733
1.0,47,5.861178
1.0,43,5.867208
1.0,46,5.873631
0.0,18,5.876247
1.0,42,5.881891
1.0,46,5.888134
1.0,41,5.893617
1.0,41,5.899212
0.0,31,5.903368
1.0,41,5.908838
1.0,42,5.914515
1.0,40,5.919859
0.0,8,5.920934
1.0,38,5.926021
1.0,46,5.932159
0.0,26,5.93571
1.0,40,5.941049
1.0,40,5.94643
1.0,46,5.952549
0.0,22,5.955461
1.0,42,5.961094
1.0,46,5.967419
0.0,7,5.968467
0.0,9,5.969678
1.0,45,5.975894
0.0,21,5.978844
1.0,39,5.98412
0.0,21,5.986912
1.0,40,5.992736
1.0,42,5.998749
1.0,42,6.004422
1.0,42,6.010067
1.0,40,6.016053
0.0,19,6.018604
1.0,40,6.024282
1.0,42,6.029979
1.0,40,6.036
1.0,40,6.041557
1.0,49,6.048181
0.0,15,6.050221
1.0,43,6.05604
1.0,47,6.062393
1.0,40,6.067801
0.0,28,6.071606
1.0,41,6.077136
0.0,21,6.079985
0.0,11,6.081484
1.0,48,6.087986
1.0,44,6.093928
1.0,41,6.099464
1.0,39,6.104728
0.0,11,6.106423
0.0,42,6.112087
0.0,25,6.115455
1.0,40,6.121009
0.0,11,6.122837
1.0,42,6.128799
1.0,45,6.135045
1.0,45,6.14111
0.0,7,6.1421
1.0,46,6.148614
1.0,45,6.154872
1.0,40,6.160248
0.0,36,6.165132
1.0,43,6.171263
1.0,44,6.177513
0.0,17,6.179882
0.0,19,6.182417
1.0,51,6.1896
0.0,21,6.192439
1.0,40,6.198025
0.0,15,6.200105
0.0,34,6.204654
0.0,6,6.205469
1.0,47,6.211739
0.0,15,6.213732
1.0,47,6.220236
1.0,38,6.225399
0.0,7,6.226344
1.0,46,6.232513
1.0,42,6.238129
1.0,38,6.243456
1.0,41,6.249025
1.0,41,6.254601
1.0,40,6.259933
0.0,4,6.260479
1.0,42,6.266572
1.0,42,6.272511
1.0,40,6.277911
1.0,41,6.283614
1.0,45,6.290112
0.0,39,6.295604
1.0,44,6.301626
1.0,50,6.308347
1.0,40,6.313882
0.0,30,6.317954
0.0,4,6.318505
1.0,45,6.324508
0.0,9,6.325761
1.0,44,6.331626
1.0,46,6.337767
0.0,13,6.339507
1.0,39,6.34488
0.0,11,6.346355
1.0,48,6.352869
1.0,38,6.35796
0.0,19,6.360562
1.0,41,6.366054
1.0,41,6.371576
1.0,44,6.377446
0.0,6,6.378255
1.0,42,6.38434
1.0,39,6.38977
1.0,40,6.395369
1.0,40,6.400684
1.0,48,6.407465
0.0,38,6.412789
0.0,22,6.415947
0.0,4,6.416698
1.0,40,6.422252
1.0,43,6.428241
0.0,21,6.431037
1.0,43,6.436825
1.0,41,6.4424
1.0,44,6.448281
0.0,25,6.451616
1.0,42,6.457223
0.0,11,6.458731
0.0,25,6.462068
1.0,43,6.467945
0.0,31,6.472112
0.0,10,6.473448
0.0,9,6.474676
1.0,38,6.479761
1.0,45,6.48579
1.0,44,6.49175
1.0,40,6.497156
0.0,10,6.498491
1.0,43,6.504388
1.0,43,6.510294
1.0,45,6.516242
1.0,41,6.521986
0.0,39,6.527442
1.0,40,6.53281
0.0,9,6.534015
1.0,42,6.540184
0.0,21,6.543254
1.0,43,6.549296
1.0,43,6.555069
0.0,9,6.556317
0.0,11,6.557853
1.0,41,6.563797
0.0,11,6.565277
1.0,41,6.571092
0.0,11,6.572576
1.0,44,6.578605
1.0,40,6.584183
0.0,40,6.589614
1.0,42,6.595225
1.0,52,6.602196
1.0,46,6.60833
0.0,39,6.613534
1.0,38,6.618711
0.0,13,6.620448
1.0,42,6.626082
1.0,38,6.63129
0.0,21,6.63413
0.0,35,6.638805
1.0,40,6.644137
1.0,42,6.650215
1.0,40,6.656059
1.0,46,6.662272
1.0,44,6.668725
1.0,50,6.675796
1.0,39,6.68132
1.0,41,6.687176
1.0,52,6.694749
1.0,44,6.700901
1.0,42,6.706595
1.0,40,6.712046
1.0,40,6.717463
0.0,27,6.721045
1.0,46,6.727233
1.0,40,6.73273
0.0,17,6.735
1.0,43,6.740751
1.0,46,6.746985
1.0,40,6.752376
0.0,35,6.757071
0.0,11,6.758571
1.0,48,6.765082
1.0,44,6.771094
1.0,39,6.776375
1.0,44,6.782326
1.0,43,6.788131
0.0,10,6.789487
0.0,33,6.794167
1.0,38,6.799365
1.0,41,6.805043
1.0,44,6.810996
1.0,42,6.817069
1.0,45,6.823487
1.0,40,6.828942
1.0,40,6.834679
0.0,30,6.838897
1.0,43,6.844971
1.0,41,6.850556
0.0,25,6.85394
0.0,6,6.854808
1.0,41,6.860358
1.0,42,6.866032
1.0,42,6.871639
0.0,33,6.876099
1.0,42,6.881755
1.0,39,6.88696
1.0,47,6.893274
0.0,34,6.897893
0.0,25,6.901228
1.0,43,6.90697
1.0,43,6.912759
1.0,38,6.917859
1.0,44,6.923817
1.0,48,6.930471
0.0,10,6.931853
0.0,11,6.933324
0.0,22,6.936324
0.0,35,6.941148
0.0,14,6.943057
0.0,19,6.945585
0.0,34,6.950146
1.0,44,6.956384
1.0,40,6.962134
0.0,19,6.964962
1.0,43,6.971139
1.0,40,6.976578
1.0,43,6.982312
1.0,40,6.987725
1.0,41,6.993324
1.0,41,6.998816
1.0,44,7.004693
1.0,42,7.010317
1.0,40,7.015682
1.0,49,7.022245
1.0,44,7.028154
0.0,17,7.030413
1.0,42,7.036135
0.0,17,7.038447
0.0,19,7.04098
1.0,42,7.046598
1.0,43,7.052342
1.0,38,7.057456
1.0,43,7.063181
0.0,36,7.068308
1.0,50,7.075253
1.0,42,7.0811
1.0,43,7.087194
0.0,23,7.090328
0.0,20,7.093139
0.0,4,7.093775
0.0,25,7.097298
0.0,35,7.101956
1.0,38,7.107424
0.0,27,7.111365
1.0,39,7.116799
1.0,39,7.122123
0.0,9,7.123395
1.0,47,7.129744
1.0,47,7.13617
0.0,25,7.139491
1.0,39,7.144984
1.0,43,7.150855
1.0,45,7.156807
1.0,45,7.162809
0.0,8,7.163888
1.0,46,7.170489
0.0,8,7.171643
1.0,42,7.177303
1.0,47,7.183766
1.0,42,7.189623
1.0,44,7.195527
0.0,14,7.19739
1.0,43,7.203352
1.0,40,7.208728
1.0,46,7.214967
1.0,38,7.220207
0.0,4,7.220755
0.0,6,7.221567
1.0,43,7.227408
1.0,42,7.233607
0.0,11,7.235152
1.0,43,7.241446
1.0,40,7.247116
1.0,40,7.252423
1.0,39,7.257751
0.0,23,7.260984
1.0,41,7.266544
1.0,46,7.272766
1.0,42,7.278892
0.0,25,7.282448
1.0,42,7.288124
1.0,42,7.293796
1.0,40,7.299343
1.0,39,7.304641
1.0,42,7.310336
1.0,43,7.316184
0.0,16,7.318347
0.0,6,7.319173
1.0,44,7.325126
1.0,44,7.331087
1.0,42,7.336812
1.0,40,7.342449
0.0,9,7.343726
1.0,43,7.349535
1.0,41,7.355176
1.0,47,7.361419
1.0,44,7.367976
1.0,42,7.373892
1.0,39,7.379242
1.0,40,7.385026
1.0,49,7.391912
1.0,41,7.397497
1.0,40,7.402893
1.0,40,7.408223
0.0,13,7.410101
1.0,46,7.416308
0.0,24,7.41949
1.0,42,7.425278
1.0,43,7.430974
1.0,44,7.436838
1.0,41,7.442337
1.0,44,7.448275
0.0,13,7.450016
0.0,34,7.45454
1.0,43,7.460284
0.0,20,7.462983
1.0,44,7.46886
0.0,26,7.472358
1.0,45,7.478572
1.0,42,7.484214
1.0,52,7.4915
1.0,46,7.497621
0.0,24,7.500835
1.0,41,7.506915
1.0,43,7.513006
0.0,21,7.516246
0.0,27,7.519942
1.0,46,7.526233
0.0,30,7.530509
0.0,20,7.533268
0.0,4,7.533833
1.0,39,7.539203
1.0,40,7.54453
1.0,42,7.550134
1.0,41,7.555717
1.0,41,7.56127
1.0,49,7.567813
1.0,47,7.574095
1.0,43,7.579829
0.0,13,7.581567
1.0,42,7.587245
1.0,46,7.593466
1.0,42,7.599108
0.0,4,7.599658
0.0,25,7.603038
1.0,45,7.609019
1.0,44,7.615174
1.0,43,7.621002
0.0,10,7.62234
1.0,39,7.627748
0.0,29,7.631701
1.0,48,7.638596
1.0,43,7.644608
1.0,42,7.650456
0.0,25,7.653853
0.0,13,7.655669
1.0,40,7.661564
0.0,11,7.663131
1.0,43,7.669593
1.0,40,7.675157
1.0,40,7.680596
1.0,42,7.68651
0.0,23,7.689641
0.0,14,7.691541
0.0,8,7.692656
1.0,40,7.698257
1.0,41,7.703759
1.0,45,7.709763
1.0,41,7.715477
0.0,32,7.71983
0.0,8,7.720905
0.0,8,7.721977
1.0,42,7.727711
0.0,9,7.728926
0.0,39,7.734136
1.0,42,7.739782
1.0,44,7.745712
0.0,36,7.750661
1.0,40,7.75626
0.0,23,7.759449
1.0,47,7.765996
1.0,45,7.772084
0.0,27,7.775733
1.0,39,7.781428
1.0,43,7.787567
0.0,21,7.790889
1.0,42,7.796591
0.0,6,7.79742
0.0,35,7.80234
0.0,29,7.806286
0.0,34,7.810904
0.0,27,7.814557
1.0,42,7.820241
1.0,40,7.825728
1.0,38,7.830886
0.0,33,7.835416
1.0,44,7.84137
1.0,47,7.84814
0.0,13,7.850068
1.0,41,7.855623
1.0,43,7.861395
1.0,44,7.867322
0.0,6,7.868129
1.0,43,7.873944
1.0,43,7.879692
1.0,42,7.885305
0.0,17,7.887638
1.0,47,7.894239
0.0,16,7.896399
1.0,41,7.902133
1.0,46,7.908373
1.0,40,7.913675
0.0,25,7.917573
1.0,38,7.922991
1.0,45,7.929021
1.0,40,7.934391
0.0,19,7.93741
1.0,42,7.94313
1.0,43,7.949158
0.0,33,7.953621
0.0,4,7.954207
0.0,27,7.957818
1.0,40,7.963385
0.0,6,7.964199
1.0,41,7.969729
1.0,38,7.974852
1.0,45,7.980908
0.0,9,7.982116
0.0,33,7.98666
0.0,32,7.990937
1.0,40,7.996307
1.0,40,8.00167
1.0,45,8.007716
1.0,40,8.013077
1.0,46,8.019337
0.0,9,8.020547
0.0,29,8.024429
0.0,37,8.029572
1.0,41,8.035125
1.0,40,8.041079
0.0,32,8.045459
1.0,46,8.05193
1.0,40,8.057509
0.0,19,8.060105
1.0,42,8.0663
1.0,39,8.071893
1.0,39,8.077152
1.0,40,8.082652
1.0,46,8.08883
1.0,40,8.094278
1.0,40,8.099776
1.0,40,8.105121
0.0,11,8.106592
1.0,38,8.111758
0.0,6,8.112572
0.0,8,8.113644
1.0,38,8.118748
1.0,47,8.125016
1.0,46,8.131364
1.0,42,8.136975
1.0,43,8.142728
1.0,41,8.148277
1.0,51,8.155108
0.0,15,8.157115
1.0,42,8.162754
0.0,27,8.166734
1.0,42,8.17275
0.0,30,8.176939
1.0,38,8.182161
0.0,23,8.185873
1.0,42,8.191878
1.0,40,8.19729
0.0,32,8.201548
0.0,9,8.2028
0.0,10,8.204598
1.0,41,8.210189
1.0,46,8.216759
1.0,40,8.222165
1.0,38,8.227409
1.0,41,8.232903
1.0,43,8.238646
1.0,40,8.24413
1.0,44,8.250018
1.0,40,8.255383
1.0,45,8.261519
1.0,43,8.26751
1.0,40,8.272916
1.0,40,8.278334
0.0,33,8.282842
1.0,45,8.288928
1.0,40,8.294384
0.0,36,8.299258
1.0,39,8.304724
1.0,48,8.311201
0.0,4,8.311762
1.0,43,8.317708
0.0,26,8.321261
1.0,40,8.327149
0.0,21,8.330024
1.0,47,8.336648
1.0,40,8.342077
0.0,17,8.344393
1.0,38,8.350035
0.0,11,8.351545
1.0,40,8.357216
0.0,32,8.361631
1.0,38,8.366763
0.0,8,8.367837
1.0,45,8.373862
0.0,43,8.379649
1.0,43,8.385379
0.0,4,8.385929
1.0,48,8.392464
0.0,27,8.396126
0.0,36,8.400935
1.0,48,8.407379
1.0,40,8.412681
1.0,46,8.418846
0.0,27,8.422466
1.0,42,8.428101
1.0,42,8.433976
1.0,40,8.439519
1.0,42,8.445194
1.0,46,8.45176
1.0,43,8.457669
1.0,44,8.463614
0.0,9,8.464831
1.0,39,8.470653
1.0,44,8.476741
1.0,47,8.483282
1.0,41,8.489017
0.0,19,8.49164
1.0,40,8.497554
1.0,45,8.503599
0.0,36,8.508931
0.0,38,8.514015
0.0,10,8.515458
1.0,42,8.521035
1.0,40,8.526426
1.0,43,8.532265
1.0,44,8.538128
1.0,40,8.543588
0.0,4,8.544156
1.0,46,8.550399
1.0,42,8.556063
0.0,21,8.558993
1.0,38,8.564121
1.0,39,8.56933
0.0,21,8.572122
0.0,39,8.577566
1.0,45,8.583761
1.0,38,8.588984
1.0,47,8.595315
0.0,6,8.596128
1.0,45,8.602636
1.0,43,8.608786
1.0,45,8.614847
1.0,42,8.620961
1.0,41,8.626723
1.0,41,8.632328
1.0,42,8.637974
1.0,40,8.643369
1.0,39,8.648585
1.0,41,8.654064
0.0,9,8.655273
1.0,41,8.660851
0.0,9,8.662059
0.0,11,8.663538
1.0,42,8.669374
0.0,22,8.672325
1.0,44,8.678263
1.0,44,8.684188
0.0,34,8.68909
1.0,41,8.69506
0.0,13,8.696806
1.0,38,8.701899
1.0,43,8.707678
1.0,44,8.713914
1.0,40,8.719476
1.0,43,8.725254
1.0,50,8.732155
0.0,15,8.734167
0.0,13,8.735892
0.0,6,8.736708
1.0,49,8.743851
0.0,32,8.748381
0.0,32,8.753116
0.0,42,8.758869
1.0,38,8.764179
1.0,42,8.769879
1.0,41,8.775477
1.0,45,8.781557
1.0,41,8.787134
0.0,9,8.788374
1.0,44,8.794328
1.0,42,8.800018
1.0,43,8.805825
1.0,45,8.811927
1.0,44,8.817868
1.0,41,8.823409
0.0,13,8.825178
1.0,43,8.830994
1.0,47,8.837327
0.0,11,8.838823
1.0,43,8.844639
1.0,39,8.849931
1.0,38,8.855216
1.0,46,8.861346
0.0,8,8.862452
0.0,21,8.865375
0.0,4,8.865923
1.0,51,8.873332
0.0,19,8.87601
0.0,21,8.87914
1.0,44,8.885201
0.0,13,8.886967
0.0,39,8.89253
1.0,48,8.899303
1.0,38,8.904485
1.0,40,8.909872
1.0,46,8.916048
1.0,41,8.921596
1.0,42,8.927251
1.0,45,8.933295
1.0,50,8.939947
1.0,41,8.945441
1.0,41,8.950947
0.0,32,8.955188
0.0,27,8.958852
1.0,43,8.96466
1.0,50,8.971301
1.0,46,8.977479
1.0,44,8.983402
0.0,9,8.984614
0.0,4,8.985159
0.0,37,8.990297
1.0,39,8.995593
1.0,42,9.001485
1.0,41,9.006979
1.0,39,9.012264
1.0,44,9.018682
0.0,6,9.019546
0.0,17,9.022061
1.0,46,9.028366
1.0,42,9.034328
1.0,47,9.04098
1.0,40,9.046567
1.0,42,9.05233
1.0,43,9.058527
1.0,40,9.064232
0.0,10,9.065578
0.0,12,9.067255
1.0,42,9.072946
0.0,6,9.07377
1.0,41,9.079366
1.0,42,9.084994
1.0,40,9.090358
1.0,39,9.095628
1.0,43,9.101394
1.0,44,9.10734
1.0,42,9.113024
0.0,27,9.11667
1.0,39,9.121861
1.0,44,9.128144
1.0,38,9.133423
0.0,8,9.134506
1.0,45,9.140839
1.0,44,9.147197
1.0,42,9.153176
1.0,43,9.159118
1.0,38,9.164743
1.0,43,9.171073
1.0,48,9.177592
1.0,48,9.184058
0.0,19,9.187048
1.0,43,9.192858
0.0,19,9.195397
0.0,6,9.196208
0.0,15,9.198308
0.0,24,9.201645
1.0,45,9.207713
1.0,45,9.213755
1.0,44,9.219658
1.0,42,9.225467
1.0,42,9.231194
1.0,45,9.237256
0.0,4,9.237809
0.0,4,9.238357
1.0,38,9.243421
0.0,25,9.246795
1.0,40,9.252156
0.0,41,9.257717
1.0,40,9.263214
0.0,8,9.264292
1.0,38,9.269779
0.0,17,9.272053
1.0,44,9.278164
0.0,4,9.278722
0.0,35,9.283387
1.0,45,9.290011
1.0,40,9.295805
1.0,46,9.302208
0.0,23,9.305319
1.0,44,9.311719
0.0,39,9.317205
1.0,43,9.323177
1.0,40,9.328541
1.0,44,9.334508
1.0,45,9.340671
0.0,26,9.344127
0.0,21,9.346967
0.0,34,9.351538
1.0,45,9.357548
0.0,4,9.358099
1.0,54,9.365309
1.0,41,9.370853
0.0,4,9.371408
0.0,16,9.373532
1.0,42,9.379325
1.0,48,9.385783
1.0,42,9.39145
0.0,6,9.392281
1.0,43,9.397992
1.0,38,9.403425
0.0,34,9.407997
1.0,44,9.414018
1.0,40,9.419414
1.0,38,9.424506
1.0,49,9.431751
0.0,21,9.434602
1.0,46,9.441256
0.0,8,9.442338
1.0,42,9.448229
1.0,41,9.453824
0.0,2,9.454113
1.0,42,9.459726
1.0,41,9.465273
1.0,40,9.470644
0.0,27,9.474241
1.0,42,9.479907
1.0,40,9.485298
0.0,27,9.489012
0.0,17,9.491323
0.0,6,9.492132
1.0,42,9.497753
0.0,18,9.50019
1.0,42,9.50592
1.0,43,9.511779
1.0,42,9.517396
1.0,44,9.523322
0.0,33,9.527893
1.0,47,9.534277
1.0,44,9.540416
1.0,40,9.545875
1.0,46,9.552128
1.0,42,9.557829
0.0,29,9.562116
1.0,38,9.56778
1.0,42,9.573411
1.0,42,9.579288
1.0,42,9.58542
1.0,42,9.591307
0.0,37,9.596408
1.0,44,9.602471
1.0,40,9.607911
1.0,38,9.612972
1.0,42,9.618586
1.0,42,9.624289
1.0,40,9.629687
1.0,46,9.636371
1.0,44,9.64269
1.0,43,9.648467
1.0,40,9.653824
1.0,41,9.659324
0.0,11,9.660852
1.0,38,9.665951
1.0,42,9.672024
0.0,8,9.673125
0.0,9,9.674337
0.0,30,9.678672
1.0,44,9.684649
1.0,40,9.690947
1.0,44,9.697095
0.0,19,9.699717
1.0,45,9.705941
1.0,46,9.712615
0.0,19,9.715307
1.0,41,9.721057
1.0,45,9.727215
1.0,42,9.732874
0.0,27,9.736538
1.0,44,9.742487
1.0,41,9.747971
0.0,39,9.753285
1.0,45,9.759376
0.0,36,9.764548
1.0,40,9.770125
1.0,38,9.775369
1.0,42,9.781033
1.0,42,9.786726
1.0,41,9.792379
0.0,4,9.792937
0.0,11,9.794435
1.0,43,9.800252
0.0,30,9.80437
0.0,31,9.808575
0.0,8,9.809671
1.0,41,9.815213
1.0,42,9.821085
1.0,52,9.828251
1.0,46,9.835023
1.0,46,9.841238
0.0,34,9.845951
1.0,44,9.852132
1.0,38,9.85767
1.0,43,9.863537
1.0,38,9.868749
1.0,40,9.874186
0.0,12,9.875793
1.0,46,9.881968
0.0,11,9.883446
1.0,43,9.889206
0.0,9,9.890417
1.0,44,9.896342
1.0,47,9.90267
1.0,39,9.908016
0.0,9,9.909262
1.0,40,9.914648
1.0,46,9.920802
1.0,42,9.926406
0.0,10,9.927788
1.0,42,9.933446
0.0,8,9.934532
0.0,32,9.938792
0.0,11,9.940298
1.0,41,9.94595
1.0,44,9.951835
1.0,42,9.957722
1.0,40,9.963267
1.0,45,9.96923
0.0,42,9.975398
1.0,42,9.981331
0.0,22,9.984237
0.0,21,9.98716
1.0,45,9.99345
0.0,9,9.994776
0.0,35,9.999588
1.0,42,10.005215
0.0,8,10.006295
1.0,43,10.012097
0.0,32,10.016389
1.0,42,10.022151
0.0,11,10.023632
1.0,43,10.029431
1.0,40,10.034783
1.0,44,10.040646
1.0,41,10.046112
1.0,42,10.051728
0.0,34,10.056409
1.0,42,10.062014
1.0,43,10.067756
1.0,38,10.07284
1.0,48,10.079237
1.0,40,10.084547
1.0,51,10.091709
0.0,15,10.093823
0.0,8,10.094902
1.0,45,10.101066
0.0,6,10.10188
1.0,44,10.107788
1.0,45,10.114095
0.0,25,10.118012
0.0,33,10.122633
0.0,11,10.124189
1.0,39,10.129441
1.0,47,10.135925
0.0,37,10.140919
1.0,42,10.146953
1.0,38,10.152083
0.0,21,10.15492
1.0,38,10.1601
0.0,8,10.16146
1.0,42,10.167212
1.0,38,10.172707
1.0,44,10.1789
0.0,8,10.180003
0.0,11,10.181499
1.0,38,10.187053
0.0,34,10.191668
0.0,32,10.196012
1.0,42,10.201683
0.0,29,10.205608
1.0,44,10.211646
0.0,22,10.214615
0.0,36,10.219466
0.0,13,10.221232
0.0,9,10.222464
1.0,46,10.228918
1.0,46,10.235165
0.0,10,10.236524
1.0,45,10.242581
0.0,10,10.243952
1.0,40,10.249493
0.0,9,10.250795
1.0,41,10.256732
1.0,50,10.263578
0.0,23,10.266683
1.0,45,10.272806
1.0,44,10.278857
1.0,44,10.28483
1.0,39,10.290095
0.0,27,10.293761
0.0,40,10.299175
0.0,14,10.301069
0.0,4,10.301627
1.0,44,10.30758
0.0,21,10.310433
0.0,36,10.315308
1.0,39,10.320662
0.0,27,10.324327
1.0,46,10.330555
1.0,40,10.335971
0.0,28,10.339754
0.0,6,10.340582
1.0,47,10.346915
1.0,42,10.352588
1.0,39,10.357982
1.0,40,10.363348
1.0,45,10.369563
1.0,52,10.376653
1.0,42,10.382388
0.0,4,10.382945
1.0,40,10.388309
1.0,50,10.395666
1.0,39,10.401325
0.0,8,10.402414
1.0,38,10.407613
0.0,32,10.412049
1.0,40,10.417426
1.0,42,10.423117
0.0,11,10.424634
0.0,23,10.427734
1.0,43,10.433621
1.0,39,10.438824
1.0,40,10.444173
1.0,40,10.449547
1.0,38,10.454624
1.0,38,10.459686
1.0,44,10.465583
1.0,42,10.471274
0.0,33,10.475659
1.0,43,10.481424
0.0,34,10.48597
0.0,40,10.491267
0.0,21,10.494121
1.0,44,10.500277
1.0,41,10.505926
1.0,45,10.512213
1.0,43,10.518373
1.0,43,10.524294
1.0,47,10.530699
1.0,40,10.536108
1.0,40,10.542013
1.0,39,10.547331
1.0,43,10.553139
1.0,43,10.559009
1.0,42,10.564612
0.0,19,10.56714
1.0,46,10.573282
0.0,10,10.57462
1.0,46,10.580773
1.0,44,10.586809
1.0,40,10.592167
1.0,41,10.597644
1.0,43,10.603402
1.0,40,10.608783
0.0,23,10.611811
1.0,40,10.617157
1.0,42,10.622821
1.0,42,10.628497
1.0,46,10.63461
1.0,41,10.640452
1.0,45,10.646524
1.0,46,10.652651
0.0,31,10.656837
1.0,44,10.663517
1.0,42,10.669372
0.0,40,10.674802
1.0,39,10.680463
1.0,43,10.68669
1.0,46,10.693072
0.0,10,10.694452
1.0,46,10.701141
0.0,19,10.703763
0.0,11,10.705239
1.0,40,10.710603
0.0,9,10.711815
1.0,46,10.71796
1.0,40,10.723334
1.0,43,10.729082
1.0,50,10.735879
1.0,38,10.740973
1.0,41,10.746441
0.0,31,10.750556
0.0,32,10.754907
0.0,17,10.757182
0.0,25,10.760508
1.0,47,10.766776
0.0,23,10.769901
0.0,19,10.772439
0.0,18,10.775197
1.0,47,10.781512
1.0,40,10.78697
0.0,9,10.788185
1.0,40,10.793606
1.0,42,10.799523
0.0,20,10.802311
1.0,40,10.808301
1.0,48,10.814951
1.0,42,10.820652
1.0,44,10.826588
1.0,49,10.833335
1.0,42,10.839109
0.0,17,10.841803
1.0,38,10.84708
0.0,39,10.852456
1.0,40,10.857926
1.0,40,10.863278
0.0,35,10.867947
0.0,33,10.872377
1.0,47,10.878665
1.0,43,10.884429
1.0,40,10.889851
1.0,41,10.89531
0.0,15,10.897329
1.0,44,10.903203
1.0,38,10.908286
0.0,13,10.91021
0.0,38,10.915443
1.0,42,10.921341
1.0,38,10.926563
0.0,4,10.927284
0.0,9,10.928854
1.0,50,10.935681
1.0,41,10.941309
1.0,41,10.946861
1.0,45,10.95357
1.0,42,10.959228
1.0,42,10.965061
1.0,42,10.970784
1.0,42,10.976434
1.0,45,10.98244
1.0,43,10.988192
0.0,9,10.989396
1.0,47,10.995703
0.0,10,10.997043
1.0,38,11.002275
1.0,40,11.007628
1.0,40,11.012962
1.0,41,11.018442
1.0,41,11.023973
1.0,40,11.029354
0.0,17,11.031672
0.0,32,11.035937
1.0,38,11.041201
0.0,29,11.045077
0.0,28,11.049104
1.0,42,11.05492
1.0,46,11.061294
0.0,22,11.064228
1.0,51,11.071622
1.0,43,11.077641
0.0,6,11.078442
0.0,27,11.082091
0.0,43,11.087952
0.0,6,11.088859
1.0,47,11.095718
0.0,14,11.097597
1.0,41,11.103135
1.0,43,11.108925
1.0,46,11.115286
1.0,46,11.121411
0.0,27,11.12504
0.0,45,11.131075
0.0,22,11.133996
1.0,46,11.140166
1.0,43,11.14597
1.0,49,11.152632
0.0,15,11.154658
1.0,48,11.161067
1.0,38,11.166128
1.0,41,11.171865
1.0,45,11.177921
0.0,26,11.181381
1.0,40,11.187309
1.0,43,11.193245
1.0,47,11.199608
0.0,21,11.202436
1.0,47,11.208734
1.0,45,11.215824
1.0,42,11.221473
1.0,43,11.227407
1.0,46,11.233637
1.0,42,11.239355
1.0,42,11.24496
1.0,38,11.250109
1.0,43,11.25585
1.0,48,11.262228
1.0,40,11.267715
0.0,18,11.270139
1.0,46,11.276274
0.0,30,11.280438
1.0,42,11.28608
1.0,44,11.291961
1.0,47,11.298298
1.0,42,11.304064
0.0,11,11.305534
1.0,39,11.31072
1.0,42,11.316334
0.0,15,11.318331
1.0,44,11.324536
1.0,48,11.331192
0.0,35,11.336484
0.0,13,11.338262
0.0,20,11.341199
1.0,46,11.347388
0.0,34,11.351965
1.0,38,11.357538
0.0,6,11.358354
1.0,41,11.363923
1.0,39,11.369115
1.0,38,11.37422
0.0,29,11.37814
1.0,46,11.3845
0.0,8,11.385569
1.0,45,11.391513
1.0,49,11.398067
1.0,42,11.403663
1.0,38,11.408746
1.0,44,11.414653
0.0,27,11.41837
1.0,42,11.423976
1.0,42,11.429617
1.0,40,11.434964
1.0,49,11.442024
1.0,41,11.447724
1.0,46,11.453881
0.0,27,11.45787
0.0,32,11.462243
1.0,41,11.467683
0.0,8,11.468868
1.0,43,11.474621
0.0,17,11.47695
1.0,40,11.482909
1.0,41,11.48857
1.0,44,11.494633
0.0,27,11.498561
1.0,43,11.504681
1.0,40,11.510271
1.0,41,11.515796
1.0,38,11.520885
1.0,38,11.525997
1.0,48,11.532578
0.0,23,11.535655
1.0,45,11.541685
1.0,43,11.547397
1.0,45,11.55338
1.0,43,11.559155
1.0,42,11.564786
1.0,46,11.571185
0.0,23,11.574261
1.0,44,11.580439
1.0,42,11.586051
0.0,4,11.586629
1.0,39,11.591954
1.0,39,11.597452
0.0,21,11.600331
1.0,42,11.606333
1.0,44,11.612274
1.0,41,11.617754
1.0,44,11.62414
0.0,6,11.624987
0.0,29,11.629217
1.0,42,11.634851
1.0,42,11.640854
1.0,40,11.646405
1.0,40,11.652041
1.0,40,11.657446
1.0,44,11.663441
1.0,48,11.670319
0.0,36,11.675358
1.0,44,11.681371
0.0,12,11.682983
1.0,42,11.688956
1.0,39,11.694178
1.0,43,11.699925
1.0,40,11.705272
1.0,38,11.710354
1.0,41,11.71584
0.0,8,11.716921
0.0,31,11.721194
1.0,40,11.726591
1.0,38,11.731678
1.0,40,11.737326
1.0,44,11.743366
1.0,47,11.75014
1.0,38,11.755499
1.0,43,11.761482
0.0,39,11.76727
1.0,48,11.773945
0.0,31,11.77815
0.0,9,11.779431
0.0,9,11.78067
1.0,40,11.786081
1.0,40,11.791516
0.0,33,11.796038
0.0,9,11.797235
1.0,44,11.803156
1.0,45,11.809191
0.0,44,11.815074
0.0,25,11.818391
1.0,41,11.823901
1.0,41,11.829444
1.0,44,11.835433
1.0,40,11.840722
0.0,31,11.844864
1.0,40,11.850309
1.0,41,11.855813
1.0,43,11.86155
0.0,22,11.864501
1.0,39,11.870156
1.0,45,11.876189
1.0,48,11.882746
0.0,27,11.886821
1.0,45,11.893062
0.0,11,11.894533
1.0,40,11.90014
1.0,48,11.906518
1.0,40,11.912409
1.0,40,11.918029
1.0,51,11.92493
1.0,47,11.931339
1.0,45,11.937413
1.0,41,11.942896
1.0,41,11.948514
1.0,40,11.953851
1.0,42,11.95941
0.0,8,11.960521
1.0,40,11.965859
0.0,6,11.966672
0.0,29,11.970556
1.0,41,11.976045
1.0,38,11.981133
1.0,41,11.986735
0.0,17,11.989026
0.0,34,11.993662
1.0,44,11.999567
0.0,13,12.001308
1.0,40,12.006967
0.0,32,12.011418
1.0,38,12.016744
0.0,11,12.018211
1.0,40,12.023715
1.0,43,12.029869
0.0,10,12.031327
0.0,23,12.03448
1.0,40,12.040211
0.0,13,12.04194
1.0,39,12.047167
1.0,42,12.053305
0.0,41,12.059739
1.0,41,12.065574
1.0,56,12.073623
0.0,21,12.076513
1.0,44,12.082725
1.0,38,12.087834
0.0,34,12.092409
1.0,41,12.098021
0.0,22,12.101017
1.0,46,12.107154
0.0,13,12.108886
1.0,42,12.114636
1.0,41,12.120081
1.0,42,12.125696
1.0,40,12.131111
1.0,42,12.136787
1.0,39,12.141988
1.0,44,12.148409
0.0,19,12.150944
1.0,42,12.156645
1.0,41,12.162639
1.0,44,12.168828
1.0,44,12.175732
1.0,44,12.182222
1.0,39,12.187881
1.0,41,12.193634
0.0,36,12.198488
1.0,44,12.204663
0.0,14,12.206591
1.0,46,12.212812
1.0,48,12.219205
0.0,37,12.224146
1.0,41,12.229682
0.0,21,12.232513
1.0,43,12.238255
1.0,41,12.243755
1.0,44,12.249681
1.0,45,12.255747
0.0,17,12.258057
0.0,10,12.25945
1.0,43,12.265243
1.0,42,12.270977
1.0,39,12.276281
1.0,40,12.281713
1.0,45,12.288147
0.0,40,12.293521
0.0,30,12.297641
1.0,45,12.304102
1.0,38,12.309381
1.0,38,12.314581
1.0,49,12.321212
0.0,29,12.325652
1.0,41,12.33125
0.0,21,12.334173
1.0,42,12.339873
1.0,41,12.345405
0.0,8,12.3465
1.0,47,12.352898
0.0,11,12.354394
0.0,6,12.35522
1.0,42,12.360915
0.0,27,12.364674
1.0,41,12.370209
1.0,41,12.375681
1.0,41,12.38113
1.0,42,12.38683
0.0,31,12.391032
0.0,21,12.393922
0.0,6,12.394738
0.0,27,12.398355
0.0,31,12.402632
1.0,42,12.408258
1.0,44,12.414138
1.0,41,12.419627
0.0,4,12.420442
0.0,30,12.42448
1.0,38,12.429585
1.0,42,12.435308
1.0,44,12.441205
1.0,42,12.447343
1.0,42,12.453408
0.0,32,12.457643
0.0,27,12.461274
0.0,11,12.46275
1.0,43,12.469055
1.0,41,12.47448
1.0,41,12.480349
1.0,38,12.485495
1.0,40,12.490859
1.0,41,12.496325
0.0,27,12.499954
1.0,42,12.505731
1.0,42,12.511348
0.0,11,12.512952
0.0,25,12.516327
1.0,44,12.522204
1.0,43,12.527937
1.0,42,12.533604
1.0,38,12.538687
1.0,42,12.544264
1.0,38,12.549385
0.0,21,12.552307
1.0,40,12.557966
1.0,43,12.563786
1.0,38,12.569041
1.0,44,12.575339
1.0,46,12.581762
1.0,46,12.588573
1.0,39,12.594257
1.0,40,12.59989
0.0,35,12.604625
0.0,4,12.605179
1.0,44,12.611046
0.0,13,12.612813
1.0,43,12.618597
0.0,21,12.621394
1.0,39,12.626737
0.0,17,12.629061
1.0,46,12.635251
1.0,39,12.640594
0.0,15,12.642586
0.0,36,12.647928
0.0,21,12.65072
0.0,20,12.653576
0.0,25,12.656899
1.0,42,12.662536
0.0,39,12.66781
0.0,10,12.66924
1.0,47,12.675757
1.0,43,12.681648
0.0,29,12.685726
0.0,30,12.689847
0.0,2,12.690134
1.0,42,12.696012
1.0,42,12.701923
0.0,4,12.702487
1.0,41,12.708117
1.0,39,12.713327
1.0,42,12.719474
1.0,43,12.725666
1.0,44,12.731584
1.0,45,12.737608
1.0,42,12.743846
0.0,9,12.745297
1.0,43,12.75104
1.0,38,12.756139
1.0,41,12.761752
0.0,23,12.764857
1.0,40,12.770291
1.0,42,12.776026
1.0,45,12.782238
0.0,15,12.784336
1.0,40,12.789744
1.0,41,12.795317
1.0,40,12.800717
0.0,13,12.802517
1.0,44,12.808471
0.0,21,12.81135
1.0,44,12.817424
1.0,38,12.822596
0.0,20,12.825297
1.0,38,12.830445
0.0,13,12.832218
1.0,48,12.838882
1.0,45,12.84501
0.0,31,12.849204
1.0,42,12.854973
1.0,40,12.860739
0.0,11,12.862288
1.0,40,12.867833
1.0,42,12.873888
1.0,42,12.879505
1.0,43,12.885422
1.0,46,12.891834
0.0,8,12.892919
0.0,6,12.893733
1.0,42,12.89937
0.0,9,12.900581
0.0,8,12.901652
0.0,35,12.906412
1.0,38,12.911509
1.0,41,12.916941
0.0,29,12.920861
0.0,21,12.923661
0.0,23,12.926742
1.0,46,12.932989
0.0,11,12.934506
1.0,41,12.939983
0.0,19,12.942542
1.0,41,12.947968
1.0,44,12.953862
1.0,42,12.959442
0.0,34,12.963958
0.0,25,12.967649
1.0,42,12.973519
1.0,42,12.979167
1.0,40,12.984945
1.0,41,12.990976
0.0,36,12.996006
1.0,42,13.001948
1.0,42,13.007688
1.0,44,13.013638
1.0,39,13.01924
1.0,43,13.025126
0.0,9,13.026335
1.0,41,13.032116
0.0,9,13.033344
0.0,27,13.03703
0.0,35,13.041688
1.0,39,13.046996
1.0,40,13.052443
1.0,40,13.057838
1.0,40,13.063277
1.0,38,13.068474
0.0,34,13.073069
0.0,19,13.075705
1.0,44,13.081811
0.0,31,13.086
1.0,39,13.091265
1.0,46,13.097523
0.0,32,13.101831
1.0,40,13.107461
0.0,9,13.108687
1.0,42,13.114387
1.0,38,13.11969
1.0,42,13.125674
1.0,40,13.131338
1.0,45,13.137539
0.0,37,13.142529
0.0,30,13.146792
0.0,32,13.151522
1.0,39,13.157061
0.0,15,13.159122
1.0,48,13.165636
1.0,44,13.17195
0.0,17,13.174253
1.0,38,13.179446
0.0,14,13.181343
1.0,42,13.187462
0.0,6,13.188268
1.0,45,13.194498
1.0,48,13.200907
0.0,13,13.202649
1.0,42,13.208277
1.0,44,13.214144
0.0,32,13.218402
0.0,22,13.221354
0.0,34,13.225904
0.0,9,13.227149
0.0,29,13.231091
0.0,15,13.233231
0.0,16,13.235386
1.0,45,13.241515
0.0,13,13.243284
1.0,38,13.248625
0.0,21,13.251445
0.0,35,13.256614
1.0,40,13.262146
1.0,39,13.267352
0.0,27,13.271343
0.0,40,13.277079
1.0,44,13.283259
1.0,42,13.289192
1.0,42,13.294782
1.0,42,13.300613
0.0,17,13.303034
1.0,44,13.309092
1.0,45,13.315184
1.0,42,13.320816
1.0,49,13.327426
0.0,21,13.330241
1.0,43,13.335974
1.0,43,13.341699
0.0,38,13.346915
0.0,33,13.35133
1.0,41,13.35678
1.0,42,13.362364
1.0,45,13.36834
1.0,44,13.374224
0.0,31,13.378333
1.0,38,13.383929
1.0,44,13.389861
1.0,38,13.395006
1.0,40,13.400324
0.0,8,13.401389
0.0,19,13.403972
1.0,45,13.410408
1.0,46,13.416935
1.0,43,13.422832
0.0,13,13.42457
1.0,38,13.430138
1.0,40,13.435733
0.0,34,13.440336
0.0,6,13.441148
1.0,41,13.44664
1.0,50,13.453351
1.0,39,13.458713
1.0,41,13.464155
0.0,19,13.466748
1.0,38,13.471833
0.0,27,13.475444
1.0,53,13.482481
1.0,47,13.488766
1.0,48,13.495116
0.0,31,13.499378
1.0,43,13.505246
1.0,42,13.510816
0.0,11,13.512324
1.0,40,13.517807
1.0,38,13.523048
0.0,14,13.524917
1.0,38,13.530156
1.0,47,13.537098
1.0,42,13.542908
0.0,8,13.544033
1.0,50,13.550848
1.0,40,13.556692
0.0,11,13.558201
1.0,39,13.563598
1.0,40,13.569029
1.0,41,13.574692
1.0,45,13.580781
0.0,12,13.58239
0.0,31,13.58654
1.0,48,13.592958
1.0,41,13.5986
0.0,35,13.603256
0.0,14,13.605156
1.0,47,13.611652
1.0,38,13.616692
1.0,46,13.622836
1.0,40,13.628214
1.0,42,13.633807
1.0,45,13.639833
1.0,45,13.645855
1.0,43,13.651742
1.0,42,13.657526
