# {"t_start": 1643044873.6737444, "env_id": "Office-single-v0"} 
r,l,t
0.0,14,0.000771
0.0,43,0.002094
0.0,18,0.00266
0.0,28,0.003546
0.0,10,0.003891
0.0,2,0.003983
0.0,37,0.005142
0.0,20,0.005749
0.0,39,0.006878
0.0,8,0.007171
0.0,84,0.00961
0.0,12,0.00998
0.0,12,0.010354
0.0,15,0.01081
0.0,8,0.011103
0.0,35,0.012159
0.0,60,0.013916
0.0,12,0.0143
0.0,9,0.014581
0.0,46,0.01595
0.0,52,0.017462
0.0,20,0.018096
0.0,110,0.02133
0.0,17,0.021839
0.0,32,0.022778
0.0,41,0.024014
0.0,97,0.026831
0.0,20,0.027429
0.0,25,0.028171
0.0,122,0.031675
0.0,57,0.033336
0.0,47,0.03468
0.0,66,0.036558
0.0,47,0.037899
0.0,19,0.038464
0.0,88,0.041005
0.0,30,0.042233
0.0,134,0.04724
0.0,174,0.05216
0.0,79,0.054481
0.0,131,0.058194
0.0,34,0.059191
0.0,78,0.061472
0.0,96,0.064237
0.0,111,0.067407
0.0,98,0.070415
0.0,75,0.072603
0.0,12,0.072981
0.0,6,0.073185
0.0,128,0.076869
0.0,69,0.078876
0.0,121,0.082386
0.0,54,0.084031
0.0,110,0.087203
0.0,173,0.092312
0.0,105,0.095442
0.0,123,0.099014
0.0,68,0.100994
0.0,49,0.102419
0.0,29,0.103276
0.0,152,0.107641
0.0,122,0.111172
0.0,397,0.122956
0.0,26,0.123718
0.0,128,0.127389
0.0,30,0.128284
0.0,184,0.133571
0.0,59,0.135313
0.0,62,0.137113
0.0,267,0.144898
0.0,39,0.146046
0.0,25,0.146792
0.0,99,0.149671
0.0,93,0.152364
0.0,181,0.157532
0.0,85,0.160109
0.0,54,0.161676
0.0,41,0.162878
0.0,502,0.177119
0.0,100,0.179993
0.0,305,0.188672
0.0,194,0.194198
0.0,216,0.200477
0.0,11,0.200829
0.0,153,0.205229
0.0,7,0.205467
0.0,120,0.208921
0.0,247,0.215945
0.0,191,0.221384
0.0,316,0.230399
0.0,64,0.232269
0.0,59,0.234093
0.0,10,0.234407
0.0,723,0.254933
0.0,22,0.255609
0.0,172,0.260565
0.0,21,0.261196
0.0,45,0.262501
0.0,27,0.263296
0.0,108,0.266409
0.0,196,0.272369
0.0,21,0.273006
0.0,35,0.274035
0.0,743,0.295959
0.0,108,0.29905
0.0,19,0.299626
0.0,49,0.301127
0.0,23,0.301815
0.0,173,0.307051
0.0,136,0.31103
0.0,26,0.311801
0.0,21,0.312438
0.0,401,0.324188
0.0,212,0.33073
0.0,155,0.335197
0.0,127,0.338886
0.0,43,0.340147
0.0,201,0.345946
0.0,8,0.346211
0.0,22,0.346875
0.0,16,0.3474
0.0,4,0.347547
0.0,432,0.359875
0.0,168,0.364691
0.0,62,0.366495
0.0,11,0.366842
0.0,88,0.369389
0.0,262,0.376872
0.0,12,0.377254
0.0,83,0.379643
0.0,37,0.380725
0.0,97,0.383501
0.0,237,0.390374
0.0,70,0.392447
0.0,82,0.394793
0.0,171,0.399711
0.0,16,0.400303
0.0,64,0.402277
0.0,98,0.405094
0.0,120,0.408582
0.0,176,0.413601
0.0,90,0.416197
0.0,67,0.418133
0.0,93,0.420799
0.0,721,0.441329
0.0,543,0.45676
0.0,43,0.458021
0.0,134,0.461933
0.0,105,0.464939
0.0,55,0.466522
0.0,25,0.467255
0.0,141,0.471268
0.0,132,0.475035
0.0,684,0.494422
0.0,144,0.498652
0.0,79,0.500943
0.0,36,0.502007
0.0,47,0.503373
0.0,141,0.507389
0.0,4,0.50754
0.0,134,0.511392
0.0,127,0.515031
0.0,74,0.517161
0.0,300,0.52573
0.0,110,0.528904
0.0,68,0.530873
0.0,32,0.531817
0.0,9,0.532105
0.0,567,0.548247
0.0,35,0.549275
0.0,151,0.553599
0.0,42,0.554816
0.0,35,0.555847
0.0,35,0.556892
0.0,232,0.563478
0.0,435,0.575916
0.0,31,0.576852
0.0,216,0.583266
0.0,80,0.585577
0.0,236,0.592432
0.0,56,0.594242
0.0,37,0.59545
0.0,444,0.608244
0.0,22,0.608911
0.0,324,0.618562
0.0,296,0.627422
0.0,69,0.629417
0.0,539,0.64521
0.0,437,0.657784
0.0,95,0.660542
0.0,108,0.663645
0.0,115,0.666943
0.0,47,0.668308
0.0,27,0.669112
0.0,285,0.677202
0.0,313,0.68609
0.0,391,0.697309
0.0,87,0.699812
0.0,19,0.700395
0.0,40,0.701574
0.0,163,0.706246
0.0,251,0.713368
0.0,169,0.718219
0.0,195,0.723778
0.0,46,0.725137
0.0,49,0.726672
0.0,69,0.728665
0.0,924,0.754852
0.0,321,0.764111
0.0,237,0.771175
0.0,62,0.772988
0.0,332,0.782461
0.0,52,0.783977
0.0,121,0.78758
0.0,83,0.790004
0.0,58,0.791702
0.0,20,0.792317
0.0,36,0.793388
0.0,212,0.799438
0.0,251,0.806711
0.0,647,0.825219
0.0,322,0.834501
0.0,674,0.853837
0.0,29,0.854709
0.0,411,0.866449
0.0,376,0.87757
0.0,186,0.883212
0.0,389,0.894429
0.0,87,0.896997
0.0,339,0.907027
0.0,74,0.909302
0.0,236,0.916253
0.0,19,0.916835
0.0,32,0.917801
0.0,17,0.918312
0.0,640,0.936535
0.0,50,0.938
0.0,41,0.939194
0.0,59,0.940898
0.0,205,0.94677
0.0,56,0.948409
0.0,35,0.94945
0.0,17,0.949973
0.0,272,0.95785
0.0,149,0.962131
0.0,522,0.976922
0.0,182,0.982152
0.0,37,0.983245
0.0,336,0.99302
0.0,102,0.996063
0.0,596,1.013443
0.0,63,1.01528
0.0,182,1.020556
0.0,122,1.024055
0.0,43,1.025324
0.0,74,1.027452
0.0,184,1.032811
0.0,91,1.035436
0.0,40,1.036612
0.0,23,1.0373
0.0,172,1.04224
0.0,255,1.049531
0.0,272,1.05727
0.0,60,1.059009
0.0,591,1.075932
0.0,54,1.07752
0.0,222,1.083839
0.0,77,1.086059
0.0,42,1.087282
0.0,398,1.098754
0.0,51,1.100258
0.0,33,1.101213
0.0,98,1.104148
0.0,16,1.104635
0.0,43,1.10589
0.0,91,1.1085
0.0,875,1.133674
0.0,25,1.134427
0.0,26,1.135196
0.0,62,1.136981
0.0,137,1.141188
0.0,53,1.142814
0.0,6,1.143017
0.0,252,1.150154
0.0,531,1.165473
0.0,95,1.168272
0.0,196,1.174239
0.0,182,1.179534
0.0,393,1.19096
0.0,149,1.195398
0.0,99,1.198407
0.0,24,1.199124
0.0,364,1.20963
0.0,364,1.22015
0.0,110,1.223335
0.0,148,1.227598
0.0,289,1.235813
0.0,60,1.237551
0.0,32,1.238486
0.0,84,1.240926
0.0,2,1.24102
0.0,229,1.247539
0.0,64,1.249392
0.0,11,1.249737
0.0,4,1.249882
0.0,63,1.251711
0.0,76,1.253911
0.0,233,1.260756
0.0,37,1.261836
0.0,42,1.26304
0.0,241,1.270389
0.0,322,1.279589
0.0,17,1.280118
0.0,112,1.283318
0.0,467,1.297106
0.0,7,1.297346
0.0,154,1.301814
0.0,20,1.302426
0.0,25,1.30317
0.0,154,1.307924
0.0,68,1.30989
0.0,189,1.315281
0.0,164,1.319972
0.0,29,1.320875
0.0,9,1.321171
0.0,45,1.322468
0.0,163,1.327144
0.0,127,1.330906
0.0,17,1.331431
0.0,32,1.332387
0.0,132,1.336187
0.0,71,1.338271
0.0,261,1.345701
0.0,134,1.349555
0.0,317,1.35865
0.0,11,1.359003
0.0,496,1.37315
0.0,736,1.394045
0.0,22,1.394717
0.0,67,1.39666
0.0,927,1.422993
0.0,1000,1.451684
0.0,864,1.476628
0.0,56,1.478323
0.0,342,1.488602
0.0,142,1.49266
0.0,48,1.494062
0.0,354,1.504139
0.0,13,1.504554
0.0,247,1.511593
0.0,89,1.514242
0.0,44,1.515522
0.0,633,1.533589
0.0,415,1.5454
0.0,69,1.54739
0.0,378,1.558214
0.0,67,1.560153
0.0,87,1.562663
0.0,439,1.575085
0.0,14,1.575524
0.0,11,1.575874
0.0,36,1.576945
0.0,36,1.57801
0.0,64,1.579855
0.0,133,1.583649
0.0,327,1.592949
0.0,190,1.598482
0.0,257,1.605806
0.0,50,1.607261
0.0,30,1.608195
0.0,29,1.609052
0.0,72,1.61113
0.0,161,1.615725
0.0,66,1.61763
0.0,26,1.618412
0.0,301,1.627191
0.0,41,1.628396
0.0,94,1.631078
0.0,151,1.635492
0.0,13,1.635898
0.0,370,1.646669
0.0,24,1.647388
0.0,98,1.650194
0.0,47,1.651568
0.0,92,1.654211
0.0,235,1.660922
0.0,98,1.663737
0.0,538,1.679148
0.0,21,1.679784
0.0,15,1.680249
0.0,8,1.680506
0.0,98,1.68329
0.0,585,1.699832
0.0,94,1.702649
0.0,30,1.703521
0.0,75,1.705672
0.0,41,1.706865
0.0,34,1.707855
0.0,275,1.715721
0.0,11,1.716069
0.0,42,1.717282
0.0,451,1.730071
0.0,19,1.730653
0.0,16,1.731147
0.0,361,1.74173
0.0,583,1.758897
0.0,73,1.761008
0.0,25,1.76176
0.0,17,1.762273
0.0,57,1.763926
0.0,21,1.764593
0.0,830,1.78935
0.0,11,1.789706
0.0,54,1.79129
0.0,84,1.79369
0.0,34,1.794715
0.0,29,1.795655
0.0,24,1.796408
0.0,784,1.819009
0.0,188,1.824484
0.0,272,1.832205
0.0,800,1.854909
0.0,123,1.858505
0.0,2,1.858598
0.0,202,1.864482
0.0,43,1.865743
0.0,117,1.869099
0.0,351,1.879023
0.0,63,1.880839
0.0,123,1.884386
0.0,142,1.888432
0.0,9,1.888726
0.0,44,1.89001
0.0,432,1.902374
0.0,179,1.907472
0.0,173,1.912412
0.0,36,1.913479
0.0,187,1.918817
0.0,140,1.922812
0.0,216,1.928955
0.0,16,1.929435
0.0,88,1.931955
0.0,10,1.932276
0.0,169,1.937192
0.0,47,1.938554
0.0,484,1.952302
0.0,2,1.952397
0.0,18,1.952942
0.0,106,1.955964
0.0,93,1.958643
0.0,473,1.972016
0.0,532,1.9872
0.0,155,1.991591
0.0,49,1.993004
0.0,209,1.9989
0.0,107,2.001949
0.0,269,2.009595
0.0,163,2.014361
0.0,110,2.017511
0.0,245,2.024542
0.0,328,2.034122
0.0,267,2.042123
0.0,24,2.042852
0.0,31,2.043764
0.0,812,2.067334
0.0,25,2.068088
0.0,38,2.069206
0.0,121,2.072662
0.0,72,2.074731
0.0,177,2.079772
0.0,107,2.082834
0.0,327,2.092236
0.0,4,2.092385
0.0,132,2.096195
0.0,23,2.096873
0.0,30,2.097759
0.0,471,2.111072
0.0,65,2.11296
0.0,522,2.128072
0.0,360,2.138405
0.0,213,2.144568
0.0,428,2.156702
0.0,8,2.156965
0.0,84,2.159362
0.0,65,2.161231
0.0,476,2.174962
0.0,344,2.184744
0.0,204,2.190577
0.0,239,2.197404
0.0,94,2.200092
0.0,96,2.202961
0.0,242,2.20985
0.0,110,2.213002
0.0,285,2.221072
0.0,287,2.229251
0.0,56,2.23089
0.0,69,2.232846
0.0,78,2.235066
0.0,93,2.237717
0.0,238,2.244585
0.0,279,2.252497
0.0,19,2.253079
0.0,469,2.266344
0.0,51,2.26783
0.0,245,2.275048
0.0,82,2.277503
0.0,1000,2.306036
0.0,67,2.307983
0.0,211,2.314177
0.0,235,2.321049
0.0,45,2.322373
0.0,29,2.323225
0.0,737,2.344641
0.0,30,2.345529
0.0,162,2.350432
0.0,170,2.35537
0.0,288,2.363527
0.0,84,2.365955
0.0,55,2.367563
0.0,312,2.376706
0.0,12,2.377085
0.0,429,2.389631
0.0,91,2.392342
0.0,260,2.399719
0.0,465,2.412955
0.0,73,2.415098
0.0,2,2.415188
0.0,15,2.415649
0.0,242,2.422504
0.0,247,2.42956
0.0,184,2.434795
0.0,929,2.460986
0.0,29,2.46185
0.0,63,2.463655
0.0,6,2.463854
0.0,280,2.471883
0.0,188,2.477245
0.0,16,2.477734
0.0,507,2.492109
0.0,238,2.498866
0.0,378,2.509682
0.0,80,2.511985
0.0,23,2.51268
0.0,340,2.522351
0.0,70,2.52439
0.0,167,2.529188
0.0,274,2.537033
0.0,54,2.538586
0.0,40,2.539751
0.0,51,2.541331
0.0,9,2.541624
0.0,87,2.544132
0.0,415,2.555877
0.0,4,2.556035
0.0,436,2.568425
0.0,245,2.575351
0.0,182,2.580602
0.0,256,2.587931
0.0,305,2.596666
0.0,50,2.598113
0.0,316,2.607357
0.0,15,2.607821
0.0,346,2.618204
0.0,84,2.620725
0.0,58,2.622655
0.0,166,2.62741
0.0,14,2.627875
0.0,488,2.642368
0.0,125,2.645985
0.0,409,2.657619
0.0,497,2.671739
0.0,81,2.674106
0.0,16,2.674604
0.0,57,2.676264
0.0,337,2.685835
0.0,430,2.698142
0.0,139,2.702118
0.0,195,2.707711
0.0,340,2.717473
0.0,39,2.718623
0.0,11,2.718969
0.0,101,2.721913
0.0,2,2.722004
0.0,73,2.724126
0.0,569,2.740339
0.0,319,2.749448
0.0,70,2.751477
0.0,183,2.756685
0.0,56,2.75831
0.0,32,2.759249
0.0,29,2.76011
0.0,47,2.761478
0.0,47,2.762848
0.0,752,2.784522
0.0,5,2.784706
0.0,170,2.789859
0.0,796,2.81259
0.0,685,2.831964
0.0,584,2.8486
0.0,21,2.849259
0.0,68,2.85122
0.0,57,2.852868
0.0,422,2.864934
0.0,149,2.869205
0.0,310,2.878094
0.0,43,2.879335
0.0,540,2.895067
0.0,82,2.89747
0.0,406,2.909547
0.0,65,2.911428
0.0,62,2.913245
0.0,272,2.921166
0.0,34,2.922364
0.0,19,2.922985
0.0,77,2.925283
0.0,114,2.928583
0.0,171,2.93358
0.0,116,2.936904
0.0,284,2.945043
0.0,136,2.949003
0.0,619,2.966624
0.0,104,2.969612
0.0,673,2.989101
0.0,116,2.992405
0.0,11,2.992759
0.0,554,3.008617
0.0,31,3.009542
0.0,47,3.010924
0.0,58,3.012617
0.0,212,3.018713
0.0,35,3.019757
0.0,725,3.040446
0.0,86,3.042935
0.0,88,3.045475
0.0,165,3.050195
0.0,170,3.055054
0.0,190,3.060475
0.0,26,3.061252
0.0,519,3.076013
0.0,97,3.078781
0.0,489,3.092647
0.0,829,3.116283
0.0,50,3.117757
0.0,711,3.138206
0.0,311,3.147318
0.0,100,3.150204
0.0,111,3.153388
0.0,23,3.154079
0.0,153,3.158431
0.0,450,3.171324
0.0,296,3.180011
0.0,107,3.1832
0.0,106,3.186269
0.0,123,3.190138
0.0,380,3.201054
0.0,427,3.213576
0.0,238,3.220445
0.0,121,3.223971
0.0,513,3.238574
0.0,194,3.244146
0.0,59,3.245864
0.0,593,3.26282
0.0,38,3.263948
0.0,93,3.266637
0.0,5,3.266812
0.0,38,3.267931
0.0,115,3.271544
0.0,336,3.281141
0.0,287,3.289898
0.0,23,3.290587
0.0,66,3.292491
0.0,123,3.296008
0.0,385,3.307052
0.0,38,3.308185
0.0,12,3.308565
0.0,33,3.309542
0.0,23,3.31023
0.0,555,3.326031
0.0,780,3.348526
0.0,186,3.353933
0.0,56,3.355558
0.0,42,3.356788
0.0,228,3.363334
0.0,328,3.372731
0.0,360,3.383018
0.0,182,3.388254
0.0,62,3.39008
0.0,118,3.393474
0.0,28,3.394311
0.0,47,3.395684
0.0,82,3.398068
0.0,244,3.405049
0.0,111,3.408271
0.0,29,3.409132
0.0,87,3.411678
0.0,5,3.411854
0.0,38,3.412979
0.0,32,3.413916
0.0,612,3.431443
0.0,45,3.432785
0.0,88,3.435332
0.0,16,3.435818
0.0,32,3.43677
0.0,240,3.44365
0.0,116,3.447035
0.0,18,3.447639
0.0,244,3.454618
0.0,55,3.456237
0.0,26,3.45701
0.0,284,3.465131
0.0,60,3.466872
0.0,39,3.46824
0.0,46,3.469584
0.0,92,3.472266
0.0,35,3.473304
0.0,119,3.476741
0.0,1000,3.506026
0.0,11,3.50639
0.0,292,3.514865
0.0,206,3.521137
0.0,21,3.52178
0.0,106,3.524944
0.0,1000,3.55369
0.0,30,3.554591
0.0,22,3.555256
0.0,28,3.556088
0.0,115,3.559383
0.0,71,3.561473
0.0,182,3.566654
0.0,786,3.589323
0.0,9,3.589645
0.0,28,3.590558
0.0,255,3.597875
0.0,21,3.59851
0.0,218,3.604857
0.0,233,3.611564
0.0,433,3.624204
0.0,202,3.630005
0.0,2,3.6301
0.0,62,3.631906
0.0,53,3.633447
0.0,16,3.633944
0.0,414,3.646083
0.0,230,3.652609
0.0,159,3.65719
0.0,560,3.673094
0.0,109,3.676301
0.0,66,3.678208
0.0,149,3.682439
0.0,115,3.685727
0.0,86,3.688195
0.0,171,3.693089
0.0,52,3.694604
0.0,22,3.695258
0.0,6,3.695457
0.0,227,3.701942
0.0,95,3.704702
0.0,175,3.709743
0.0,47,3.711107
0.0,26,3.711882
0.0,4,3.712033
0.0,133,3.715883
0.0,207,3.721798
0.0,339,3.731418
0.0,198,3.737091
0.0,68,3.739071
0.0,171,3.743967
0.0,17,3.744495
0.0,1000,3.773838
0.0,69,3.775875
0.0,107,3.778942
0.0,9,3.779234
0.0,33,3.780207
0.0,391,3.792045
0.0,53,3.793586
0.0,15,3.794047
0.0,76,3.796228
0.0,2,3.796318
0.0,59,3.798039
0.0,165,3.802777
0.0,352,3.812767
0.0,116,3.816075
0.0,208,3.822014
0.0,237,3.828893
0.0,23,3.829591
0.0,20,3.83019
0.0,37,3.831273
0.0,147,3.835492
0.0,543,3.850892
0.0,181,3.856164
0.0,129,3.859861
0.0,9,3.860159
0.0,339,3.869848
0.0,36,3.870908
0.0,38,3.872031
0.0,761,3.893651
0.0,94,3.896364
0.0,11,3.896714
0.0,25,3.89746
0.0,58,3.899136
0.0,425,3.911327
0.0,46,3.912685
0.0,25,3.91343
0.0,270,3.921082
0.0,163,3.925735
0.0,4,3.925885
0.0,44,3.927158
0.0,428,3.939394
0.0,152,3.943756
0.0,387,3.954734
0.0,29,3.955594
0.0,15,3.95605
0.0,11,3.956392
0.0,386,3.9673
0.0,170,3.972157
0.0,389,3.983258
0.0,181,3.988459
0.0,116,3.991774
0.0,229,3.998307
0.0,29,3.999162
0.0,106,4.002182
0.0,401,4.013575
0.0,53,4.015155
0.0,146,4.019325
0.0,61,4.02111
0.0,521,4.035856
0.0,172,4.040761
0.0,191,4.046443
0.0,441,4.059402
0.0,57,4.061075
0.0,95,4.063854
0.0,327,4.073207
0.0,220,4.079777
0.0,60,4.081524
0.0,208,4.087473
0.0,145,4.091693
0.0,47,4.093067
0.0,43,4.09432
0.0,218,4.100515
0.0,257,4.107804
0.0,25,4.108556
0.0,32,4.109485
0.0,283,4.117579
0.0,23,4.118274
0.0,715,4.138783
0.0,105,4.141974
0.0,184,4.14719
0.0,289,4.155341
0.0,34,4.156346
0.0,72,4.158406
0.0,480,4.172045
0.0,58,4.173725
0.0,30,4.174715
0.0,190,4.180147
0.0,6,4.180357
0.0,74,4.182713
0.0,67,4.184788
0.0,238,4.191803
0.0,343,4.201523
0.0,471,4.215183
0.0,39,4.21633
0.0,38,4.21745
0.0,19,4.218016
0.0,63,4.219819
0.0,101,4.222697
0.0,544,4.238081
0.0,164,4.242837
0.0,11,4.243191
0.0,26,4.243959
0.0,23,4.244651
0.0,678,4.263903
0.0,237,4.270889
0.0,132,4.274673
0.0,8,4.274938
0.0,103,4.277868
0.0,608,4.295401
0.0,202,4.301138
0.0,29,4.302006
0.0,12,4.30237
0.0,581,4.318859
0.0,198,4.324507
0.0,266,4.332093
0.0,433,4.344924
0.0,851,4.369596
0.0,21,4.370238
0.0,128,4.373918
0.0,386,4.384905
0.0,52,4.386422
0.0,65,4.388296
0.0,495,4.402388
0.0,217,4.40859
0.0,265,4.41614
0.0,361,4.426519
0.0,394,4.437775
0.0,15,4.438243
0.0,82,4.440632
0.0,238,4.447411
0.0,39,4.448556
0.0,181,4.453757
0.0,102,4.456692
0.0,223,4.463017
0.0,339,4.472782
0.0,14,4.473227
0.0,76,4.47541
0.0,7,4.475645
0.0,211,4.481685
0.0,741,4.502793
0.0,98,4.505629
0.0,25,4.506417
0.0,14,4.50685
0.0,166,4.51158
0.0,682,4.530902
0.0,10,4.531232
0.0,88,4.533769
0.0,143,4.537888
0.0,88,4.540442
0.0,345,4.55037
0.0,316,4.559348
0.0,109,4.562485
0.0,661,4.581259
0.0,8,4.581578
0.0,246,4.588624
0.0,47,4.589996
0.0,259,4.59736
0.0,660,4.616018
0.0,213,4.622482
0.0,35,4.623756
0.0,318,4.633253
0.0,409,4.645059
0.0,86,4.647596
0.0,157,4.652138
0.0,258,4.659848
0.0,46,4.661207
0.0,86,4.663712
0.0,427,4.6759
0.0,5,4.676085
0.0,71,4.678128
0.0,168,4.682933
0.0,39,4.684072
0.0,584,4.700768
0.0,83,4.70314
0.0,12,4.703512
0.0,291,4.711782
0.0,149,4.716056
0.0,114,4.719319
0.0,70,4.721329
0.0,2,4.72142
0.0,70,4.723426
0.0,21,4.724065
0.0,84,4.726484
0.0,52,4.727992
0.0,156,4.732502
0.0,78,4.734779
0.0,92,4.737417
0.0,245,4.744429
0.0,21,4.745065
0.0,90,4.747657
0.0,571,4.763809
0.0,254,4.771463
0.0,40,4.772656
0.0,349,4.7827
0.0,87,4.785485
0.0,10,4.785807
0.0,39,4.787049
0.0,348,4.797659
0.0,31,4.798621
0.0,61,4.800398
0.0,266,4.808082
0.0,281,4.816154
0.0,110,4.819319
0.0,160,4.823917
0.0,95,4.826695
0.0,933,4.85319
0.0,109,4.856366
0.0,24,4.857082
0.0,66,4.858985
0.0,124,4.862516
0.0,511,4.87702
0.0,359,4.887301
0.0,127,4.890949
0.0,43,4.892211
0.0,9,4.892501
0.0,135,4.896338
0.0,339,4.905957
0.0,9,4.906252
0.0,690,4.926234
0.0,113,4.929478
0.0,30,4.930482
0.0,472,4.944264
0.0,165,4.948982
0.0,41,4.950184
0.0,10,4.950507
0.0,104,4.95364
0.0,432,4.966062
0.0,371,4.976674
0.0,48,4.978077
0.0,340,4.987773
0.0,327,4.997104
0.0,95,4.999881
0.0,73,5.002047
0.0,374,5.012764
0.0,40,5.013937
0.0,2,5.014024
0.0,87,5.016602
0.0,401,5.027952
0.0,586,5.044646
0.0,54,5.046219
0.0,8,5.046473
0.0,122,5.049973
0.0,26,5.050751
0.0,60,5.052499
0.0,878,5.077268
0.0,8,5.077536
0.0,16,5.078023
0.0,52,5.079515
0.0,119,5.082939
0.0,341,5.092645
0.0,338,5.102278
0.0,332,5.111806
0.0,52,5.113325
0.0,172,5.118253
0.0,511,5.133088
0.0,82,5.13546
0.0,385,5.14661
0.0,259,5.154058
0.0,80,5.156338
0.0,157,5.160815
0.0,1000,5.189204
0.0,31,5.190128
0.0,54,5.191687
0.0,252,5.199161
0.0,235,5.205866
0.0,36,5.207006
0.0,189,5.212738
0.0,134,5.216613
0.0,49,5.218039
0.0,272,5.226046
0.0,29,5.226916
0.0,408,5.238967
0.0,117,5.242369
0.0,251,5.249593
0.0,636,5.267739
0.0,244,5.275003
0.0,129,5.278678
0.0,82,5.281053
0.0,39,5.282208
0.0,60,5.28396
0.0,172,5.289156
0.0,26,5.289937
0.0,335,5.299494
0.0,87,5.302027
0.0,30,5.302911
0.0,6,5.303114
0.0,136,5.307012
0.0,52,5.308522
0.0,52,5.310043
0.0,383,5.320853
0.0,83,5.323237
0.0,93,5.325904
0.0,303,5.334553
0.0,417,5.346545
0.0,85,5.349034
0.0,78,5.35128
0.0,56,5.352938
0.0,21,5.353565
0.0,81,5.355886
0.0,156,5.360411
0.0,126,5.364032
0.0,164,5.368747
0.0,311,5.377789
0.0,12,5.378172
0.0,22,5.378832
0.0,35,5.379851
0.0,456,5.393051
0.0,220,5.399381
0.0,285,5.40749
0.0,828,5.430991
0.0,427,5.443099
0.0,365,5.45352
0.0,181,5.458721
0.0,63,5.460554
0.0,123,5.464065
0.0,14,5.464506
0.0,56,5.466131
0.0,220,5.47248
0.0,188,5.47788
0.0,147,5.482107
0.0,108,5.48546
0.0,21,5.486093
0.0,98,5.488985
0.0,592,5.50588
0.0,433,5.518677
0.0,81,5.521056
0.0,36,5.522162
0.0,444,5.535153
0.0,35,5.536203
0.0,348,5.546168
0.0,162,5.550848
0.0,193,5.556417
0.0,332,5.565916
0.0,85,5.568376
0.0,32,5.569328
0.0,1000,5.597607
0.0,32,5.59856
0.0,17,5.59907
0.0,125,5.602679
0.0,184,5.607932
0.0,31,5.608891
0.0,11,5.609241
0.0,43,5.610501
0.0,345,5.620306
0.0,497,5.634672
0.0,277,5.642852
0.0,95,5.645592
0.0,31,5.646506
0.0,315,5.655443
0.0,10,5.655768
0.0,325,5.665027
0.0,214,5.671212
0.0,37,5.672304
0.0,217,5.67856
0.0,280,5.68652
0.0,393,5.697751
0.0,54,5.699314
0.0,217,5.705498
0.0,2,5.70559
0.0,473,5.719909
0.0,167,5.724683
0.0,195,5.730247
0.0,54,5.731836
0.0,250,5.738968
0.0,85,5.741447
0.0,57,5.743095
0.0,12,5.743469
0.0,47,5.74485
0.0,135,5.748719
0.0,85,5.751159
0.0,99,5.75406
0.0,21,5.754684
0.0,109,5.757795
0.0,91,5.760414
0.0,29,5.761266
0.0,68,5.763225
0.0,135,5.76708
0.0,164,5.772013
0.0,290,5.780556
0.0,97,5.783366
0.0,143,5.787883
0.0,17,5.788445
0.0,21,5.789076
0.0,383,5.800038
0.0,58,5.801752
0.0,165,5.806612
0.0,288,5.815312
0.0,273,5.823107
0.0,643,5.841473
0.0,197,5.847121
0.0,67,5.849066
0.0,250,5.85628
0.0,20,5.856882
0.0,35,5.857907
0.0,72,5.859959
0.0,1000,5.888263
0.0,89,5.890823
0.0,971,5.918348
0.0,2,5.918447
0.0,118,5.92184
0.0,26,5.922613
0.0,488,5.936465
0.0,23,5.937167
0.0,79,5.939439
0.0,66,5.94134
0.0,141,5.94544
0.0,31,5.946364
0.0,296,5.954756
0.0,314,5.963663
0.0,425,5.975771
0.0,183,5.98157
0.0,377,5.992388
0.0,525,6.007338
0.0,247,6.014435
0.0,12,6.014817
0.0,68,6.016792
0.0,52,6.018364
0.0,79,6.020658
0.0,159,6.025259
0.0,477,6.038855
0.0,26,6.03965
0.0,173,6.044611
0.0,169,6.049419
0.0,248,6.056569
0.0,225,6.063283
0.0,807,6.086778
0.0,126,6.09054
0.0,416,6.1026
0.0,114,6.106095
0.0,228,6.112735
0.0,143,6.116868
0.0,26,6.117674
0.0,9,6.11796
0.0,570,6.134583
0.0,48,6.135986
0.0,198,6.141872
0.0,33,6.14284
0.0,70,6.144886
0.0,171,6.149809
0.0,65,6.151695
0.0,57,6.153358
0.0,434,6.165677
0.0,37,6.16677
0.0,388,6.177898
0.0,15,6.178369
0.0,861,6.202926
0.0,239,6.209816
0.0,659,6.228621
0.0,167,6.23337
0.0,273,6.241111
0.0,202,6.246961
0.0,296,6.255401
0.0,36,6.256469
0.0,273,6.264245
0.0,236,6.271227
0.0,66,6.273198
0.0,266,6.280795
0.0,89,6.283401
0.0,455,6.296959
0.0,32,6.297914
0.0,240,6.305024
0.0,182,6.310252
0.0,24,6.310959
0.0,190,6.316382
0.0,170,6.321278
0.0,12,6.321656
0.0,39,6.322798
0.0,320,6.331856
0.0,15,6.332325
0.0,78,6.334577
0.0,73,6.336689
0.0,15,6.337149
0.0,5,6.337322
0.0,259,6.344676
0.0,55,6.346269
0.0,136,6.350174
0.0,296,6.358965
0.0,1000,6.388205
0.0,23,6.388898
0.0,268,6.396633
0.0,615,6.414152
0.0,75,6.416319
0.0,8,6.416585
0.0,356,6.426711
0.0,124,6.430286
0.0,458,6.443383
0.0,236,6.450136
0.0,95,6.45288
0.0,118,6.456267
0.0,92,6.458929
0.0,34,6.459935
0.0,5,6.460116
0.0,134,6.463944
0.0,50,6.465399
0.0,48,6.466812
0.0,58,6.468495
0.0,52,6.470012
0.0,246,6.47705
0.0,33,6.478019
0.0,80,6.480335
0.0,96,6.483119
0.0,2,6.483212
0.0,821,6.506571
0.0,62,6.508384
0.0,33,6.509411
0.0,39,6.51054
0.0,125,6.514103
0.0,92,6.516759
0.0,37,6.517859
0.0,846,6.541845
0.0,39,6.542995
0.0,30,6.543884
0.0,813,6.566916
0.0,149,6.57121
0.0,11,6.571559
0.0,460,6.58519
0.0,55,6.586788
0.0,2,6.586876
0.0,13,6.587284
0.0,314,6.596215
0.0,39,6.59736
0.0,289,6.605561
0.0,214,6.611758
0.0,69,6.613743
0.0,179,6.618951
0.0,340,6.628937
0.0,263,6.636492
0.0,150,6.641235
0.0,160,6.645942
0.0,497,6.660283
0.0,15,6.660758
0.0,261,6.668492
0.0,36,6.669588
0.0,19,6.670166
0.0,106,6.673377
0.0,164,6.678305
0.0,85,6.680855
0.0,45,6.682156
0.0,311,6.691088
0.0,12,6.691471
0.0,308,6.700367
0.0,312,6.709281
0.0,267,6.716936
0.0,32,6.717884
0.0,411,6.729622
0.0,33,6.730614
0.0,1000,6.759055
0.0,45,6.760388
0.0,382,6.771493
0.0,691,6.791422
0.0,43,6.792731
0.0,170,6.79759
0.0,7,6.797828
0.0,75,6.799974
0.0,125,6.803534
0.0,60,6.805289
0.0,161,6.809887
0.0,68,6.811904
0.0,58,6.813594
0.0,39,6.814743
0.0,94,6.817467
0.0,524,6.832377
0.0,157,6.83688
0.0,50,6.838342
0.0,127,6.841979
0.0,102,6.844903
0.0,488,6.858944
0.0,542,6.874391
0.0,243,6.881382
0.0,254,6.888692
0.0,67,6.890646
0.0,231,6.897255
0.0,95,6.899987
0.0,79,6.90228
0.0,53,6.903809
0.0,130,6.90756
0.0,17,6.908087
0.0,148,6.912312
0.0,201,6.918069
0.0,536,6.933606
0.0,472,6.947374
0.0,251,6.954514
0.0,362,6.965372
0.0,315,6.974312
0.0,102,6.977259
0.0,145,6.981443
0.0,83,6.983821
0.0,77,6.986072
0.0,6,6.986277
0.0,564,7.002393
0.0,20,7.002997
0.0,55,7.004595
0.0,272,7.012329
0.0,143,7.016466
0.0,593,7.033285
0.0,270,7.041062
0.0,54,7.042647
0.0,204,7.048493
0.0,36,7.049556
0.0,126,7.053194
0.0,32,7.054139
0.0,43,7.05539
0.0,10,7.055708
0.0,298,7.0642
0.0,68,7.066149
0.0,100,7.069016
0.0,470,7.082514
0.0,239,7.089292
0.0,276,7.097167
0.0,17,7.097689
0.0,642,7.116004
0.0,782,7.13839
0.0,86,7.141032
0.0,21,7.141693
0.0,67,7.143624
0.0,42,7.144902
0.0,1000,7.173267
0.0,53,7.174803
0.0,346,7.184964
0.0,89,7.187519
0.0,6,7.187722
0.0,242,7.194706
0.0,143,7.198814
0.0,129,7.202505
0.0,112,7.205721
0.0,59,7.207426
0.0,55,7.209025
0.0,580,7.225749
0.0,324,7.235305
0.0,55,7.237056
0.0,239,7.243948
0.0,15,7.244469
0.0,81,7.246844
0.0,207,7.252799
0.0,612,7.271004
0.0,43,7.272313
0.0,74,7.274448
0.0,12,7.274822
0.0,12,7.275189
0.0,172,7.280112
0.0,394,7.291496
0.0,687,7.311111
0.0,213,7.31717
0.0,40,7.31835
0.0,34,7.319347
0.0,1000,7.34771
0.0,45,7.349052
0.0,166,7.353779
0.0,355,7.363864
0.0,113,7.36711
0.0,309,7.375853
0.0,260,7.383325
0.0,43,7.384587
0.0,306,7.393281
0.0,18,7.393834
0.0,2,7.393922
0.0,605,7.411062
0.0,117,7.414415
0.0,76,7.416671
0.0,352,7.426617
0.0,28,7.427448
0.0,753,7.448823
0.0,664,7.467782
0.0,292,7.476087
0.0,388,7.48708
0.0,32,7.488037
0.0,98,7.490863
0.0,40,7.4921
0.0,483,7.506077
0.0,9,7.506375
0.0,122,7.509892
0.0,802,7.533367
0.0,192,7.539228
0.0,32,7.540175
0.0,87,7.542689
0.0,56,7.544402
0.0,652,7.56299
0.0,55,7.564612
0.0,72,7.56668
0.0,386,7.577794
0.0,240,7.58462
0.0,287,7.592778
0.0,719,7.613378
0.0,13,7.613791
0.0,98,7.616657
0.0,35,7.617696
0.0,29,7.618552
0.0,92,7.621177
0.0,55,7.622782
0.0,56,7.624653
0.0,101,7.62755
0.0,81,7.629897
0.0,249,7.636932
0.0,526,7.652098
0.0,66,7.654
0.0,120,7.657427
0.0,22,7.658082
0.0,268,7.665769
0.0,859,7.690307
0.0,104,7.693304
0.0,77,7.695523
0.0,15,7.695983
0.0,127,7.699607
0.0,26,7.700385
0.0,110,7.703542
0.0,466,7.716738
0.0,89,7.719359
0.0,84,7.721843
0.0,57,7.723519
0.0,10,7.723843
0.0,31,7.724756
0.0,515,7.739438
0.0,115,7.742728
0.0,15,7.743189
0.0,43,7.744438
0.0,35,7.745464
0.0,318,7.754519
0.0,10,7.754844
0.0,211,7.760945
0.0,9,7.761239
0.0,121,7.764733
0.0,552,7.780905
0.0,388,7.792667
0.0,16,7.793238
0.0,30,7.794225
0.0,305,7.802952
0.0,165,7.807866
0.0,158,7.812415
0.0,228,7.819035
0.0,197,7.824901
0.0,339,7.83484
0.0,40,7.836019
0.0,1000,7.864551
0.0,5,7.864734
0.0,9,7.86502
0.0,62,7.866809
0.0,31,7.867707
0.0,92,7.870394
0.0,181,7.875595
0.0,262,7.883101
0.0,251,7.890284
0.0,492,7.904271
0.0,197,7.910001
0.0,41,7.911204
0.0,652,7.92966
0.0,348,7.939552
0.0,77,7.941793
0.0,241,7.948776
0.0,41,7.949979
0.0,638,7.968094
0.0,22,7.96876
0.0,17,7.969282
0.0,4,7.969429
0.0,95,7.972168
0.0,259,7.979536
0.0,27,7.980341
0.0,255,7.98767
0.0,48,7.989081
0.0,237,7.995852
0.0,507,8.010306
0.0,2,8.010402
0.0,163,8.015091
0.0,91,8.017732
0.0,16,8.018225
0.0,751,8.039703
0.0,8,8.039976
0.0,94,8.042707
0.0,252,8.049916
0.0,30,8.050802
0.0,24,8.051521
0.0,94,8.054226
0.0,234,8.06095
0.0,156,8.065383
0.0,150,8.069686
0.0,81,8.071995
0.0,118,8.075356
0.0,204,8.081417
0.0,93,8.084112
0.0,689,8.10426
0.0,33,8.105244
0.0,28,8.106076
0.0,402,8.118056
0.0,45,8.119375
0.0,459,8.13264
0.0,329,8.142338
0.0,130,8.146115
0.0,716,8.166526
0.0,42,8.167757
0.0,576,8.184357
0.0,113,8.187624
0.0,202,8.193382
0.0,53,8.194921
0.0,202,8.200685
0.0,76,8.202883
0.0,26,8.203652
0.0,29,8.204514
0.0,53,8.206059
0.0,24,8.206764
0.0,367,8.217291
0.0,196,8.222905
0.0,125,8.226517
0.0,208,8.232434
0.0,82,8.234803
0.0,82,8.237162
0.0,363,8.24754
0.0,110,8.250718
0.0,19,8.251295
0.0,61,8.253055
0.0,88,8.255593
0.0,122,8.25911
0.0,289,8.267323
0.0,936,8.294444
0.0,457,8.307451
0.0,12,8.307834
0.0,178,8.312923
0.0,49,8.314352
0.0,40,8.315516
0.0,156,8.319969
0.0,302,8.328809
0.0,107,8.331905
0.0,140,8.335934
0.0,632,8.353864
0.0,412,8.365665
0.0,122,8.3694
0.0,542,8.385288
0.0,118,8.38878
0.0,865,8.414055
0.0,330,8.423522
0.0,33,8.424503
0.0,217,8.430711
0.0,530,8.445794
0.0,79,8.448081
0.0,259,8.455511
0.0,134,8.459332
0.0,53,8.460874
0.0,289,8.469079
0.0,16,8.469571
0.0,601,8.486664
0.0,269,8.494344
0.0,17,8.494863
0.0,569,8.510998
0.0,249,8.518161
0.0,6,8.518371
0.0,127,8.522053
0.0,268,8.529702
0.0,454,8.542639
0.0,5,8.542824
0.0,279,8.550839
0.0,220,8.557177
0.0,1000,8.58579
0.0,198,8.591601
0.0,79,8.593925
0.0,28,8.594769
0.0,399,8.606175
0.0,85,8.608635
0.0,21,8.609267
0.0,99,8.612092
0.0,231,8.618733
0.0,72,8.620817
0.0,272,8.628996
0.0,84,8.631426
0.0,399,8.643108
0.0,383,8.654085
0.0,773,8.676824
0.0,474,8.690515
0.0,571,8.707086
0.0,176,8.712132
0.0,52,8.713654
0.0,552,8.729426
0.0,126,8.733045
0.0,112,8.736286
0.0,434,8.748614
0.0,95,8.751348
0.0,178,8.756482
0.0,32,8.757441
0.0,222,8.76383
0.0,74,8.765985
0.0,47,8.767352
0.0,649,8.786166
0.0,138,8.790328
0.0,1000,8.818937
0.0,344,8.828805
0.0,173,8.833799
0.0,78,8.836058
0.0,165,8.840835
0.0,103,8.843806
0.0,239,8.850626
0.0,385,8.861705
0.0,92,8.86439
0.0,338,8.874043
0.0,157,8.878535
0.0,319,8.887618
0.0,123,8.891219
0.0,631,8.909169
0.0,10,8.909497
0.0,304,8.91815
0.0,50,8.919608
0.0,483,8.933399
0.0,30,8.934289
0.0,905,8.960547
0.0,14,8.960994
0.0,19,8.961568
0.0,4,8.961711
0.0,203,8.967588
0.0,10,8.967913
0.0,232,8.974579
0.0,215,8.980846
0.0,97,8.983746
0.0,21,8.98443
0.0,206,8.990349
0.0,59,8.992065
0.0,70,8.994108
0.0,46,8.995439
0.0,58,8.997167
0.0,74,8.9993
0.0,42,9.000622
0.0,80,9.002957
0.0,69,9.005152
0.0,178,9.010383
0.0,182,9.015696
0.0,526,9.030787
0.0,612,9.048227
0.0,322,9.057424
0.0,263,9.064919
0.0,478,9.078552
0.0,301,9.087177
0.0,70,9.089205
0.0,69,9.091215
0.0,13,9.091616
0.0,214,9.097754
0.0,53,9.099275
0.0,79,9.101563
0.0,108,9.104677
0.0,122,9.108191
0.0,38,9.109303
0.0,31,9.110224
0.0,53,9.111754
0.0,233,9.11848
0.0,33,9.119461
0.0,123,9.122983
0.0,157,9.12775
0.0,250,9.135059
0.0,6,9.135269
0.0,148,9.139507
0.0,42,9.14094
0.0,98,9.143768
0.0,577,9.160294
0.0,150,9.164606
0.0,239,9.171452
0.0,242,9.178394
0.0,969,9.20639
0.0,118,9.209775
0.0,129,9.213448
0.0,47,9.21481
0.0,54,9.216393
0.0,82,9.218745
0.0,383,9.229615
0.0,174,9.234865
0.0,19,9.235452
0.0,257,9.242776
0.0,37,9.243864
0.0,4,9.244014
0.0,178,9.249338
0.0,904,9.275551
0.0,226,9.282116
0.0,46,9.28346
0.0,136,9.287488
0.0,25,9.288447
0.0,186,9.293837
0.0,72,9.295954
0.0,338,9.305729
0.0,45,9.307062
0.0,205,9.31296
0.0,217,9.319192
0.0,98,9.322047
0.0,7,9.322282
0.0,890,9.347483
0.0,377,9.358234
0.0,44,9.359521
0.0,35,9.360562
0.0,238,9.367324
0.0,22,9.367987
0.0,18,9.36854
0.0,85,9.370999
0.0,334,9.380489
0.0,224,9.386913
0.0,77,9.389109
0.0,9,9.389402
0.0,68,9.391375
0.0,49,9.392823
0.0,25,9.39357
0.0,186,9.398909
0.0,277,9.406817
0.0,26,9.407595
0.0,328,9.416903
0.0,146,9.421174
0.0,787,9.443476
0.0,29,9.444349
0.0,56,9.445989
0.0,32,9.446928
0.0,90,9.449537
0.0,14,9.449977
0.0,183,9.455225
0.0,504,9.469609
0.0,463,9.482694
0.0,218,9.488907
0.0,124,9.492464
0.0,30,9.493343
0.0,41,9.494581
0.0,368,9.505091
0.0,42,9.506322
0.0,388,9.517772
0.0,573,9.534666
0.0,507,9.549269
0.0,2,9.549365
0.0,28,9.550189
0.0,96,9.552949
0.0,493,9.567245
0.0,29,9.568119
0.0,30,9.569041
0.0,91,9.571687
0.0,920,9.598144
0.0,60,9.599925
0.0,28,9.600781
0.0,167,9.605562
0.0,10,9.605886
0.0,140,9.609955
0.0,83,9.612388
0.0,56,9.614021
0.0,344,9.623896
0.0,143,9.628242
0.0,59,9.629955
0.0,27,9.630755
0.0,7,9.630984
0.0,118,9.634406
0.0,71,9.636458
0.0,271,9.644417
0.0,17,9.644944
0.0,37,9.646076
0.0,15,9.646542
0.0,322,9.655714
0.0,177,9.660775
0.0,50,9.662232
0.0,177,9.667293
0.0,291,9.675748
0.0,724,9.696365
0.0,931,9.722917
0.0,111,9.726112
0.0,170,9.730994
0.0,10,9.731318
0.0,33,9.732288
0.0,191,9.737773
0.0,483,9.75152
0.0,374,9.762174
0.0,133,9.765993
0.0,409,9.777933
0.0,292,9.786322
0.0,112,9.789783
0.0,98,9.792611
0.0,32,9.793557
0.0,37,9.794627
0.0,140,9.79874
0.0,28,9.799577
0.0,6,9.799783
0.0,246,9.806822
0.0,72,9.808923
0.0,310,9.81809
0.0,318,9.827447
0.0,321,9.836727
0.0,19,9.837315
0.0,758,9.85942
0.0,59,9.861147
0.0,50,9.862605
0.0,95,9.86535
0.0,44,9.866651
0.0,62,9.868446
0.0,433,9.880921
0.0,538,9.896188
0.0,22,9.896852
0.0,452,9.909682
0.0,832,9.933464
0.0,109,9.936596
0.0,7,9.936824
0.0,341,9.946519
0.0,14,9.946961
0.0,279,9.955055
0.0,113,9.958313
0.0,8,9.958573
0.0,612,9.975966
0.0,36,9.97703
0.0,463,9.990218
0.0,154,9.994609
0.0,57,9.996281
0.0,108,9.999386
0.0,45,10.000687
0.0,107,10.003761
0.0,442,10.016322
0.0,291,10.024746
0.0,37,10.025837
0.0,49,10.027272
0.0,478,10.040839
0.0,252,10.048026
0.0,113,10.051277
0.0,59,10.052995
0.0,130,10.056721
0.0,38,10.057833
0.0,490,10.071855
0.0,121,10.075343
0.0,102,10.07828
0.0,21,10.078919
0.0,300,10.087524
0.0,172,10.092441
0.0,158,10.09697
0.0,633,10.115512
0.0,360,10.126164
0.0,778,10.148973
0.0,183,10.154205
0.0,16,10.154699
0.0,169,10.159506
0.0,59,10.161219
0.0,402,10.172686
0.0,291,10.181122
0.0,470,10.194653
0.0,25,10.195407
0.0,346,10.205271
0.0,132,10.209065
0.0,317,10.218264
0.0,570,10.234513
0.0,292,10.242794
0.0,64,10.24467
0.0,418,10.256604
0.0,17,10.25713
0.0,73,10.259246
0.0,83,10.261635
0.0,821,10.285122
0.0,125,10.289036
0.0,13,10.289444
0.0,204,10.295278
0.0,221,10.301591
0.0,346,10.311447
0.0,85,10.313913
0.0,209,10.319935
0.0,19,10.320511
0.0,352,10.330838
0.0,105,10.333856
0.0,58,10.33554
0.0,58,10.337219
0.0,186,10.342529
0.0,309,10.351343
0.0,103,10.354305
0.0,261,10.361783
0.0,102,10.364745
0.0,417,10.376682
0.0,119,10.380096
0.0,259,10.387484
0.0,17,10.388213
0.0,66,10.390123
0.0,24,10.390845
0.0,80,10.393144
0.0,253,10.400605
0.0,66,10.402677
0.0,36,10.403729
0.0,63,10.405639
0.0,339,10.415452
0.0,34,10.416464
0.0,37,10.417545
0.0,563,10.433872
0.0,88,10.43643
0.0,394,10.44774
0.0,42,10.448976
0.0,76,10.451185
0.0,5,10.451361
0.0,13,10.451766
0.0,845,10.475682
0.0,156,10.480215
0.0,805,10.503092
0.0,42,10.504338
0.0,405,10.515908
0.0,393,10.527085
0.0,104,10.530083
0.0,29,10.530933
0.0,108,10.534026
0.0,828,10.55761
0.0,393,10.568969
0.0,441,10.581478
0.0,196,10.587093
0.0,49,10.588537
0.0,98,10.591439
0.0,489,10.605356
0.0,45,10.606676
0.0,83,10.609079
0.0,38,10.610198
0.0,549,10.625966
0.0,322,10.635271
0.0,47,10.636657
0.0,462,10.650045
0.0,340,10.65975
0.0,70,10.661784
0.0,85,10.664229
0.0,143,10.668366
0.0,485,10.682403
0.0,27,10.683205
0.0,104,10.686231
0.0,789,10.709166
0.0,7,10.709408
0.0,29,10.710325
0.0,125,10.713895
0.0,24,10.714606
0.0,50,10.716148
0.0,104,10.719136
0.0,486,10.732941
0.0,158,10.73746
0.0,31,10.738375
0.0,149,10.742753
0.0,137,10.746682
0.0,262,10.754191
0.0,5,10.754373
0.0,144,10.758527
0.0,92,10.761175
0.0,107,10.76425
0.0,46,10.765606
0.0,98,10.768434
0.0,15,10.768899
0.0,484,10.783028
0.0,438,10.796116
0.0,164,10.800944
0.0,153,10.805387
0.0,164,10.810107
0.0,52,10.811689
0.0,219,10.818027
0.0,22,10.818687
0.0,35,10.819711
0.0,123,10.823226
0.0,762,10.8449
0.0,107,10.847974
0.0,129,10.851678
0.0,865,10.876241
0.0,40,10.877435
0.0,301,10.885978
0.0,54,10.887551
0.0,271,10.89538
0.0,41,10.896581
0.0,35,10.897614
0.0,84,10.900019
0.0,163,10.904678
0.0,391,10.915795
0.0,95,10.918513
0.0,298,10.926977
0.0,36,10.928043
0.0,155,10.932583
0.0,107,10.935645
0.0,565,10.951646
0.0,51,10.953153
0.0,13,10.953564
0.0,28,10.954391
0.0,92,10.957029
0.0,127,10.960689
0.0,22,10.961352
0.0,13,10.961753
0.0,297,10.970577
0.0,31,10.971497
0.0,307,10.980465
0.0,33,10.981453
0.0,357,10.991713
0.0,34,10.992765
0.0,127,10.996495
0.0,12,10.996885
0.0,9,10.99717
0.0,129,11.000963
0.0,48,11.002366
0.0,37,11.003454
0.0,293,11.011998
0.0,516,11.026845
0.0,37,11.027946
0.0,268,11.035592
0.0,643,11.054028
0.0,277,11.061941
0.0,71,11.064008
0.0,66,11.065923
0.0,154,11.070332
0.0,247,11.077414
0.0,195,11.083162
0.0,1000,11.111641
0.0,250,11.118832
0.0,42,11.120123
0.0,274,11.128118
0.0,61,11.129908
0.0,167,11.134705
0.0,300,11.14348
0.0,100,11.146425
0.0,222,11.152772
0.0,45,11.154104
0.0,201,11.159955
0.0,100,11.162838
0.0,16,11.16333
0.0,36,11.164399
0.0,698,11.184494
0.0,75,11.186687
0.0,60,11.188443
0.0,516,11.203305
0.0,400,11.214725
0.0,2,11.214815
0.0,608,11.232242
0.0,674,11.251513
0.0,26,11.252299
0.0,472,11.266254
0.0,176,11.271549
0.0,121,11.275271
0.0,162,11.279929
0.0,106,11.283047
0.0,181,11.288757
0.0,216,11.295124
0.0,434,11.307965
0.0,49,11.309567
0.0,121,11.313036
0.0,322,11.322174
0.0,8,11.322442
0.0,16,11.322925
0.0,62,11.324719
0.0,21,11.325352
0.0,35,11.326378
0.0,792,11.34874
0.0,262,11.356205
0.0,165,11.360931
0.0,320,11.370011
0.0,561,11.386017
0.0,259,11.393577
0.0,320,11.402745
0.0,19,11.403326
0.0,203,11.409109
0.0,11,11.409455
0.0,154,11.413837
0.0,596,11.430783
0.0,92,11.433434
0.0,156,11.437911
0.0,29,11.43877
0.0,262,11.446188
0.0,28,11.447017
0.0,343,11.456843
0.0,479,11.470491
0.0,288,11.478739
0.0,276,11.486667
0.0,14,11.487154
0.0,126,11.490786
0.0,30,11.49167
0.0,21,11.492306
0.0,57,11.493958
0.0,57,11.495622
0.0,56,11.497301
0.0,344,11.507173
0.0,14,11.507615
0.0,85,11.510078
0.0,303,11.51867
0.0,657,11.537413
0.0,508,11.552148
0.0,175,11.557338
0.0,31,11.558255
0.0,276,11.566143
0.0,202,11.571967
0.0,543,11.5876
0.0,297,11.596367
0.0,346,11.606169
0.0,8,11.606433
0.0,169,11.611292
0.0,36,11.612345
0.0,677,11.631765
0.0,43,11.633024
0.0,118,11.636398
0.0,577,11.653127
0.0,10,11.653456
0.0,79,11.655725
0.0,228,11.662225
0.0,53,11.663779
0.0,83,11.666184
0.0,349,11.676136
0.0,85,11.67858
0.0,41,11.679782
0.0,334,11.689441
0.0,91,11.692072
0.0,29,11.692934
0.0,64,11.694778
0.0,288,11.703076
0.0,700,11.722928
0.0,390,11.734128
0.0,47,11.7355
0.0,394,11.746678
0.0,1000,11.775503
0.0,420,11.787447
0.0,104,11.790608
0.0,126,11.794246
0.0,387,11.805381
0.0,26,11.80616
0.0,479,11.819769
0.0,243,11.826716
0.0,15,11.827187
0.0,53,11.828735
0.0,380,11.839998
0.0,63,11.84198
0.0,143,11.846102
0.0,471,11.859579
0.0,53,11.861127
0.0,514,11.876108
0.0,81,11.878436
0.0,182,11.883682
0.0,66,11.885601
0.0,240,11.892476
0.0,28,11.893304
0.0,109,11.896426
0.0,804,11.919374
0.0,114,11.922647
0.0,28,11.923477
0.0,52,11.924993
0.0,18,11.925536
0.0,48,11.92693
0.0,26,11.927704
0.0,188,11.933053
0.0,7,11.933288
0.0,245,11.940224
0.0,105,11.943231
0.0,14,11.943663
0.0,366,11.954119
0.0,654,11.972589
0.0,124,11.976136
0.0,84,11.978549
0.0,35,11.979568
0.0,275,11.987578
0.0,66,11.989607
0.0,14,11.990042
0.0,26,11.990814
0.0,611,12.008119
0.0,125,12.011706
0.0,1000,12.040055
0.0,35,12.041087
0.0,33,12.042069
0.0,55,12.043669
0.0,8,12.043924
0.0,488,12.057751
0.0,278,12.065749
0.0,41,12.066955
0.0,181,12.072151
0.0,56,12.073777
0.0,14,12.074214
0.0,5,12.074387
0.0,36,12.075445
0.0,270,12.083066
0.0,155,12.087464
0.0,61,12.089242
0.0,25,12.089979
0.0,201,12.095703
0.0,214,12.101808
0.0,58,12.103604
0.0,30,12.104488
0.0,142,12.108557
0.0,499,12.122877
0.0,500,12.137485
0.0,177,12.142809
0.0,122,12.146449
0.0,151,12.150857
0.0,242,12.157855
0.0,65,12.159728
0.0,18,12.160324
0.0,110,12.163649
0.0,93,12.166411
0.0,88,12.16895
0.0,33,12.169924
0.0,228,12.176481
0.0,84,12.178994
0.0,487,12.192936
0.0,163,12.197671
0.0,105,12.200704
0.0,372,12.211267
0.0,188,12.216725
0.0,137,12.220658
0.0,72,12.222725
0.0,20,12.223331
0.0,63,12.225162
0.0,268,12.232778
0.0,43,12.234046
0.0,109,12.23717
0.0,267,12.244806
0.0,151,12.249135
0.0,447,12.261831
0.0,118,12.265248
0.0,164,12.269947
0.0,28,12.270783
0.0,65,12.272904
0.0,473,12.286366
0.0,344,12.296693
0.0,237,12.303432
0.0,7,12.30367
0.0,135,12.307534
0.0,389,12.318766
0.0,85,12.321238
0.0,488,12.33515
0.0,584,12.35173
0.0,90,12.354322
0.0,485,12.368096
0.0,20,12.368709
0.0,199,12.37449
0.0,201,12.38025
0.0,114,12.383529
0.0,57,12.385176
0.0,242,12.392023
0.0,180,12.397191
0.0,142,12.401271
0.0,55,12.402874
0.0,109,12.406302
0.0,282,12.414341
0.0,7,12.41458
0.0,102,12.417774
0.0,34,12.418776
0.0,7,12.419006
0.0,581,12.435651
0.0,82,12.43817
0.0,527,12.453352
0.0,2,12.453449
0.0,44,12.454772
0.0,464,12.467987
0.0,85,12.470445
0.0,86,12.472996
0.0,449,12.485792
0.0,322,12.495012
0.0,557,12.510915
0.0,333,12.520488
0.0,430,12.532743
0.0,34,12.533735
0.0,39,12.534885
0.0,4,12.535033
0.0,347,12.544901
0.0,49,12.546321
0.0,54,12.547883
0.0,140,12.551888
0.0,302,12.560609
0.0,524,12.575453
0.0,99,12.578331
0.0,290,12.586623
0.0,164,12.591286
0.0,133,12.595173
0.0,30,12.596073
0.0,194,12.601586
0.0,63,12.603399
0.0,170,12.608262
0.0,17,12.608788
0.0,64,12.610642
0.0,33,12.611609
0.0,203,12.617534
0.0,249,12.624733
0.0,177,12.629989
0.0,203,12.635838
0.0,228,12.642507
0.0,69,12.644544
0.0,156,12.648986
0.0,15,12.649446
0.0,304,12.658115
0.0,203,12.663942
0.0,379,12.674796
0.0,337,12.684365
0.0,26,12.685148
0.0,136,12.68903
0.0,38,12.690153
0.0,226,12.696884
0.0,95,12.699648
0.0,29,12.700517
0.0,48,12.701905
0.0,669,12.721376
0.0,157,12.726005
0.0,675,12.745389
0.0,121,12.748846
0.0,138,12.752841
0.0,247,12.759898
0.0,246,12.76713
0.0,301,12.776133
0.0,362,12.786525
0.0,98,12.789608
0.0,368,12.800057
0.0,11,12.80041
0.0,123,12.803916
0.0,116,12.807239
0.0,217,12.813461
0.0,114,12.816737
0.0,102,12.819685
0.0,51,12.821248
0.0,379,12.832061
0.0,177,12.837112
0.0,11,12.837462
0.0,9,12.837749
0.0,108,12.840941
0.0,240,12.847833
0.0,76,12.85003
0.0,26,12.8508
0.0,33,12.851768
0.0,19,12.852348
0.0,30,12.853231
0.0,52,12.854733
0.0,265,12.862417
0.0,135,12.866302
0.0,101,12.869206
0.0,478,12.882869
0.0,117,12.88625
0.0,19,12.886824
0.0,503,12.901108
0.0,303,12.909745
0.0,178,12.914863
0.0,592,12.931672
0.0,128,12.935391
0.0,333,12.94485
0.0,156,12.949344
0.0,250,12.956499
0.0,217,12.962663
0.0,45,12.963979
0.0,535,12.979204
0.0,7,12.979448
0.0,82,12.982015
0.0,59,12.983735
0.0,426,12.996146
0.0,76,12.998341
0.0,365,13.008958
0.0,57,13.010688
0.0,31,13.011593
0.0,14,13.012054
0.0,523,13.027297
0.0,347,13.037214
0.0,44,13.038509
0.0,17,13.03903
0.0,36,13.040093
0.0,18,13.040644
0.0,30,13.041533
0.0,240,13.048494
0.0,318,13.057583
0.0,314,13.066524
0.0,176,13.071555
0.0,31,13.072475
0.0,61,13.074239
0.0,280,13.082191
0.0,56,13.083825
0.0,16,13.084312
0.0,154,13.088842
0.0,173,13.093763
0.0,186,13.099198
0.0,29,13.100104
0.0,28,13.100937
0.0,54,13.102516
0.0,157,13.106999
0.0,120,13.110474
0.0,12,13.110857
0.0,295,13.119251
0.0,337,13.12903
0.0,15,13.129496
0.0,174,13.134468
0.0,53,13.136001
0.0,39,13.137147
0.0,282,13.145385
0.0,35,13.146425
0.0,88,13.148969
0.0,312,13.15789
0.0,463,13.171199
0.0,7,13.171443
0.0,335,13.181155
0.0,25,13.181895
0.0,6,13.182103
0.0,29,13.182952
0.0,12,13.183324
0.0,14,13.183758
0.0,58,13.185439
0.0,125,13.189057
0.0,152,13.193429
0.0,131,13.197187
0.0,476,13.21075
0.0,260,13.218155
0.0,565,13.234198
0.0,10,13.234524
0.0,32,13.23546
0.0,146,13.239763
0.0,36,13.240822
0.0,114,13.244095
0.0,187,13.249437
0.0,50,13.250895
0.0,19,13.251474
0.0,31,13.25238
0.0,61,13.254147
0.0,610,13.271703
0.0,485,13.286212
0.0,13,13.286618
0.0,275,13.294701
0.0,31,13.29562
0.0,62,13.297476
0.0,151,13.301808
0.0,79,13.304277
0.0,443,13.317003
0.0,36,13.318061
0.0,152,13.322399
0.0,43,13.323652
0.0,2,13.323741
0.0,81,13.326066
0.0,411,13.337726
0.0,103,13.340853
0.0,18,13.341399
0.0,181,13.346696
0.0,29,13.347552
0.0,15,13.348012
0.0,45,13.349323
0.0,46,13.350721
0.0,783,13.372956
0.0,135,13.376839
0.0,546,13.392438
0.0,160,13.39698
0.0,127,13.400623
0.0,28,13.401448
0.0,42,13.402672
0.0,517,13.417284
0.0,262,13.42473
0.0,210,13.43081
0.0,32,13.431758
0.0,177,13.43684
0.0,144,13.440991
0.0,37,13.442075
0.0,15,13.442529
0.0,99,13.445382
0.0,324,13.454641
0.0,331,13.464206
0.0,108,13.467424
0.0,101,13.470366
0.0,178,13.475438
0.0,26,13.476249
0.0,8,13.476513
0.0,65,13.478373
0.0,73,13.480477
0.0,57,13.482127
0.0,105,13.485127
0.0,2,13.485217
0.0,88,13.487735
0.0,126,13.49134
0.0,42,13.492561
0.0,67,13.494485
0.0,40,13.495647
0.0,487,13.509431
0.0,8,13.509704
0.0,263,13.517588
0.0,120,13.521073
0.0,82,13.523436
0.0,85,13.525927
0.0,563,13.542106
0.0,171,13.547057
0.0,120,13.550529
0.0,580,13.567286
0.0,86,13.569851
0.0,242,13.577041
0.0,53,13.578586
0.0,250,13.585767
0.0,80,13.588104
0.0,846,13.612515
0.0,406,13.624178
0.0,337,13.634154
0.0,701,13.655278
0.0,41,13.656936
0.0,60,13.659355
0.0,113,13.663293
0.0,27,13.664107
0.0,11,13.664457
0.0,296,13.672852
0.0,92,13.675508
0.0,7,13.67574
0.0,638,13.693929
0.0,44,13.695214
0.0,53,13.696753
0.0,101,13.69967
0.0,148,13.703944
0.0,34,13.704944
0.0,19,13.70552
0.0,121,13.708985
0.0,39,13.710139
0.0,14,13.710572
0.0,374,13.72122
0.0,185,13.726536
0.0,127,13.730262
0.0,6,13.730471
0.0,337,13.74018
0.0,89,13.742754
0.0,202,13.74854
0.0,63,13.75037
0.0,99,13.753225
0.0,61,13.754987
0.0,529,13.770137
0.0,210,13.77651
0.0,60,13.778258
0.0,233,13.784872
0.0,289,13.793482
0.0,88,13.796066
0.0,138,13.799998
0.0,80,13.802298
0.0,140,13.806325
0.0,23,13.807018
0.0,21,13.807646
0.0,54,13.80922
0.0,2,13.809309
0.0,71,13.811327
0.0,162,13.81597
0.0,317,13.824906
0.0,44,13.826177
0.0,30,13.827055
0.0,45,13.828365
0.0,230,13.834912
0.0,316,13.843975
0.0,863,13.869259
0.0,71,13.871305
0.0,505,13.885996
0.0,261,13.893522
0.0,125,13.897127
0.0,14,13.897558
0.0,17,13.898072
0.0,285,13.906138
0.0,714,13.92639
0.0,369,13.936902
0.0,80,13.939339
0.0,49,13.940845
0.0,203,13.946662
0.0,108,13.94978
0.0,225,13.956275
0.0,395,13.967518
0.0,88,13.970076
0.0,13,13.970483
0.0,93,13.973164
0.0,265,13.980734
0.0,295,13.98915
0.0,130,13.992959
0.0,37,13.994041
0.0,340,14.003666
0.0,56,14.005295
0.0,198,14.010932
0.0,302,14.019491
0.0,366,14.029888
0.0,711,14.050658
0.0,144,14.054782
0.0,456,14.067698
0.0,80,14.070085
0.0,391,14.081186
0.0,46,14.082522
0.0,260,14.089898
0.0,305,14.098563
0.0,92,14.101206
0.0,31,14.102128
0.0,95,14.104838
0.0,606,14.122015
0.0,114,14.125526
0.0,296,14.134053
0.0,127,14.137992
0.0,13,14.138403
0.0,18,14.138958
0.0,606,14.156924
0.0,6,14.157136
0.0,262,14.16463
0.0,79,14.166916
0.0,307,14.175847
0.0,24,14.17656
0.0,687,14.196467
0.0,137,14.200396
0.0,60,14.202131
0.0,97,14.205169
0.0,367,14.215649
0.0,45,14.216974
0.0,235,14.223758
0.0,45,14.225073
0.0,17,14.225585
0.0,36,14.226639
0.0,111,14.229794
0.0,474,14.243168
0.0,367,14.253552
0.0,42,14.254786
0.0,518,14.269589
0.0,463,14.283048
0.0,234,14.289958
0.0,596,14.306989
0.0,28,14.307836
0.0,230,14.314404
0.0,76,14.316602
0.0,126,14.3202
0.0,340,14.329815
0.0,22,14.330475
0.0,269,14.33822
0.0,253,14.345447
0.0,61,14.347216
0.0,41,14.348411
0.0,268,14.356025
0.0,379,14.366795
0.0,43,14.368045
0.0,130,14.371883
0.0,30,14.372783
0.0,8,14.373042
0.0,469,14.386291
0.0,5,14.386473
0.0,70,14.388492
0.0,149,14.392756
0.0,142,14.396821
0.0,180,14.401929
0.0,96,14.404687
0.0,65,14.406544
0.0,38,14.407655
0.0,502,14.422042
0.0,32,14.422995
0.0,307,14.432046
0.0,286,14.44047
0.0,93,14.443161
0.0,25,14.443946
0.0,645,14.462673
0.0,19,14.46326
0.0,115,14.466608
0.0,23,14.467312
0.0,64,14.469202
0.0,72,14.471282
0.0,232,14.477998
0.0,341,14.487797
0.0,82,14.490177
0.0,84,14.49264
0.0,28,14.49347
0.0,135,14.49736
0.0,44,14.498642
0.0,75,14.500811
0.0,97,14.503605
0.0,31,14.504559
0.0,115,14.507843
0.0,17,14.508364
0.0,155,14.512803
0.0,159,14.517339
0.0,67,14.519269
0.0,29,14.520132
0.0,114,14.523429
0.0,86,14.525909
0.0,437,14.53862
0.0,48,14.540023
0.0,457,14.552931
0.0,106,14.555949
0.0,210,14.562018
0.0,316,14.571028
0.0,23,14.57171
0.0,97,14.574499
0.0,76,14.576713
0.0,181,14.581892
0.0,128,14.585597
0.0,272,14.593343
0.0,247,14.600497
0.0,18,14.601052
0.0,358,14.611247
0.0,488,14.625306
0.0,52,14.627084
0.0,342,14.636832
0.0,78,14.63907
0.0,16,14.639558
0.0,500,14.653988
0.0,245,14.660966
0.0,191,14.6664
0.0,500,14.68068
0.0,531,14.695823
0.0,31,14.696735
0.0,51,14.698209
0.0,164,14.702892
0.0,37,14.703974
0.0,78,14.706228
0.0,75,14.708408
0.0,2,14.708495
0.0,25,14.709231
0.0,22,14.709884
0.0,152,14.714491
0.0,11,14.714916
0.0,33,14.71588
0.0,315,14.724813
0.0,388,14.736076
0.0,52,14.737574
0.0,510,14.752368
0.0,302,14.761184
0.0,342,14.771077
0.0,448,14.783847
0.0,352,14.794203
0.0,8,14.794472
0.0,84,14.796902
0.0,773,14.818826
0.0,143,14.822942
0.0,464,14.836199
0.0,324,14.845388
0.0,13,14.845791
0.0,76,14.847979
0.0,294,14.856341
0.0,60,14.858148
0.0,555,14.873935
0.0,12,14.874321
0.0,132,14.878091
0.0,337,14.887635
0.0,101,14.890636
0.0,583,14.907356
0.0,42,14.9086
0.0,352,14.91862
0.0,289,14.926816
0.0,231,14.93339
0.0,227,14.939924
0.0,107,14.943004
0.0,17,14.943521
0.0,77,14.945728
0.0,167,14.950516
0.0,103,14.953465
0.0,20,14.954075
0.0,230,14.960601
0.0,43,14.961855
0.0,286,14.970037
0.0,178,14.975131
0.0,282,14.983226
0.0,48,14.984625
0.0,311,14.993552
0.0,80,14.995853
0.0,389,15.007271
0.0,325,15.016817
0.0,61,15.018583
0.0,280,15.026624
0.0,91,15.029304
0.0,693,15.048888
0.0,26,15.049656
0.0,71,15.051888
0.0,136,15.055886
0.0,19,15.0565
0.0,4,15.05665
0.0,330,15.066079
0.0,326,15.075408
0.0,26,15.076192
0.0,51,15.077678
0.0,61,15.079432
0.0,7,15.079661
0.0,149,15.083956
0.0,238,15.090806
0.0,66,15.092726
0.0,14,15.093161
0.0,141,15.097203
0.0,66,15.099125
0.0,236,15.105866
0.0,486,15.119641
0.0,179,15.124764
0.0,9,15.125051
0.0,22,15.125915
0.0,711,15.146636
0.0,445,15.159288
0.0,266,15.166941
0.0,124,15.170541
0.0,384,15.181424
0.0,771,15.203337
0.0,18,15.203897
0.0,53,15.20544
0.0,265,15.213019
0.0,95,15.215764
0.0,18,15.216315
0.0,265,15.223857
0.0,65,15.22576
0.0,6,15.22597
0.0,2,15.226053
0.0,293,15.234411
0.0,52,15.23594
0.0,305,15.244685
0.0,228,15.251172
0.0,152,15.255501
0.0,78,15.257753
0.0,2,15.257843
0.0,96,15.26059
0.0,107,15.263656
0.0,142,15.267737
0.0,281,15.276305
0.0,25,15.277054
0.0,119,15.280583
0.0,64,15.282436
0.0,84,15.284903
0.0,421,15.297861
0.0,46,15.299222
0.0,273,15.307343
0.0,43,15.308685
0.0,66,15.310589
0.0,88,15.313143
0.0,175,15.318324
0.0,919,15.344639
0.0,187,15.350033
0.0,309,15.358929
0.0,529,15.374003
0.0,285,15.382119
0.0,91,15.384742
0.0,18,15.385295
0.0,65,15.387169
0.0,118,15.390522
0.0,284,15.398664
0.0,36,15.399734
0.0,473,15.413122
0.0,32,15.414074
0.0,27,15.41487
0.0,1000,15.443095
0.0,65,15.444997
0.0,167,15.44974
0.0,19,15.450318
0.0,168,15.455076
0.0,84,15.457534
0.0,82,15.459891
0.0,62,15.461674
0.0,291,15.469983
0.0,364,15.480291
0.0,243,15.487193
0.0,233,15.493781
0.0,37,15.494857
0.0,315,15.503744
0.0,178,15.508906
0.0,18,15.509456
0.0,91,15.512051
0.0,75,15.514314
0.0,44,15.516123
0.0,56,15.517754
0.0,302,15.526382
0.0,35,15.527427
0.0,94,15.530215
0.0,50,15.531665
0.0,93,15.534351
0.0,287,15.542629
0.0,23,15.543328
0.0,6,15.543531
0.0,19,15.544103
0.0,646,15.562371
0.0,168,15.56719
0.0,252,15.574383
0.0,385,15.585742
0.0,63,15.587558
0.0,115,15.591267
0.0,25,15.592049
0.0,489,15.605905
0.0,139,15.609958
0.0,218,15.616214
0.0,341,15.626348
0.0,806,15.649873
0.0,169,15.654737
0.0,354,15.664886
0.0,606,15.682003
0.0,73,15.684116
0.0,44,15.685397
0.0,129,15.689313
0.0,197,15.695052
0.0,128,15.698701
0.0,470,15.712058
0.0,575,15.728421
0.0,218,15.735178
0.0,165,15.739877
0.0,163,15.744507
0.0,141,15.748539
0.0,52,15.750044
0.0,48,15.75143
0.0,215,15.757567
0.0,15,15.758029
0.0,122,15.761517
0.0,33,15.762491
0.0,116,15.76578
0.0,110,15.768958
0.0,227,15.775736
0.0,26,15.77652
0.0,169,15.781347
0.0,134,15.78516
0.0,609,15.802511
0.0,177,15.807607
0.0,88,15.810181
0.0,1000,15.838393
0.0,203,15.844213
0.0,184,15.849519
0.0,89,15.852087
0.0,82,15.854438
0.0,162,15.859138
0.0,105,15.86217
0.0,114,15.865428
0.0,158,15.870255
0.0,57,15.87192
0.0,41,15.873105
0.0,321,15.882387
0.0,785,15.90542
0.0,44,15.906727
0.0,141,15.911014
0.0,147,15.915288
0.0,466,15.928727
0.0,295,15.937219
0.0,390,15.948342
0.0,55,15.949955
0.0,48,15.951369
0.0,22,15.952034
0.0,221,15.958461
0.0,183,15.963725
0.0,70,15.965764
0.0,205,15.971612
0.0,212,15.977713
0.0,177,15.982826
0.0,152,15.987202
0.0,102,15.990141
0.0,85,15.992612
0.0,90,15.995231
0.0,73,15.997431
0.0,133,16.001271
0.0,321,16.01044
0.0,44,16.011733
0.0,13,16.012164
0.0,205,16.018046
0.0,431,16.030364
0.0,133,16.034276
0.0,307,16.043079
0.0,52,16.044612
0.0,169,16.049444
0.0,85,16.051906
0.0,77,16.05414
0.0,155,16.05856
0.0,20,16.059164
0.0,252,16.066359
0.0,218,16.072656
0.0,26,16.07344
0.0,65,16.075297
0.0,101,16.078204
0.0,207,16.084137
0.0,95,16.086886
0.0,48,16.08831
0.0,1000,16.116699
0.0,499,16.131207
0.0,52,16.132755
0.0,29,16.133621
0.0,250,16.140788
0.0,155,16.145411
0.0,266,16.15306
0.0,9,16.153354
0.0,166,16.158397
0.0,316,16.16776
0.0,64,16.169769
0.0,181,16.17504
0.0,46,16.176398
0.0,53,16.177954
0.0,20,16.178551
0.0,100,16.181435
0.0,33,16.18248
0.0,33,16.183435
0.0,87,16.186063
0.0,586,16.20313
0.0,63,16.20502
0.0,55,16.206642
0.0,450,16.219404
0.0,36,16.220477
0.0,79,16.222803
0.0,185,16.228111
0.0,39,16.229241
0.0,266,16.236797
0.0,8,16.237067
0.0,192,16.242573
0.0,82,16.244953
0.0,85,16.247389
0.0,126,16.251007
0.0,148,16.255212
0.0,221,16.261547
0.0,338,16.271166
0.0,36,16.272242
0.0,41,16.273757
0.0,254,16.280984
0.0,101,16.28391
0.0,154,16.288345
0.0,32,16.289529
0.0,44,16.290896
0.0,536,16.306574
0.0,54,16.30817
0.0,4,16.308319
0.0,162,16.312975
0.0,102,16.315908
0.0,96,16.318676
0.0,112,16.321898
0.0,34,16.322905
0.0,2,16.322994
0.0,138,16.326913
0.0,68,16.328881
0.0,403,16.340467
0.0,274,16.348594
0.0,264,16.356179
0.0,110,16.359333
0.0,299,16.367864
0.0,75,16.370048
0.0,147,16.374297
0.0,126,16.377859
0.0,131,16.381642
0.0,320,16.390741
0.0,17,16.391262
0.0,541,16.406637
0.0,15,16.407103
0.0,103,16.410071
0.0,166,16.41489
0.0,15,16.415348
0.0,2,16.415435
0.0,36,16.416487
0.0,162,16.421152
0.0,148,16.425432
0.0,338,16.435039
0.0,96,16.4378
0.0,979,16.465833
0.0,308,16.47505
0.0,312,16.484056
0.0,54,16.485629
0.0,177,16.490984
0.0,213,16.497131
0.0,91,16.499741
0.0,20,16.500336
0.0,44,16.501604
0.0,9,16.501894
0.0,372,16.512402
0.0,48,16.513787
0.0,985,16.541604
0.0,279,16.549507
0.0,105,16.55253
0.0,231,16.559107
0.0,685,16.578585
0.0,242,16.585417
0.0,282,16.593429
0.0,36,16.594493
0.0,383,16.605382
0.0,79,16.607628
0.0,319,16.616671
0.0,31,16.61758
0.0,55,16.619246
0.0,111,16.622435
0.0,207,16.628662
0.0,28,16.629498
0.0,50,16.630946
0.0,369,16.641418
0.0,44,16.642982
0.0,424,16.655263
0.0,63,16.657073
0.0,626,16.674838
0.0,93,16.677597
0.0,27,16.678397
0.0,90,16.680969
0.0,162,16.685626
0.0,49,16.68706
0.0,78,16.689303
0.0,482,16.702924
0.0,258,16.710267
0.0,259,16.717856
0.0,198,16.723496
0.0,6,16.723704
0.0,44,16.724986
0.0,307,16.733929
0.0,126,16.737548
0.0,104,16.740544
0.0,201,16.746658
0.0,197,16.752393
0.0,316,16.761564
0.0,1000,16.791024
0.0,2,16.791123
0.0,141,16.795161
0.0,256,16.802874
0.0,224,16.809299
0.0,61,16.811065
0.0,501,16.825195
0.0,291,16.833636
0.0,18,16.834186
0.0,84,16.836616
0.0,63,16.838439
0.0,103,16.841403
0.0,23,16.842094
0.0,99,16.844927
0.0,119,16.848366
0.0,411,16.860143
0.0,205,16.866073
0.0,121,16.869542
0.0,326,16.878778
0.0,107,16.881857
0.0,128,16.885518
0.0,209,16.891467
0.0,247,16.898464
0.0,283,16.906611
0.0,562,16.922534
0.0,593,16.939754
0.0,85,16.942245
0.0,53,16.943781
0.0,18,16.944326
0.0,27,16.945114
0.0,75,16.947255
0.0,191,16.952673
0.0,2,16.952764
0.0,253,16.95999
0.0,34,16.960985
0.0,368,16.971408
0.0,326,16.980701
0.0,464,16.993846
0.0,62,16.995635
0.0,82,16.998004
0.0,508,17.012641
0.0,53,17.014157
0.0,87,17.016753
0.0,349,17.026959
0.0,242,17.033975
0.0,86,17.036614
0.0,60,17.038455
0.0,403,17.050099
0.0,45,17.051404
0.0,365,17.062274
0.0,53,17.063891
0.0,35,17.064917
0.0,116,17.068278
0.0,47,17.069645
0.0,56,17.071259
0.0,35,17.072293
0.0,215,17.07846
0.0,172,17.08335
0.0,190,17.088794
0.0,535,17.10401
0.0,64,17.105867
0.0,613,17.123284
0.0,104,17.126524
0.0,53,17.12807
0.0,114,17.13144
0.0,34,17.132451
0.0,50,17.133896
0.0,99,17.136737
0.0,532,17.151946
0.0,27,17.152766
0.0,161,17.157361
0.0,44,17.15864
0.0,647,17.177073
0.0,20,17.177689
0.0,345,17.187454
0.0,333,17.196896
0.0,363,17.207338
0.0,64,17.209196
0.0,685,17.228644
0.0,22,17.229312
0.0,167,17.2341
0.0,7,17.234338
0.0,83,17.236732
0.0,473,17.250294
0.0,260,17.257685
0.0,539,17.273174
0.0,76,17.275512
0.0,90,17.278105
0.0,31,17.279023
0.0,76,17.281306
0.0,70,17.283329
0.0,94,17.286062
0.0,113,17.289511
0.0,239,17.296326
0.0,20,17.296932
0.0,95,17.299647
0.0,343,17.3096
0.0,127,17.313265
0.0,386,17.324712
0.0,1000,17.353583
0.0,30,17.354479
0.0,171,17.359399
0.0,84,17.361794
0.0,685,17.381091
0.0,61,17.382858
0.0,84,17.38527
0.0,181,17.3904
0.0,75,17.392558
0.0,19,17.393129
0.0,10,17.393436
0.0,155,17.397919
0.0,463,17.411105
0.0,37,17.412198
0.0,216,17.418315
0.0,37,17.419398
0.0,224,17.425812
0.0,33,17.426793
0.0,333,17.43629
0.0,64,17.438163
0.0,264,17.445691
0.0,47,17.44707
0.0,103,17.450015
0.0,33,17.450989
0.0,181,17.456152
0.0,114,17.459506
0.0,19,17.460208
0.0,108,17.463703
0.0,35,17.464808
0.0,91,17.467476
0.0,392,17.478878
0.0,136,17.482797
0.0,82,17.485174
0.0,370,17.495647
0.0,5,17.495827
0.0,140,17.499837
0.0,331,17.509285
0.0,137,17.513168
0.0,228,17.51967
0.0,583,17.536581
0.0,370,17.547248
0.0,186,17.552558
0.0,648,17.570886
0.0,112,17.574115
0.0,173,17.57907
0.0,263,17.586586
0.0,88,17.589112
0.0,24,17.589839
0.0,157,17.594327
0.0,79,17.596593
0.0,103,17.599758
0.0,269,17.607618
0.0,125,17.611216
0.0,261,17.618602
0.0,63,17.620622
0.0,133,17.624719
0.0,718,17.645755
0.0,143,17.649897
0.0,45,17.651206
0.0,4,17.651353
0.0,22,17.652002
0.0,326,17.661335
0.0,50,17.662779
0.0,142,17.66684
0.0,16,17.667331
0.0,84,17.669738
0.0,289,17.67791
0.0,1000,17.706216
0.0,133,17.710017
0.0,227,17.716479
0.0,306,17.725141
0.0,47,17.726508
0.0,176,17.731528
0.0,87,17.734022
0.0,451,17.746927
0.0,16,17.747423
0.0,69,17.749408
0.0,132,17.753188
0.0,847,17.7776
0.0,322,17.786751
0.0,6,17.78696
0.0,28,17.787779
0.0,405,17.799416
0.0,619,17.817161
0.0,373,17.827737
0.0,171,17.832624
0.0,12,17.833007
0.0,83,17.835376
0.0,42,17.836601
0.0,314,17.845534
0.0,208,17.851523
0.0,165,17.856184
0.0,169,17.861048
0.0,37,17.86213
0.0,112,17.865348
0.0,8,17.865609
0.0,345,17.875388
0.0,347,17.885484
0.0,63,17.887394
0.0,31,17.888316
0.0,33,17.889283
0.0,1000,17.918268
0.0,75,17.920568
0.0,332,17.930181
0.0,106,17.93322
0.0,227,17.939632
0.0,524,17.954514
0.0,97,17.957313
0.0,27,17.958125
0.0,42,17.959349
0.0,52,17.960852
0.0,14,17.961281
0.0,18,17.961926
0.0,406,17.973426
0.0,562,17.989354
0.0,20,17.989962
0.0,111,17.993143
0.0,439,18.00564
0.0,26,18.006416
0.0,39,18.00756
0.0,153,18.011931
0.0,15,18.012402
0.0,91,18.014988
0.0,40,18.016152
0.0,198,18.021762
0.0,180,18.026944
0.0,155,18.031393
0.0,264,18.038979
0.0,113,18.042216
0.0,95,18.044949
0.0,124,18.048511
0.0,137,18.052421
0.0,71,18.054465
0.0,25,18.055202
0.0,188,18.060536
0.0,262,18.068024
0.0,185,18.073325
0.0,107,18.076518
0.0,59,18.078232
0.0,319,18.08726
0.0,206,18.093132
0.0,102,18.096075
0.0,143,18.100123
0.0,68,18.102074
0.0,146,18.106256
0.0,13,18.106662
0.0,65,18.108533
0.0,4,18.108681
0.0,275,18.116609
0.0,15,18.117068
0.0,91,18.119683
0.0,210,18.125638
0.0,138,18.12993
0.0,53,18.131463
0.0,32,18.132532
0.0,267,18.14036
0.0,48,18.141753
0.0,54,18.143536
0.0,330,18.153124
0.0,10,18.153451
0.0,157,18.157932
0.0,303,18.166607
0.0,81,18.168926
0.0,142,18.173177
0.0,146,18.177416
0.0,21,18.178046
0.0,85,18.180479
0.0,518,18.195777
0.0,96,18.198574
0.0,126,18.202271
0.0,231,18.208929
0.0,48,18.210502
0.0,58,18.21228
0.0,27,18.213088
0.0,103,18.21613
0.0,161,18.220747
0.0,40,18.221909
0.0,375,18.232656
0.0,590,18.249367
0.0,108,18.25245
0.0,123,18.255945
0.0,121,18.259392
0.0,193,18.26494
0.0,222,18.271247
0.0,39,18.272388
0.0,12,18.272763
0.0,126,18.276707
0.0,221,18.282936
0.0,232,18.289622
0.0,93,18.292459
0.0,102,18.295381
0.0,87,18.298038
0.0,292,18.306489
0.0,1000,18.335064
0.0,549,18.350502
0.0,24,18.351229
0.0,687,18.370641
0.0,255,18.377966
0.0,72,18.380032
0.0,12,18.380409
0.0,356,18.390502
0.0,196,18.396064
0.0,9,18.396359
0.0,50,18.397812
0.0,22,18.398472
0.0,339,18.408156
0.0,74,18.410295
0.0,246,18.417517
0.0,374,18.428049
0.0,225,18.434471
0.0,131,18.438219
0.0,77,18.44047
0.0,19,18.441051
0.0,378,18.451734
0.0,52,18.453344
0.0,502,18.467802
0.0,83,18.470209
0.0,135,18.474507
0.0,16,18.474994
0.0,180,18.480148
0.0,96,18.482895
0.0,794,18.505658
0.0,110,18.508804
0.0,44,18.510254
0.0,7,18.510505
0.0,38,18.511644
0.0,323,18.521001
0.0,186,18.52631
0.0,230,18.53293
0.0,51,18.534446
0.0,622,18.552075
0.0,125,18.555654
0.0,88,18.558191
0.0,140,18.562176
0.0,133,18.565993
0.0,91,18.568624
0.0,289,18.576833
0.0,146,18.581031
0.0,17,18.581556
0.0,162,18.586185
0.0,113,18.589401
0.0,226,18.595885
0.0,617,18.613543
0.0,4,18.613696
0.0,31,18.614609
0.0,98,18.617411
0.0,136,18.621294
0.0,273,18.629337
0.0,18,18.629891
0.0,72,18.631971
0.0,155,18.636421
0.0,13,18.636831
0.0,776,18.65926
0.0,861,18.683903
0.0,312,18.692815
0.0,246,18.699836
0.0,57,18.701522
0.0,94,18.70563
0.0,48,18.707368
0.0,179,18.712514
0.0,77,18.714729
0.0,34,18.715724
0.0,359,18.726142
0.0,31,18.727064
0.0,363,18.737764
0.0,350,18.748013
0.0,234,18.75499
0.0,5,18.755172
0.0,45,18.756628
0.0,134,18.760673
0.0,92,18.763375
0.0,382,18.775014
0.0,100,18.777984
0.0,17,18.778542
0.0,12,18.778914
0.0,1000,18.80905
0.0,89,18.811637
0.0,61,18.813428
0.0,283,18.82144
0.0,113,18.825409
0.0,540,18.840814
0.0,78,18.84308
0.0,75,18.845254
0.0,194,18.851085
0.0,59,18.852808
0.0,226,18.859338
0.0,179,18.864466
0.0,7,18.864708
0.0,22,18.865362
0.0,329,18.87541
0.0,47,18.876787
0.0,99,18.879626
0.0,26,18.880406
0.0,1000,18.908752
0.0,626,18.926496
0.0,758,18.947913
0.0,218,18.95413
0.0,207,18.960081
0.0,47,18.961451
0.0,108,18.964545
0.0,94,18.967244
0.0,282,18.97524
0.0,77,18.977462
0.0,95,18.980175
0.0,28,18.981013
0.0,70,18.983094
0.0,536,18.998255
0.0,621,19.015858
0.0,151,19.020283
0.0,258,19.027623
0.0,72,19.029713
0.0,53,19.031271
0.0,20,19.031871
0.0,439,19.044496
0.0,155,19.048944
0.0,922,19.076
0.0,367,19.08657
0.0,376,19.097423
0.0,226,19.103846
0.0,354,19.113954
0.0,409,19.125628
0.0,4,19.125783
0.0,252,19.133283
0.0,16,19.133792
0.0,373,19.144544
0.0,56,19.146182
0.0,1000,19.174502
0.0,126,19.178135
0.0,108,19.181205
0.0,332,19.190801
0.0,80,19.193112
0.0,365,19.203495
0.0,10,19.203812
0.0,37,19.204895
0.0,298,19.213697
0.0,358,19.223863
0.0,32,19.224809
0.0,212,19.230874
0.0,59,19.232591
0.0,413,19.244325
0.0,56,19.245948
0.0,44,19.247332
0.0,418,19.259215
0.0,1000,19.287991
0.0,149,19.292375
0.0,29,19.293226
0.0,59,19.294924
0.0,484,19.308593
0.0,10,19.308921
0.0,231,19.315463
0.0,12,19.315845
0.0,601,19.333276
0.0,633,19.351477
0.0,253,19.358922
0.0,246,19.366041
0.0,927,19.392228
0.0,100,19.395097
0.0,246,19.402212
0.0,20,19.402811
0.0,360,19.413016
0.0,174,19.417981
0.0,442,19.430552
0.0,99,19.433411
0.0,538,19.448771
0.0,274,19.456569
0.0,185,19.461832
0.0,329,19.471248
0.0,49,19.472687
0.0,218,19.479012
0.0,65,19.480893
0.0,277,19.488778
0.0,98,19.491588
0.0,221,19.497899
0.0,331,19.507311
0.0,106,19.510363
0.0,35,19.511482
0.0,835,19.535074
0.0,139,19.539045
0.0,6,19.539253
0.0,56,19.540874
0.0,18,19.541424
0.0,108,19.544495
0.0,17,19.545016
0.0,18,19.545563
0.0,493,19.559646
0.0,106,19.562716
0.0,29,19.563578
0.0,92,19.566222
0.0,33,19.567193
0.0,80,19.56951
0.0,7,19.569746
0.0,424,19.581787
0.0,74,19.583922
0.0,148,19.588262
0.0,194,19.593783
0.0,706,19.613768
0.0,97,19.616829
0.0,10,19.617154
0.0,90,19.619764
0.0,13,19.620174
0.0,74,19.62232
0.0,201,19.628615
0.0,109,19.631769
0.0,38,19.632911
0.0,136,19.636796
0.0,602,19.654418
0.0,153,19.658834
0.0,224,19.66528
0.0,22,19.665976
0.0,123,19.669527
0.0,25,19.670278
0.0,238,19.677104
0.0,287,19.685302
0.0,83,19.687701
0.0,185,19.692987
0.0,867,19.718034
0.0,226,19.724684
0.0,50,19.726163
0.0,58,19.727829
0.0,358,19.738177
0.0,6,19.738475
0.0,19,19.739053
0.0,369,19.74971
0.0,73,19.751837
0.0,283,19.760154
0.0,191,19.765679
0.0,203,19.771648
0.0,226,19.778365
0.0,395,19.78992
0.0,96,19.792842
0.0,93,19.795515
0.0,228,19.802247
0.0,50,19.803716
0.0,104,19.806774
0.0,518,19.822155
0.0,386,19.833227
0.0,173,19.838184
0.0,8,19.838451
0.0,2,19.838539
0.0,126,19.842161
0.0,39,19.843295
0.0,1000,19.871713
0.0,468,19.88521
0.0,1000,19.913967
0.0,51,19.915456
0.0,107,19.918854
0.0,9,19.919212
0.0,193,19.924758
0.0,123,19.928325
0.0,18,19.928874
0.0,217,19.935192
0.0,211,19.941491
0.0,141,19.945531
0.0,24,19.946255
0.0,137,19.950214
0.0,24,19.950941
0.0,22,19.951594
0.0,4,19.951738
0.0,582,19.96859
0.0,132,19.972349
0.0,149,19.976654
0.0,4,19.976805
0.0,172,19.981969
0.0,9,19.982263
0.0,299,19.990795
0.0,331,20.000201
0.0,442,20.012863
0.0,781,20.03495
0.0,542,20.05039
0.0,458,20.063394
0.0,155,20.067797
0.0,228,20.074264
0.0,132,20.078035
0.0,136,20.081964
0.0,46,20.083297
0.0,48,20.084682
0.0,463,20.09784
0.0,121,20.101296
0.0,54,20.102857
0.0,36,20.103911
0.0,59,20.105621
0.0,300,20.114113
0.0,62,20.115901
0.0,20,20.116577
0.0,1000,20.145763
0.0,76,20.14795
0.0,532,20.163073
0.0,57,20.164728
0.0,444,20.177354
0.0,325,20.186634
0.0,18,20.187178
0.0,25,20.187915
0.0,112,20.191139
0.0,517,20.206603
0.0,183,20.211871
0.0,283,20.219918
0.0,208,20.226046
0.0,22,20.226852
0.0,36,20.227912
0.0,228,20.234715
0.0,116,20.238163
0.0,367,20.248596
0.0,147,20.252788
0.0,759,20.274781
0.0,208,20.280751
0.0,70,20.282772
0.0,279,20.291077
0.0,68,20.293056
0.0,186,20.298346
0.0,42,20.299566
0.0,2,20.299654
0.0,19,20.300224
0.0,81,20.302549
0.0,114,20.305888
0.0,1000,20.334318
0.0,41,20.335525
0.0,209,20.341514
0.0,54,20.343074
0.0,225,20.349532
0.0,58,20.351218
0.0,60,20.352944
0.0,13,20.353347
0.0,104,20.356326
0.0,172,20.361253
0.0,8,20.361521
0.0,16,20.362008
0.0,1000,20.390252
0.0,670,20.409187
0.0,2,20.409283
0.0,176,20.414269
0.0,89,20.416829
0.0,81,20.419191
0.0,10,20.41951
0.0,228,20.425999
0.0,135,20.429886
0.0,560,20.445756
0.0,182,20.451004
0.0,47,20.452394
0.0,8,20.452656
0.0,308,20.461518
0.0,28,20.462352
0.0,11,20.462697
0.0,180,20.467857
0.0,120,20.471323
0.0,219,20.477579
0.0,473,20.491261
0.0,17,20.491786
0.0,127,20.495899
0.0,181,20.501124
0.0,92,20.503772
0.0,61,20.505548
0.0,371,20.516517
0.0,329,20.526121
0.0,238,20.533088
0.0,86,20.535582
0.0,28,20.536419
0.0,150,20.540839
0.0,168,20.545958
0.0,425,20.558177
0.0,400,20.569509
0.0,45,20.570869
0.0,200,20.576543
0.0,76,20.57876
0.0,234,20.585413
0.0,1000,20.61386
0.0,60,20.615615
0.0,49,20.617043
0.0,63,20.618849
0.0,465,20.632259
0.0,169,20.63707
0.0,76,20.639256
0.0,214,20.645582
0.0,287,20.653691
0.0,118,20.657071
0.0,731,20.677689
0.0,172,20.682633
0.0,248,20.689748
0.0,296,20.698153
0.0,208,20.704089
0.0,75,20.70625
0.0,270,20.713912
0.0,26,20.71469
0.0,215,20.72081
0.0,128,20.724499
0.0,173,20.729417
0.0,62,20.731193
0.0,182,20.736374
0.0,660,20.755019
0.0,60,20.756745
0.0,509,20.771408
0.0,170,20.776608
0.0,231,20.783538
0.0,112,20.786848
0.0,159,20.791569
0.0,15,20.792057
0.0,77,20.794293
0.0,118,20.797862
0.0,377,20.808907
0.0,498,20.823033
0.0,335,20.832527
0.0,579,20.849124
0.0,270,20.856836
0.0,34,20.857902
0.0,86,20.860381
0.0,416,20.872207
0.0,42,20.873504
0.0,199,20.879182
0.0,224,20.88551
0.0,61,20.887276
0.0,34,20.888258
0.0,264,20.895705
0.0,715,20.915965
0.0,458,20.928971
0.0,64,20.930828
0.0,404,20.942286
0.0,287,20.950456
0.0,105,20.953472
0.0,71,20.955528
0.0,70,20.957549
0.0,28,20.958368
0.0,283,20.966355
0.0,255,20.973626
0.0,185,20.978893
0.0,19,20.979474
0.0,336,20.989065
0.0,39,20.990216
0.0,71,20.992264
0.0,28,20.993104
0.0,84,20.995504
0.0,191,21.001001
0.0,276,21.008898
0.0,38,21.010022
0.0,13,21.010426
0.0,116,21.013784
0.0,111,21.017028
0.0,22,21.017683
0.0,125,21.021311
0.0,24,21.022021
0.0,55,21.023646
0.0,65,21.025517
0.0,2,21.025603
0.0,7,21.025831
0.0,100,21.028714
0.0,127,21.032344
0.0,105,21.035351
0.0,22,21.036009
0.0,213,21.04209
0.0,11,21.042444
0.0,120,21.045886
0.0,446,21.058809
0.0,58,21.060534
0.0,201,21.066363
0.0,83,21.069114
0.0,103,21.072139
0.0,126,21.075765
0.0,508,21.090392
0.0,128,21.094141
0.0,83,21.096629
0.0,292,21.105084
0.0,1000,21.133564
0.0,49,21.135001
0.0,197,21.140807
0.0,168,21.145982
0.0,552,21.161731
0.0,89,21.164309
0.0,73,21.166414
0.0,227,21.172873
0.0,336,21.182529
0.0,340,21.192312
0.0,76,21.194491
0.0,152,21.198823
0.0,130,21.202523
0.0,156,21.207022
0.0,15,21.207484
0.0,8,21.207744
0.0,290,21.216124
0.0,88,21.218655
0.0,83,21.221061
0.0,138,21.225011
0.0,57,21.226667
0.0,18,21.227207
0.0,335,21.236713
0.0,53,21.238248
0.0,56,21.23987
0.0,198,21.245529
0.0,24,21.246256
0.0,57,21.247906
0.0,883,21.272871
0.0,156,21.277652
0.0,658,21.2968
0.0,24,21.29752
0.0,286,21.306119
0.0,178,21.311357
0.0,326,21.320576
0.0,222,21.327136
0.0,71,21.329188
0.0,710,21.34956
0.0,38,21.350687
0.0,8,21.350953
0.0,417,21.363236
0.0,13,21.363682
0.0,300,21.372424
0.0,25,21.37317
0.0,116,21.37661
0.0,187,21.382177
0.0,381,21.393097
0.0,54,21.394666
0.0,40,21.39583
0.0,31,21.396743
0.0,183,21.402003
0.0,198,21.407648
0.0,459,21.42087
0.0,203,21.426697
0.0,25,21.427447
0.0,150,21.431717
0.0,175,21.436719
0.0,15,21.437187
0.0,73,21.439306
0.0,175,21.444437
0.0,15,21.444901
0.0,206,21.450773
0.0,105,21.45381
0.0,6,21.454017
0.0,181,21.459203
0.0,127,21.462867
0.0,53,21.464422
0.0,30,21.465319
0.0,11,21.465665
0.0,119,21.469129
0.0,208,21.47508
0.0,286,21.483337
0.0,49,21.484776
0.0,70,21.486785
0.0,92,21.489403
0.0,55,21.49099
0.0,13,21.49139
0.0,23,21.492072
0.0,403,21.503477
0.0,38,21.504599
0.0,26,21.505379
0.0,196,21.510934
0.0,328,21.520533
0.0,64,21.522392
0.0,35,21.523419
0.0,113,21.526674
0.0,89,21.529233
0.0,53,21.530777
0.0,127,21.534395
0.0,65,21.536286
0.0,234,21.542983
0.0,24,21.543705
0.0,90,21.546289
0.0,314,21.555336
0.0,200,21.561053
0.0,556,21.576784
0.0,500,21.591053
0.0,4,21.591204
0.0,140,21.595193
0.0,200,21.600925
0.0,63,21.602737
0.0,23,21.603436
0.0,146,21.607629
0.0,227,21.614113
0.0,27,21.614908
0.0,8,21.615171
0.0,4,21.615314
0.0,314,21.624264
0.0,164,21.629331
0.0,65,21.631202
0.0,129,21.635106
0.0,900,21.661433
0.0,894,21.687398
0.0,683,21.707015
0.0,34,21.708018
0.0,233,21.714645
0.0,35,21.715684
0.0,281,21.723627
0.0,1000,21.75259
0.0,191,21.758037
0.0,7,21.758273
0.0,94,21.760957
0.0,850,21.785243
0.0,310,21.794111
0.0,295,21.802489
0.0,503,21.816697
0.0,133,21.8206
0.0,359,21.830733
0.0,49,21.832167
0.0,15,21.832626
0.0,136,21.83652
0.0,407,21.848097
0.0,409,21.859854
0.0,865,21.884343
0.0,244,21.891314
0.0,137,21.895304
0.0,302,21.903911
0.0,54,21.905486
0.0,16,21.905976
0.0,353,21.916024
0.0,280,21.924335
0.0,580,21.941321
0.0,235,21.948129
0.0,207,21.95426
0.0,377,21.965202
0.0,115,21.968559
0.0,47,21.969921
0.0,391,21.981037
0.0,204,21.986865
0.0,109,21.989988
0.0,725,22.010526
0.0,91,22.013163
0.0,295,22.021588
0.0,121,22.025136
0.0,6,22.025378
0.0,185,22.030607
0.0,236,22.037314
0.0,202,22.043098
0.0,163,22.04781
0.0,60,22.04955
0.0,37,22.050638
0.0,69,22.052633
0.0,52,22.054135
0.0,274,22.061916
0.0,165,22.066616
0.0,227,22.073035
0.0,88,22.075576
0.0,28,22.076407
0.0,106,22.079409
0.0,709,22.099575
0.0,273,22.107329
0.0,46,22.108672
0.0,137,22.112581
0.0,26,22.113354
0.0,973,22.141149
0.0,169,22.146198
0.0,128,22.149856
0.0,67,22.151794
0.0,202,22.157611
0.0,262,22.165045
0.0,73,22.167157
0.0,26,22.167933
0.0,147,22.172136
0.0,24,22.172848
0.0,19,22.173418
0.0,391,22.18447
0.0,101,22.187377
0.0,329,22.196762
0.0,260,22.204123
0.0,84,22.20653
0.0,938,22.233923
0.0,49,22.235381
0.0,229,22.242048
0.0,7,22.242287
0.0,32,22.243239
0.0,555,22.259122
0.0,36,22.260272
0.0,35,22.261328
0.0,29,22.262175
0.0,101,22.265133
0.0,156,22.269651
0.0,46,22.271022
0.0,42,22.272244
0.0,25,22.272986
0.0,64,22.275102
0.0,121,22.278536
0.0,1000,22.307117
0.0,288,22.315376
0.0,48,22.316762
0.0,41,22.318054
0.0,95,22.320804
0.0,166,22.32562
0.0,117,22.328982
0.0,4,22.329127
0.0,21,22.329755
0.0,74,22.331854
0.0,87,22.334342
0.0,380,22.345169
0.0,137,22.349412
0.0,15,22.349869
0.0,124,22.353441
0.0,201,22.359119
0.0,12,22.359498
0.0,93,22.362152
0.0,369,22.372614
0.0,44,22.374002
0.0,235,22.380723
0.0,9,22.381722
0.0,32,22.382653
0.0,231,22.389271
0.0,69,22.391252
0.0,729,22.411932
0.0,109,22.415076
0.0,346,22.424948
0.0,70,22.426951
0.0,1000,22.455237
0.0,70,22.457272
0.0,39,22.458405
0.0,47,22.459764
0.0,35,22.460886
0.0,21,22.461511
0.0,113,22.464724
0.0,121,22.468199
0.0,392,22.47935
0.0,4,22.479501
0.0,243,22.48644
0.0,187,22.491783
0.0,173,22.496716
0.0,356,22.507191
0.0,200,22.513251
0.0,242,22.520203
0.0,69,22.52221
0.0,249,22.529572
0.0,73,22.531694
0.0,116,22.535022
0.0,119,22.538556
0.0,40,22.539759
0.0,54,22.541313
0.0,54,22.542862
0.0,200,22.548866
0.0,87,22.551344
0.0,160,22.55597
0.0,407,22.567546
0.0,406,22.579231
0.0,21,22.579862
0.0,54,22.581423
0.0,174,22.586366
0.0,554,22.602021
0.0,147,22.606228
0.0,126,22.60983
0.0,202,22.615637
0.0,87,22.618114
0.0,250,22.625173
0.0,73,22.627299
0.0,23,22.628174
0.0,193,22.633681
0.0,389,22.644973
0.0,96,22.647711
0.0,296,22.656242
0.0,76,22.658444
0.0,34,22.659444
0.0,224,22.665852
0.0,20,22.666453
0.0,142,22.670506
0.0,388,22.681552
0.0,272,22.689417
0.0,103,22.69238
0.0,133,22.696184
0.0,412,22.707844
0.0,135,22.711728
0.0,120,22.715142
0.0,20,22.71575
0.0,994,22.743796
0.0,214,22.749931
0.0,199,22.755557
0.0,67,22.757503
0.0,116,22.760814
0.0,90,22.763484
0.0,32,22.764418
0.0,51,22.765896
0.0,45,22.767206
0.0,72,22.769288
0.0,30,22.770163
0.0,12,22.770531
0.0,136,22.774523
0.0,57,22.776341
0.0,93,22.779007
0.0,198,22.784661
0.0,85,22.787364
0.0,114,22.790723
0.0,48,22.792209
0.0,2,22.7923
0.0,78,22.794543
0.0,246,22.802085
0.0,277,22.810192
0.0,205,22.816232
0.0,87,22.818874
0.0,274,22.826974
0.0,199,22.832623
0.0,62,22.834406
0.0,77,22.836649
0.0,48,22.838017
0.0,47,22.839396
0.0,96,22.842132
0.0,377,22.852796
0.0,43,22.854055
0.0,85,22.856493
0.0,14,22.85692
0.0,30,22.85786
0.0,275,22.865712
0.0,179,22.870822
0.0,114,22.874059
0.0,25,22.874806
0.0,1000,22.902992
0.0,200,22.908714
0.0,832,22.932289
0.0,116,22.935618
0.0,88,22.938241
0.0,131,22.942186
0.0,208,22.948211
0.0,438,22.960697
0.0,645,22.978894
0.0,211,22.984888
0.0,195,22.990535
0.0,27,22.991334
0.0,4,22.991477
0.0,23,22.992164
0.0,87,22.994655
0.0,21,22.995291
0.0,75,22.997437
0.0,432,23.009618
0.0,81,23.011955
0.0,34,23.012958
0.0,204,23.01877
0.0,4,23.018919
0.0,57,23.020559
0.0,62,23.022334
0.0,163,23.027003
0.0,122,23.030503
0.0,107,23.033571
0.0,46,23.034919
0.0,201,23.040638
0.0,115,23.04394
0.0,192,23.049448
0.0,4,23.0496
0.0,217,23.055734
0.0,54,23.057303
0.0,415,23.069165
0.0,200,23.07513
0.0,259,23.082496
0.0,158,23.087169
0.0,21,23.087804
0.0,56,23.08942
0.0,690,23.109766
0.0,42,23.111012
0.0,664,23.130124
0.0,157,23.13461
0.0,49,23.136035
0.0,59,23.137737
0.0,145,23.141985
0.0,5,23.142166
0.0,48,23.143574
0.0,15,23.144184
0.0,79,23.146468
0.0,228,23.152955
0.0,156,23.157425
0.0,81,23.159724
0.0,377,23.170464
0.0,29,23.171332
0.0,210,23.177309
0.0,6,23.177517
0.0,119,23.181007
0.0,27,23.181809
0.0,249,23.188843
0.0,556,23.204691
0.0,250,23.211809
0.0,325,23.221178
0.0,35,23.222195
0.0,137,23.226101
0.0,12,23.226477
0.0,220,23.232724
0.0,147,23.236943
0.0,147,23.241143
0.0,417,23.25295
0.0,98,23.255823
0.0,421,23.267841
0.0,722,23.288682
0.0,15,23.289149
0.0,4,23.289295
0.0,10,23.289615
0.0,11,23.28996
0.0,21,23.29081
0.0,87,23.29343
0.0,127,23.297055
0.0,641,23.315236
0.0,76,23.317454
0.0,657,23.336167
0.0,139,23.340175
0.0,12,23.340555
0.0,43,23.341814
0.0,277,23.349665
0.0,58,23.351354
0.0,82,23.353706
0.0,148,23.35793
0.0,4,23.358081
0.0,33,23.359051
0.0,147,23.36346
0.0,97,23.366246
0.0,177,23.371542
0.0,106,23.37482
0.0,155,23.379276
0.0,116,23.382586
0.0,335,23.392178
0.0,229,23.398964
0.0,237,23.405958
0.0,38,23.40708
0.0,115,23.410394
0.0,42,23.411622
0.0,196,23.417227
0.0,6,23.417438
0.0,8,23.41773
0.0,14,23.418163
0.0,217,23.424375
0.0,85,23.426796
0.0,162,23.43143
0.0,62,23.43324
0.0,163,23.437901
0.0,554,23.453616
0.0,56,23.455249
0.0,537,23.470547
0.0,94,23.473244
0.0,231,23.4798
0.0,13,23.480218
0.0,145,23.484446
0.0,440,23.496894
0.0,98,23.4997
0.0,175,23.504703
0.0,255,23.511945
0.0,254,23.519272
0.0,68,23.521243
0.0,84,23.52365
0.0,50,23.525148
0.0,59,23.526865
0.0,258,23.534177
0.0,532,23.54932
0.0,373,23.559993
0.0,148,23.564239
0.0,21,23.564869
0.0,14,23.565296
0.0,90,23.567859
0.0,351,23.577806
0.0,31,23.578719
0.0,197,23.584324
0.0,74,23.586471
0.0,160,23.591019
0.0,41,23.592229
0.0,35,23.593291
0.0,102,23.596301
0.0,51,23.597786
0.0,268,23.605372
0.0,122,23.608861
0.0,30,23.609752
0.0,7,23.609984
0.0,76,23.612157
0.0,88,23.614649
0.0,29,23.615503
0.0,649,23.634237
0.0,10,23.634565
0.0,33,23.635526
0.0,127,23.639145
0.0,590,23.656432
0.0,72,23.658488
0.0,17,23.65928
0.0,73,23.661502
0.0,50,23.662941
0.0,2,23.663029
0.0,527,23.678307
0.0,58,23.679995
0.0,91,23.682851
0.0,363,23.693374
0.0,26,23.694186
0.0,299,23.702729
0.0,496,23.717181
0.0,89,23.719725
0.0,901,23.745217
0.0,33,23.746307
0.0,300,23.754846
0.0,193,23.760335
0.0,137,23.764237
0.0,129,23.767933
0.0,80,23.770226
0.0,134,23.774061
0.0,340,23.784041
0.0,618,23.801507
0.0,283,23.80955
0.0,102,23.812478
0.0,364,23.822927
0.0,18,23.823484
0.0,14,23.823916
0.0,307,23.832649
0.0,303,23.841263
0.0,69,23.843258
0.0,389,23.85418
0.0,29,23.855039
0.0,430,23.867335
0.0,83,23.869749
0.0,278,23.87764
0.0,224,23.883987
0.0,639,23.902046
0.0,45,23.903368
0.0,187,23.908704
0.0,278,23.9166
0.0,92,23.919258
0.0,293,23.927579
0.0,118,23.930949
0.0,121,23.934418
0.0,81,23.937068
0.0,336,23.946999
0.0,34,23.948084
0.0,624,23.965949
0.0,284,23.974477
0.0,199,23.980167
0.0,114,23.983446
0.0,131,23.987205
0.0,454,24.000051
0.0,70,24.002072
0.0,50,24.003544
0.0,19,24.004123
0.0,243,24.011023
0.0,237,24.017775
0.0,2,24.017868
0.0,104,24.020823
0.0,538,24.036049
0.0,126,24.039658
0.0,74,24.041784
0.0,63,24.04361
0.0,458,24.05663
0.0,450,24.069356
0.0,47,24.070728
0.0,772,24.092463
0.0,543,24.107807
0.0,96,24.110543
0.0,117,24.113886
0.0,249,24.120925
0.0,90,24.123531
0.0,25,24.12429
0.0,20,24.124893
0.0,248,24.132252
0.0,48,24.133656
0.0,465,24.147006
0.0,34,24.148005
0.0,664,24.166691
0.0,915,24.192768
0.0,67,24.194703
0.0,276,24.202629
0.0,7,24.202866
0.0,91,24.205478
0.0,92,24.208354
0.0,970,24.236494
0.0,191,24.242027
0.0,486,24.256243
0.0,257,24.263719
0.0,56,24.265434
0.0,194,24.271
0.0,17,24.271519
0.0,188,24.277119
0.0,123,24.280643
0.0,169,24.285587
0.0,46,24.286939
0.0,242,24.294348
0.0,159,24.299015
0.0,79,24.301323
0.0,82,24.303782
0.0,172,24.308912
0.0,27,24.309715
0.0,166,24.314482
0.0,113,24.317748
0.0,226,24.324243
0.0,177,24.329438
0.0,143,24.333522
0.0,278,24.341443
0.0,539,24.356863
0.0,435,24.369306
0.0,312,24.378254
0.0,5,24.378432
0.0,668,24.39743
0.0,126,24.401046
0.0,233,24.407708
0.0,68,24.409696
0.0,328,24.41898
0.0,186,24.424279
0.0,348,24.434248
0.0,589,24.450933
0.0,90,24.453515
0.0,181,24.458683
0.0,79,24.460974
0.0,106,24.464075
0.0,35,24.465096
0.0,147,24.469285
0.0,378,24.480116
0.0,199,24.485791
0.0,121,24.489422
0.0,220,24.495703
0.0,96,24.498443
0.0,55,24.500015
0.0,337,24.509639
0.0,44,24.511158
0.0,38,24.5123
0.0,88,24.514815
0.0,46,24.516151
0.0,7,24.516382
0.0,419,24.528669
0.0,380,24.539671
0.0,33,24.540673
0.0,186,24.546332
0.0,87,24.54883
0.0,52,24.550344
0.0,764,24.572112
0.0,521,24.586927
0.0,132,24.590687
0.0,418,24.60247
0.0,202,24.608227
0.0,25,24.608972
0.0,98,24.611765
0.0,31,24.612677
0.0,64,24.614528
0.0,193,24.62015
0.0,74,24.622281
0.0,143,24.626339
0.0,57,24.628099
0.0,160,24.632902
0.0,114,24.636158
0.0,57,24.637799
0.0,125,24.641388
0.0,67,24.643308
0.0,24,24.644051
0.0,61,24.645962
0.0,472,24.659428
0.0,285,24.667516
0.0,154,24.671895
0.0,25,24.672633
0.0,156,24.677035
0.0,33,24.678006
0.0,209,24.683918
0.0,849,24.707873
0.0,19,24.70846
0.0,103,24.711412
0.0,60,24.713192
0.0,92,24.715829
0.0,417,24.727658
0.0,75,24.729857
0.0,279,24.73783
0.0,360,24.748075
0.0,758,24.769601
0.0,296,24.778384
0.0,26,24.779199
0.0,159,24.78368
0.0,64,24.785522
0.0,74,24.787682
0.0,308,24.796693
0.0,132,24.80081
0.0,177,24.80602
0.0,328,24.815748
0.0,124,24.819352
0.0,341,24.82918
0.0,87,24.831782
0.0,533,24.847219
0.0,244,24.854168
0.0,78,24.856426
0.0,458,24.869578
0.0,773,24.891984
0.0,44,24.893281
0.0,952,24.920333
0.0,124,24.923919
0.0,171,24.928755
0.0,33,24.929727
0.0,577,24.945966
0.0,58,24.947644
0.0,47,24.949004
0.0,56,24.950621
0.0,309,24.959504
0.0,56,24.961138
0.0,20,24.961744
0.0,252,24.968873
0.0,24,24.969581
0.0,129,24.973273
0.0,140,24.977265
0.0,358,24.987372
0.0,33,24.988338
0.0,714,25.008752
0.0,93,25.011411
0.0,104,25.014422
0.0,237,25.021279
0.0,146,25.025446
0.0,4,25.025595
0.0,22,25.02624
0.0,109,25.029358
0.0,97,25.032232
0.0,259,25.039555
0.0,110,25.042702
0.0,20,25.043308
0.0,377,25.053965
0.0,94,25.05669
0.0,25,25.057435
0.0,186,25.062745
0.0,13,25.063153
0.0,201,25.06897
0.0,444,25.081548
0.0,45,25.082852
0.0,131,25.086885
0.0,6,25.087091
0.0,7,25.087322
0.0,49,25.088732
0.0,82,25.091085
0.0,4,25.091231
0.0,57,25.09288
0.0,131,25.096849
0.0,13,25.097338
0.0,336,25.107154
0.0,590,25.124298
0.0,26,25.125069
0.0,123,25.128918
0.0,199,25.134589
0.0,397,25.146032
0.0,36,25.147109
0.0,224,25.153526
0.0,120,25.156973
0.0,172,25.161878
0.0,32,25.16282
0.0,108,25.165925
0.0,54,25.167495
0.0,50,25.168953
0.0,10,25.169272
0.0,51,25.170753
0.0,223,25.177064
0.0,50,25.178524
0.0,760,25.200089
0.0,497,25.214107
0.0,238,25.221011
0.0,20,25.221617
0.0,293,25.229956
0.0,228,25.236462
0.0,340,25.246115
0.0,166,25.250844
0.0,183,25.256083
0.0,407,25.267889
0.0,307,25.277035
0.0,25,25.277786
0.0,170,25.282594
0.0,187,25.287899
0.0,132,25.291958
0.0,18,25.292505
0.0,47,25.293865
0.0,92,25.296619
0.0,188,25.30193
0.0,273,25.30968
0.0,369,25.320106
0.0,33,25.321077
0.0,152,25.325476
0.0,223,25.331823
0.0,127,25.335502
0.0,269,25.343126
0.0,36,25.344195
0.0,73,25.346288
0.0,15,25.346747
0.0,211,25.352762
0.0,279,25.360659
0.0,4,25.36081
0.0,139,25.364784
0.0,605,25.38225
0.0,95,25.385305
0.0,41,25.386569
0.0,306,25.395398
0.0,40,25.396587
0.0,139,25.400625
0.0,6,25.400832
0.0,404,25.412793
0.0,54,25.414343
0.0,110,25.417497
0.0,107,25.420544
0.0,247,25.427636
0.0,16,25.428131
0.0,131,25.431866
0.0,348,25.441736
0.0,438,25.454259
0.0,315,25.463227
0.0,18,25.463773
0.0,231,25.470341
0.0,52,25.471858
0.0,237,25.478647
0.0,164,25.483317
0.0,36,25.48437
0.0,113,25.487768
0.0,20,25.488382
0.0,57,25.490059
0.0,29,25.490916
0.0,90,25.4935
0.0,427,25.505929
0.0,650,25.524599
0.0,137,25.528548
0.0,26,25.52932
0.0,42,25.530532
0.0,1000,25.558683
0.0,112,25.561993
0.0,327,25.57125
0.0,224,25.577649
0.0,28,25.57848
0.0,48,25.579868
0.0,172,25.584762
0.0,68,25.586724
0.0,28,25.587543
0.0,325,25.596666
0.0,849,25.620652
0.0,442,25.633485
0.0,615,25.651296
0.0,210,25.657265
0.0,53,25.658852
0.0,20,25.659678
0.0,293,25.670386
0.0,92,25.673339
0.0,63,25.675341
0.0,108,25.678416
0.0,12,25.678793
0.0,215,25.684967
0.0,344,25.695029
0.0,21,25.695665
0.0,226,25.702389
0.0,117,25.705772
0.0,125,25.709405
0.0,192,25.714986
0.0,68,25.716982
0.0,17,25.717499
0.0,84,25.719896
0.0,415,25.73168
0.0,595,25.748567
0.0,190,25.754083
0.0,51,25.755554
0.0,30,25.756439
0.0,260,25.76378
0.0,489,25.778001
0.0,98,25.7808
0.0,37,25.78188
0.0,430,25.794424
0.0,220,25.800708
0.0,487,25.814678
0.0,357,25.824793
0.0,174,25.829931
0.0,485,25.843697
0.0,763,25.86534
0.0,131,25.869093
0.0,123,25.872593
0.0,55,25.874194
0.0,89,25.876764
0.0,253,25.883988
0.0,34,25.884994
0.0,164,25.889632
0.0,164,25.894344
0.0,31,25.895257
0.0,665,25.914129
0.0,64,25.915976
0.0,140,25.920011
0.0,281,25.92801
0.0,112,25.931215
0.0,174,25.936208
0.0,31,25.937138
0.0,97,25.940017
0.0,49,25.941453
0.0,779,25.964127
0.0,265,25.971797
0.0,157,25.976375
0.0,185,25.981781
0.0,97,25.98482
0.0,340,25.994724
0.0,47,25.996094
0.0,4,25.996243
0.0,109,25.999361
0.0,97,26.002225
0.0,109,26.005373
0.0,255,26.012694
0.0,38,26.013846
0.0,46,26.015288
0.0,9,26.01558
0.0,85,26.018009
0.0,120,26.021431
0.0,40,26.022602
0.0,83,26.025062
0.0,7,26.025333
0.0,20,26.025933
0.0,170,26.030799
0.0,243,26.037708
0.0,57,26.039358
0.0,148,26.043603
0.0,99,26.046479
0.0,155,26.050915
0.0,46,26.052379
0.0,622,26.069958
0.0,243,26.076883
0.0,103,26.079839
0.0,58,26.081524
0.0,128,26.085248
0.0,139,26.089265
0.0,29,26.090235
0.0,623,26.10815
0.0,54,26.109735
0.0,1000,26.13843
0.0,35,26.139471
0.0,237,26.146414
0.0,672,26.165458
0.0,296,26.173856
0.0,71,26.175903
0.0,149,26.180121
0.0,215,26.186246
0.0,154,26.190735
0.0,46,26.192088
0.0,92,26.194724
0.0,644,26.212949
0.0,27,26.213747
0.0,248,26.220787
0.0,275,26.228617
0.0,135,26.232494
0.0,127,26.236125
0.0,194,26.242038
0.0,29,26.242908
0.0,132,26.24668
0.0,7,26.246919
0.0,281,26.255253
0.0,169,26.26017
0.0,278,26.268258
0.0,7,26.268498
0.0,95,26.271227
0.0,164,26.276337
0.0,39,26.277557
0.0,91,26.280384
0.0,158,26.284929
0.0,99,26.2878
0.0,265,26.295918
0.0,72,26.29804
0.0,501,26.312535
0.0,213,26.318721
0.0,53,26.32028
0.0,971,26.347566
0.0,4,26.347725
0.0,2,26.347813
0.0,173,26.352783
0.0,88,26.355354
0.0,297,26.363765
0.0,185,26.369045
0.0,444,26.381652
0.0,338,26.391279
0.0,54,26.39294
0.0,36,26.393985
0.0,76,26.396164
0.0,253,26.403344
0.0,294,26.411641
0.0,68,26.413607
0.0,19,26.414186
0.0,219,26.42038
0.0,48,26.421781
0.0,121,26.425248
0.0,47,26.426616
0.0,20,26.427215
0.0,248,26.434265
0.0,56,26.435884
0.0,25,26.436626
0.0,113,26.43984
0.0,6,26.44005
0.0,115,26.443315
0.0,204,26.449157
0.0,486,26.462967
0.0,664,26.481643
0.0,18,26.482199
0.0,23,26.482883
0.0,444,26.495467
0.0,453,26.508328
0.0,268,26.515938
0.0,857,26.540707
0.0,19,26.541288
0.0,364,26.551643
0.0,79,26.553951
0.0,225,26.560618
0.0,69,26.562714
0.0,336,26.572321
0.0,98,26.575111
0.0,76,26.577318
0.0,230,26.58389
0.0,294,26.592259
0.0,634,26.610154
0.0,683,26.629709
0.0,397,26.640995
0.0,57,26.642676
0.0,243,26.64983
0.0,521,26.664614
0.0,85,26.667045
0.0,70,26.669167
0.0,87,26.671664
0.0,108,26.674829
0.0,49,26.676241
0.0,59,26.677927
0.0,143,26.68199
0.0,51,26.683468
0.0,454,26.696373
0.0,519,26.711473
0.0,99,26.714314
0.0,138,26.718245
0.0,213,26.724338
0.0,141,26.728369
0.0,85,26.730809
0.0,669,26.749698
0.0,492,26.763565
0.0,4,26.763721
0.0,28,26.764556
0.0,65,26.766429
0.0,42,26.767654
0.0,219,26.773968
0.0,53,26.775718
0.0,120,26.779213
0.0,66,26.781136
0.0,105,26.784179
0.0,46,26.785546
0.0,95,26.788275
0.0,156,26.793013
0.0,73,26.795111
0.0,147,26.799301
0.0,404,26.810791
0.0,294,26.819388
0.0,188,26.824736
0.0,177,26.829868
0.0,308,26.838905
0.0,177,26.844156
0.0,614,26.861927
0.0,55,26.863527
0.0,4,26.863674
0.0,264,26.871305
0.0,125,26.874928
0.0,75,26.877097
0.0,271,26.884858
0.0,50,26.886315
0.0,160,26.89088
0.0,384,26.901763
0.0,328,26.911107
0.0,283,26.919186
0.0,989,26.947133
0.0,287,26.955425
0.0,508,26.969891
0.0,427,26.981951
0.0,58,26.983645
0.0,111,26.986876
0.0,132,26.990652
0.0,385,27.001647
0.0,96,27.004426
0.0,117,27.007771
0.0,237,27.014534
0.0,236,27.021269
0.0,21,27.021905
0.0,428,27.034097
0.0,10,27.034444
0.0,247,27.041446
0.0,22,27.042112
0.0,452,27.054975
0.0,239,27.061798
0.0,6,27.062009
0.0,158,27.066521
0.0,320,27.075698
0.0,22,27.07637
0.0,102,27.07929
0.0,275,27.087143
0.0,168,27.091982
0.0,17,27.092511
0.0,29,27.093373
0.0,229,27.099901
0.0,365,27.11063
0.0,137,27.114887
0.0,558,27.131024
0.0,79,27.133487
0.0,224,27.139995
0.0,303,27.14912
0.0,21,27.149765
0.0,58,27.151447
0.0,121,27.154955
0.0,43,27.156209
0.0,378,27.16687
0.0,84,27.169298
0.0,39,27.170477
0.0,39,27.171616
0.0,17,27.172141
0.0,15,27.172607
0.0,151,27.176999
0.0,574,27.193362
0.0,52,27.194864
0.0,88,27.197375
0.0,60,27.199103
0.0,45,27.200414
0.0,220,27.206638
0.0,166,27.211394
0.0,1000,27.239835
0.0,259,27.247245
0.0,118,27.250636
0.0,141,27.25465
0.0,685,27.27397
0.0,80,27.276619
0.0,166,27.281343
0.0,8,27.281605
0.0,714,27.302597
0.0,375,27.313457
0.0,477,27.326934
0.0,171,27.331888
0.0,236,27.338584
0.0,97,27.341351
0.0,48,27.342749
0.0,193,27.348243
0.0,5,27.348424
0.0,8,27.348686
0.0,100,27.351544
0.0,259,27.358914
0.0,30,27.359804
0.0,89,27.362355
0.0,54,27.363905
0.0,25,27.364648
0.0,287,27.372762
0.0,41,27.37396
0.0,55,27.375605
0.0,481,27.389373
0.0,346,27.399261
0.0,40,27.400537
0.0,534,27.416259
0.0,1000,27.444882
0.0,34,27.445909
0.0,191,27.451479
0.0,73,27.45358
0.0,157,27.458045
0.0,662,27.476758
0.0,8,27.477029
0.0,178,27.482062
0.0,68,27.484012
0.0,57,27.48566
0.0,219,27.491953
0.0,60,27.493682
0.0,8,27.493943
0.0,184,27.499146
0.0,35,27.500185
0.0,68,27.502153
0.0,54,27.503722
0.0,70,27.505727
0.0,420,27.51763
0.0,41,27.518828
0.0,101,27.521794
0.0,89,27.524343
0.0,119,27.527865
0.0,818,27.550953
0.0,476,27.564535
0.0,233,27.571155
0.0,569,27.587209
0.0,8,27.58748
0.0,206,27.593343
0.0,24,27.59407
0.0,960,27.621059
0.0,90,27.62365
0.0,431,27.636188
0.0,162,27.640938
0.0,270,27.648811
0.0,13,27.649217
0.0,28,27.650043
0.0,331,27.659435
0.0,262,27.666872
0.0,240,27.673679
0.0,341,27.683727
0.0,37,27.684827
0.0,379,27.695982
0.0,55,27.697587
0.0,749,27.718995
0.0,196,27.724652
0.0,119,27.728293
0.0,615,27.745757
0.0,778,27.767886
0.0,6,27.768102
0.0,23,27.768786
0.0,17,27.769299
0.0,269,27.777225
0.0,22,27.777897
0.0,16,27.778386
0.0,195,27.783906
0.0,486,27.798024
0.0,354,27.808082
0.0,107,27.811133
0.0,18,27.811675
0.0,51,27.81314
0.0,15,27.813602
0.0,61,27.815351
0.0,156,27.819771
0.0,83,27.822165
0.0,25,27.822912
0.0,7,27.823137
0.0,39,27.824281
0.0,114,27.827564
0.0,536,27.842798
0.0,250,27.849992
0.0,7,27.850232
0.0,84,27.85263
0.0,68,27.854588
0.0,18,27.855129
0.0,104,27.858179
0.0,140,27.862179
0.0,131,27.865944
0.0,13,27.866445
0.0,69,27.868421
0.0,82,27.870757
0.0,138,27.874676
0.0,383,27.885507
0.0,536,27.901038
0.0,89,27.903594
0.0,157,27.90817
0.0,299,27.916726
0.0,38,27.917846
0.0,526,27.932671
0.0,434,27.945014
0.0,556,27.960721
0.0,375,27.97157
0.0,76,27.973859
0.0,72,27.976088
0.0,231,27.982899
0.0,11,27.983248
0.0,190,27.988681
0.0,928,28.015136
0.0,190,28.020676
0.0,187,28.026026
0.0,222,28.032314
0.0,295,28.040684
0.0,159,28.045184
0.0,295,28.053517
0.0,612,28.070809
0.0,390,28.081803
0.0,386,28.092727
0.0,24,28.09352
0.0,636,28.111389
0.0,2,28.111485
0.0,95,28.114197
0.0,59,28.115931
0.0,56,28.117546
0.0,89,28.120112
0.0,38,28.121222
0.0,49,28.122633
0.0,331,28.13243
0.0,67,28.134362
0.0,9,28.134649
0.0,177,28.139706
0.0,95,28.142433
0.0,111,28.145845
0.0,84,28.148297
0.0,171,28.153233
0.0,383,28.164057
0.0,67,28.165978
0.0,931,28.192289
0.0,54,28.193849
0.0,151,28.198173
0.0,243,28.205224
0.0,103,28.208262
0.0,178,28.213335
0.0,72,28.215419
0.0,34,28.21642
0.0,8,28.216681
0.0,435,28.229009
0.0,48,28.230397
0.0,17,28.230918
0.0,339,28.240489
0.0,74,28.242631
0.0,34,28.24362
0.0,117,28.246988
0.0,266,28.254809
0.0,401,28.266439
0.0,23,28.267211
0.0,19,28.267778
0.0,638,28.286633
0.0,271,28.294841
0.0,289,28.303133
0.0,87,28.305644
0.0,121,28.309122
0.0,288,28.317327
0.0,803,28.340317
0.0,476,28.353783
0.0,106,28.356841
0.0,479,28.37045
0.0,71,28.372502
0.0,39,28.373637
0.0,28,28.374454
0.0,72,28.376524
0.0,159,28.381049
0.0,52,28.382548
0.0,634,28.400406
0.0,50,28.401865
0.0,197,28.407427
0.0,201,28.413177
0.0,349,28.423095
0.0,20,28.423703
0.0,24,28.424423
0.0,170,28.429271
0.0,433,28.441623
0.0,58,28.443299
0.0,109,28.446378
0.0,62,28.448171
0.0,410,28.459816
0.0,81,28.462153
0.0,160,28.466679
0.0,59,28.468394
0.0,88,28.470917
0.0,248,28.478106
0.0,439,28.49081
0.0,353,28.500822
0.0,169,28.50563
0.0,196,28.511248
0.0,178,28.516286
0.0,783,28.538662
0.0,13,28.539077
0.0,111,28.542252
0.0,107,28.5453
0.0,37,28.546489
0.0,49,28.547994
0.0,69,28.549973
0.0,180,28.555061
0.0,26,28.555838
0.0,42,28.557052
0.0,234,28.564004
0.0,126,28.567803
0.0,216,28.574168
0.0,552,28.590055
0.0,55,28.591644
0.0,130,28.595396
0.0,38,28.596508
0.0,31,28.597414
0.0,45,28.598724
0.0,80,28.601019
0.0,142,28.605089
0.0,566,28.621019
0.0,147,28.625314
0.0,56,28.626924
0.0,137,28.631181
0.0,25,28.631932
0.0,98,28.634786
0.0,60,28.636522
0.0,150,28.640784
0.0,7,28.64102
0.0,73,28.643119
0.0,87,28.645805
0.0,1000,28.674059
0.0,146,28.67824
0.0,95,28.680961
0.0,433,28.693232
0.0,167,28.698114
0.0,122,28.701612
0.0,23,28.702295
0.0,70,28.70429
0.0,42,28.705518
0.0,29,28.706376
0.0,177,28.711417
0.0,156,28.715884
0.0,21,28.716525
0.0,641,28.7346
0.0,230,28.74122
0.0,36,28.742275
0.0,45,28.743583
0.0,116,28.746926
0.0,120,28.750332
0.0,182,28.755467
0.0,333,28.764878
0.0,288,28.772995
0.0,35,28.774119
0.0,25,28.774865
0.0,4,28.775009
0.0,54,28.77691
0.0,155,28.781378
0.0,101,28.784256
0.0,716,28.80472
0.0,10,28.805048
0.0,53,28.806695
0.0,226,28.813314
0.0,409,28.825106
