# {"t_start": 1641609893.6866012, "env_id": "Office-v0"} 
r,l,t
0.0,14,0.000749
0.0,9,0.001118
0.0,62,0.00335
1.0,4,0.003511
0.0,74,0.005637
0.0,100,0.008658
0.0,19,0.009235
1.0,1,0.0093
0.0,55,0.010945
0.0,4,0.011093
0.0,6,0.011377
1.0,3,0.011498
0.0,10,0.011821
0.0,17,0.012339
0.0,33,0.013374
1.0,1,0.013433
0.0,4,0.01358
0.0,12,0.013959
0.0,28,0.01479
1.0,7,0.015024
0.0,27,0.015907
0.0,23,0.016697
0.0,13,0.017113
1.0,1,0.017174
0.0,33,0.018261
0.0,24,0.019047
0.0,30,0.019972
1.0,1,0.020033
0.0,25,0.020763
0.0,6,0.020961
0.0,28,0.021827
1.0,1,0.021888
0.0,41,0.023156
0.0,53,0.025272
0.0,52,0.026803
1.0,1,0.026865
0.0,41,0.028095
0.0,49,0.029512
0.0,28,0.030328
1.0,1,0.030388
0.0,23,0.031072
0.0,44,0.032667
0.0,67,0.034603
1.0,1,0.034664
0.0,75,0.036831
0.0,25,0.037593
0.0,62,0.039418
1.0,1,0.039482
0.0,4,0.039627
0.0,29,0.040463
0.0,63,0.042333
1.0,1,0.042395
0.0,125,0.046023
0.0,112,0.04929
0.0,44,0.050579
1.0,1,0.050639
0.0,18,0.051188
0.0,114,0.054749
0.0,24,0.055569
1.0,1,0.055632
0.0,28,0.056537
0.0,68,0.058492
0.0,83,0.060972
1.0,1,0.061034
1.0,86,0.063742
0.0,84,0.066171
0.0,92,0.06888
1.0,1,0.068944
0.0,76,0.071116
0.0,61,0.072879
0.0,93,0.075641
1.0,1,0.075703
0.0,25,0.076442
0.0,25,0.077174
0.0,52,0.07866
1.0,1,0.078716
1.0,41,0.079921
0.0,91,0.082548
0.0,30,0.083456
1.0,1,0.083519
0.0,56,0.085164
0.0,51,0.086635
0.0,69,0.088608
1.0,1,0.088669
1.0,44,0.089938
0.0,106,0.093378
0.0,103,0.096553
1.0,1,0.096617
1.0,91,0.099275
0.0,93,0.101946
0.0,20,0.102543
1.0,1,0.102602
1.0,134,0.107028
0.0,43,0.108558
0.0,91,0.111192
1.0,1,0.111271
0.0,41,0.112462
0.0,116,0.116026
0.0,29,0.116894
1.0,1,0.116954
0.0,4,0.1171
0.0,246,0.124433
0.0,185,0.129973
1.0,1,0.130038
0.0,113,0.13346
0.0,24,0.134181
0.0,43,0.135498
1.0,1,0.135562
0.0,27,0.136396
0.0,60,0.138134
0.0,18,0.138712
1.0,1,0.138785
1.0,96,0.141662
0.0,58,0.143346
0.0,44,0.144659
1.0,1,0.14472
1.0,32,0.145676
0.0,14,0.146113
0.0,95,0.148934
1.0,1,0.148997
1.0,44,0.150308
0.0,178,0.156072
0.0,79,0.158443
1.0,1,0.158506
1.0,73,0.160635
0.0,19,0.161203
0.0,133,0.165106
1.0,1,0.165171
1.0,19,0.165763
0.0,41,0.167086
0.0,81,0.169464
1.0,1,0.169617
0.0,99,0.172733
1.0,176,0.177859
0.0,69,0.179913
1.0,1,0.179977
1.0,34,0.181005
1.0,304,0.190276
0.0,101,0.193294
1.0,1,0.193357
0.0,75,0.195613
0.0,27,0.196502
0.0,82,0.198912
1.0,1,0.198974
1.0,48,0.200405
0.0,80,0.202741
0.0,5,0.202921
1.0,6,0.203128
1.0,62,0.20494
0.0,158,0.209845
0.0,5,0.210024
1.0,1,0.210083
0.0,17,0.210605
1.0,131,0.214691
0.0,79,0.217029
1.0,5,0.217202
0.0,5,0.217377
1.0,198,0.223136
0.0,31,0.224082
1.0,1,0.224145
1.0,35,0.225199
0.0,39,0.226354
0.0,48,0.227901
1.0,1,0.227962
0.0,13,0.228364
0.0,26,0.229198
0.0,2,0.229318
1.0,1,0.229409
0.0,6,0.229624
1.0,120,0.233267
0.0,31,0.234209
1.0,1,0.234271
1.0,35,0.235368
0.0,156,0.239929
0.0,54,0.241531
1.0,1,0.241594
0.0,4,0.241736
0.0,51,0.243217
0.0,144,0.247757
1.0,12,0.248132
0.0,42,0.249358
1.0,234,0.256227
0.0,80,0.258675
1.0,1,0.258737
1.0,36,0.259808
0.0,10,0.260127
0.0,110,0.26335
1.0,1,0.263414
0.0,76,0.265731
0.0,234,0.272707
0.0,42,0.273955
1.0,1,0.274017
1.0,20,0.27487
1.0,145,0.279095
0.0,69,0.281206
1.0,1,0.281269
1.0,67,0.283335
1.0,104,0.286379
0.0,9,0.286669
1.0,1,0.286743
1.0,62,0.288665
1.0,193,0.294308
0.0,63,0.296181
1.0,1,0.296245
1.0,32,0.297204
0.0,21,0.29786
0.0,40,0.299051
1.0,1,0.299111
1.0,29,0.299985
0.0,7,0.300227
0.0,54,0.301824
1.0,1,0.301885
0.0,41,0.303331
1.0,228,0.310226
0.0,80,0.312577
1.0,1,0.312642
1.0,41,0.313869
0.0,116,0.317276
0.0,4,0.317428
1.0,1,0.317488
1.0,45,0.318911
1.0,215,0.325436
0.0,17,0.325986
1.0,1,0.326046
1.0,38,0.327171
0.0,49,0.328583
0.0,159,0.33325
1.0,3,0.333375
1.0,43,0.334676
1.0,96,0.337664
0.0,33,0.33865
1.0,1,0.338711
0.0,9,0.339009
0.0,29,0.339882
0.0,4,0.340033
1.0,1,0.340094
0.0,19,0.340698
1.0,199,0.346454
1.0,151,0.351005
1.0,1,0.351071
0.0,16,0.351565
0.0,61,0.353388
0.0,98,0.356312
1.0,1,0.356375
1.0,18,0.356979
1.0,210,0.363539
0.0,19,0.364181
1.0,1,0.364242
1.0,19,0.364875
1.0,144,0.370622
0.0,35,0.372051
1.0,4,0.372255
1.0,13,0.372788
0.0,192,0.380664
0.0,9,0.381032
1.0,1,0.38111
0.0,10,0.381549
0.0,39,0.383081
0.0,117,0.386903
1.0,1,0.386967
1.0,89,0.389581
0.0,27,0.390393
0.0,86,0.392882
1.0,1,0.392946
1.0,38,0.394071
1.0,88,0.396729
0.0,52,0.39843
1.0,1,0.398491
1.0,36,0.399617
0.0,26,0.400407
0.0,18,0.40115
1.0,1,0.401215
0.0,57,0.402867
1.0,94,0.405644
0.0,24,0.406373
1.0,2,0.406459
1.0,11,0.406824
0.0,55,0.408432
0.0,15,0.408898
1.0,1,0.408957
1.0,25,0.409693
0.0,119,0.413268
0.0,147,0.417658
1.0,1,0.417722
1.0,17,0.418376
0.0,19,0.41906
0.0,47,0.420471
1.0,1,0.420553
1.0,18,0.421123
0.0,53,0.422668
0.0,221,0.429136
1.0,1,0.429201
1.0,14,0.429654
0.0,99,0.43281
0.0,13,0.433208
1.0,1,0.433268
1.0,15,0.433734
0.0,27,0.434621
0.0,113,0.437955
1.0,1,0.438018
0.0,30,0.438913
0.0,41,0.440098
0.0,171,0.445211
1.0,1,0.445276
1.0,16,0.44579
0.0,37,0.446903
0.0,14,0.447341
1.0,1,0.447404
1.0,26,0.448195
0.0,23,0.448908
0.0,56,0.450545
1.0,1,0.450605
1.0,22,0.45127
0.0,83,0.454027
1.0,234,0.461075
1.0,1,0.46114
1.0,19,0.461733
0.0,128,0.465721
1.0,519,0.481357
1.0,1,0.481427
1.0,15,0.481894
0.0,14,0.482328
0.0,2,0.482414
1.0,1,0.482472
0.0,6,0.482675
0.0,104,0.485727
0.0,223,0.492437
1.0,1,0.492519
0.0,18,0.493061
1.0,70,0.495118
1.0,252,0.502516
1.0,3,0.502641
1.0,32,0.503668
0.0,143,0.507866
0.0,135,0.511922
1.0,1,0.511987
1.0,13,0.512447
0.0,47,0.514053
1.0,72,0.516174
1.0,1,0.516237
1.0,33,0.517212
0.0,50,0.518699
0.0,157,0.523511
1.0,2,0.523607
1.0,13,0.52403
1.0,70,0.526057
0.0,159,0.530691
1.0,1,0.53077
1.0,28,0.531623
1.0,103,0.534712
1.0,390,0.546067
1.0,1,0.546134
1.0,14,0.546582
1.0,168,0.551899
0.0,32,0.553123
1.0,1,0.55319
1.0,12,0.553571
0.0,11,0.553924
1.0,230,0.560639
1.0,1,0.560704
1.0,11,0.561079
0.0,39,0.562235
1.0,194,0.567972
1.0,1,0.568034
1.0,24,0.568762
1.0,179,0.5742
0.0,71,0.576329
1.0,1,0.576392
1.0,11,0.576761
1.0,130,0.580602
0.0,200,0.586769
1.0,1,0.586838
1.0,25,0.587591
0.0,47,0.588971
0.0,240,0.596015
1.0,1,0.596081
1.0,12,0.59647
1.0,189,0.601923
1.0,218,0.608627
1.0,6,0.608835
1.0,12,0.609217
1.0,156,0.614046
0.0,35,0.615085
1.0,1,0.615145
1.0,33,0.616163
0.0,83,0.618568
0.0,8,0.618838
1.0,1,0.618898
0.0,25,0.619649
1.0,81,0.622027
0.0,119,0.625681
1.0,1,0.625744
1.0,11,0.626095
0.0,39,0.627273
0.0,133,0.631315
1.0,1,0.631378
1.0,11,0.631748
1.0,121,0.635276
0.0,164,0.640184
1.0,1,0.640249
1.0,11,0.640599
0.0,88,0.643321
0.0,405,0.655064
1.0,3,0.655211
1.0,11,0.65558
0.0,17,0.656168
1.0,159,0.660893
1.0,1,0.660957
0.0,130,0.664835
0.0,66,0.666933
0.0,28,0.667762
1.0,1,0.667823
1.0,11,0.668202
0.0,13,0.668602
0.0,133,0.672467
1.0,1,0.67253
1.0,13,0.672957
0.0,10,0.673493
0.0,158,0.67815
1.0,1,0.678216
1.0,18,0.678784
0.0,25,0.679518
0.0,6,0.679719
1.0,1,0.679777
1.0,11,0.680129
1.0,71,0.682222
0.0,8,0.682491
1.0,1,0.68255
1.0,11,0.682918
1.0,76,0.685135
1.0,178,0.69041
1.0,1,0.690475
1.0,13,0.690905
1.0,49,0.692338
0.0,118,0.695793
1.0,1,0.695857
1.0,15,0.696329
0.0,2,0.696413
1.0,442,0.709721
1.0,1,0.709792
0.0,2,0.709882
1.0,56,0.711559
0.0,36,0.712659
1.0,1,0.712719
1.0,11,0.71308
1.0,121,0.716635
0.0,51,0.718222
1.0,1,0.718282
1.0,11,0.718671
1.0,65,0.720559
0.0,42,0.721827
1.0,1,0.721887
1.0,11,0.722277
0.0,78,0.724792
1.0,242,0.731866
1.0,1,0.731931
1.0,11,0.732352
0.0,22,0.733039
1.0,372,0.74422
1.0,1,0.74429
1.0,11,0.744653
0.0,108,0.747898
0.0,24,0.748629
1.0,1,0.748694
1.0,11,0.749062
1.0,60,0.750813
1.0,232,0.757598
1.0,1,0.757664
1.0,11,0.758023
0.0,35,0.75908
0.0,51,0.760824
1.0,1,0.760905
1.0,11,0.761306
1.0,57,0.762998
0.0,13,0.763443
1.0,1,0.763504
1.0,12,0.763882
0.0,27,0.764885
1.0,164,0.769694
1.0,1,0.769773
1.0,22,0.770443
1.0,54,0.772056
1.0,173,0.777137
1.0,1,0.777202
0.0,14,0.777645
0.0,16,0.778147
0.0,106,0.781636
1.0,3,0.781757
1.0,13,0.782162
0.0,2,0.782243
0.0,168,0.787165
1.0,1,0.78723
1.0,12,0.78762
1.0,88,0.79021
0.0,50,0.791705
1.0,1,0.791769
1.0,64,0.793659
1.0,44,0.795202
0.0,10,0.79553
1.0,1,0.79559
1.0,13,0.796013
1.0,128,0.799767
1.0,61,0.801574
1.0,1,0.801635
1.0,11,0.80201
1.0,55,0.803653
0.0,223,0.810213
1.0,1,0.810278
1.0,11,0.810632
1.0,42,0.81196
1.0,250,0.819865
1.0,2,0.819982
0.0,7,0.820219
1.0,110,0.823466
0.0,9,0.823761
1.0,1,0.82382
1.0,13,0.824227
0.0,29,0.825089
0.0,36,0.826393
1.0,1,0.826457
1.0,15,0.826926
1.0,52,0.828521
0.0,67,0.830461
1.0,1,0.830521
1.0,13,0.830948
1.0,65,0.832919
0.0,46,0.834302
1.0,1,0.834364
1.0,11,0.834724
0.0,116,0.838112
0.0,95,0.84096
1.0,1,0.841022
1.0,13,0.841434
0.0,50,0.842926
0.0,27,0.843834
1.0,1,0.843894
1.0,11,0.844248
1.0,72,0.84637
0.0,63,0.848245
1.0,1,0.848308
1.0,16,0.848808
0.0,20,0.84942
0.0,63,0.851356
1.0,1,0.851418
1.0,16,0.851902
1.0,43,0.853187
0.0,95,0.856462
1.0,1,0.856564
1.0,13,0.85699
1.0,55,0.858628
0.0,244,0.865772
1.0,3,0.865896
0.0,29,0.866741
1.0,40,0.867937
0.0,23,0.868644
1.0,1,0.868704
0.0,6,0.868942
1.0,63,0.870908
0.0,18,0.8715
1.0,1,0.87156
0.0,5,0.871731
1.0,53,0.873304
0.0,96,0.876407
1.0,1,0.876484
1.0,11,0.876838
1.0,96,0.879705
0.0,98,0.882626
1.0,1,0.882687
1.0,11,0.88304
1.0,79,0.885383
1.0,122,0.889262
1.0,1,0.889328
1.0,11,0.889683
1.0,43,0.890962
0.0,200,0.896868
1.0,1,0.896934
1.0,12,0.897316
1.0,78,0.899708
0.0,64,0.901616
1.0,1,0.901676
0.0,9,0.901968
1.0,66,0.903955
0.0,2,0.904047
1.0,1,0.904106
1.0,11,0.904465
0.0,2,0.904552
0.0,80,0.906923
1.0,1,0.906985
1.0,13,0.907405
0.0,33,0.908397
0.0,11,0.908746
1.0,1,0.908804
1.0,35,0.909855
1.0,33,0.910845
0.0,35,0.911887
1.0,1,0.911948
1.0,12,0.912336
0.0,22,0.913071
0.0,132,0.917207
1.0,1,0.917274
1.0,14,0.917712
1.0,49,0.919436
0.0,11,0.919807
1.0,3,0.919938
1.0,11,0.920287
0.0,75,0.922477
0.0,47,0.923912
1.0,1,0.923974
1.0,18,0.924528
1.0,46,0.925948
0.0,65,0.927958
1.0,1,0.928019
1.0,11,0.928376
0.0,58,0.930079
0.0,89,0.932879
1.0,1,0.932944
1.0,11,0.933314
1.0,30,0.934293
1.0,189,0.93999
1.0,1,0.940057
1.0,13,0.940472
1.0,56,0.942136
0.0,46,0.943523
1.0,1,0.943586
1.0,20,0.944208
1.0,55,0.945834
0.0,57,0.947534
1.0,1,0.947597
1.0,11,0.947957
1.0,35,0.949223
0.0,97,0.952099
1.0,1,0.952162
1.0,14,0.952595
1.0,33,0.953576
0.0,11,0.95394
1.0,1,0.954
1.0,11,0.954357
0.0,6,0.954557
0.0,72,0.956699
1.0,1,0.956762
1.0,11,0.957123
1.0,35,0.958177
0.0,171,0.963334
1.0,1,0.963399
1.0,13,0.963903
1.0,33,0.964918
0.0,42,0.966147
1.0,1,0.966207
1.0,11,0.966562
0.0,25,0.967376
0.0,6,0.967585
1.0,1,0.967644
1.0,11,0.968001
1.0,25,0.96877
0.0,7,0.969
1.0,1,0.969061
1.0,12,0.969449
1.0,69,0.97167
0.0,123,0.97535
1.0,1,0.975414
1.0,21,0.97606
1.0,42,0.977324
0.0,93,0.980293
1.0,1,0.980356
0.0,11,0.980706
1.0,54,0.982281
0.0,19,0.982853
1.0,1,0.982912
1.0,12,0.983353
1.0,32,0.984302
0.0,15,0.984759
1.0,1,0.984818
1.0,11,0.985171
1.0,35,0.986235
0.0,81,0.988693
1.0,1,0.988755
1.0,11,0.98911
1.0,84,0.991654
0.0,53,0.993289
1.0,1,0.993348
1.0,11,0.993768
1.0,30,0.994668
1.0,127,0.998433
1.0,1,0.998497
0.0,2,0.998584
1.0,30,0.999573
0.0,132,1.003586
1.0,3,1.003708
1.0,18,1.004258
0.0,15,1.004719
0.0,18,1.005265
1.0,1,1.005323
0.0,2,1.005409
1.0,46,1.006792
0.0,241,1.014131
1.0,3,1.014251
1.0,13,1.01466
1.0,45,1.016028
1.0,113,1.019357
1.0,1,1.019421
1.0,11,1.019795
1.0,31,1.020708
1.0,236,1.027683
1.0,1,1.027749
1.0,13,1.028162
0.0,4,1.028308
1.0,44,1.029961
1.0,1,1.030021
1.0,11,1.030379
0.0,18,1.030921
0.0,8,1.031188
1.0,1,1.031249
1.0,11,1.031622
1.0,40,1.032815
0.0,199,1.03868
1.0,1,1.038746
1.0,11,1.039109
1.0,42,1.040519
0.0,48,1.042201
1.0,1,1.042262
1.0,13,1.042675
0.0,7,1.042908
0.0,43,1.044203
1.0,1,1.044263
0.0,4,1.044408
1.0,59,1.046151
0.0,26,1.046939
1.0,1,1.046999
1.0,18,1.047595
1.0,54,1.049208
0.0,293,1.057871
1.0,1,1.05794
1.0,13,1.05835
1.0,46,1.059791
0.0,44,1.061088
1.0,1,1.061149
1.0,11,1.061507
1.0,62,1.063366
0.0,6,1.063571
1.0,1,1.063629
1.0,13,1.064036
1.0,31,1.064976
1.0,211,1.071414
1.0,1,1.071479
1.0,11,1.071843
1.0,30,1.073009
1.0,79,1.075333
1.0,1,1.075395
1.0,11,1.075744
0.0,19,1.076323
0.0,2,1.076408
1.0,1,1.076465
1.0,19,1.077067
0.0,7,1.077406
0.0,63,1.079257
1.0,1,1.079318
1.0,14,1.079767
1.0,37,1.080887
1.0,158,1.085534
1.0,1,1.085599
0.0,2,1.085687
0.0,53,1.08738
0.0,242,1.094538
1.0,1,1.094605
1.0,11,1.094967
1.0,35,1.096018
0.0,49,1.097477
1.0,1,1.097539
1.0,11,1.097898
1.0,40,1.099102
0.0,34,1.100116
1.0,1,1.100177
1.0,11,1.100532
1.0,46,1.101923
0.0,41,1.103483
1.0,1,1.103568
1.0,11,1.10406
0.0,41,1.105252
0.0,22,1.105938
1.0,1,1.105997
1.0,14,1.106436
1.0,29,1.107364
1.0,285,1.115863
1.0,1,1.115928
1.0,11,1.116282
1.0,44,1.117641
1.0,74,1.119805
1.0,1,1.119869
1.0,11,1.120233
1.0,62,1.122087
0.0,246,1.129562
1.0,1,1.129625
1.0,14,1.13008
1.0,29,1.130963
0.0,55,1.132609
1.0,2,1.132697
1.0,11,1.133049
1.0,28,1.134134
0.0,17,1.134671
1.0,1,1.134746
1.0,12,1.135125
1.0,30,1.136012
0.0,178,1.141289
1.0,1,1.141353
1.0,11,1.141706
1.0,59,1.143445
0.0,6,1.143656
1.0,1,1.143716
1.0,13,1.144133
1.0,25,1.144902
1.0,110,1.148254
1.0,1,1.148317
1.0,16,1.148808
1.0,28,1.149645
0.0,30,1.150565
1.0,1,1.150625
1.0,16,1.151115
1.0,24,1.151892
0.0,4,1.152035
1.0,1,1.152094
1.0,11,1.152453
1.0,43,1.153822
0.0,89,1.156426
1.0,1,1.15649
1.0,11,1.15685
0.0,14,1.157293
1.0,100,1.16027
1.0,1,1.160333
1.0,11,1.160717
1.0,26,1.161594
0.0,17,1.162159
1.0,1,1.162219
0.0,7,1.162459
1.0,27,1.163291
1.0,110,1.166797
1.0,1,1.16686
1.0,13,1.167271
0.0,7,1.167502
0.0,47,1.168903
1.0,1,1.168964
1.0,11,1.169325
0.0,15,1.169804
0.0,4,1.16995
1.0,1,1.170007
1.0,16,1.170493
1.0,28,1.171343
0.0,2,1.171431
1.0,3,1.171547
0.0,9,1.171891
1.0,52,1.173434
1.0,40,1.174614
1.0,1,1.174673
1.0,11,1.175045
0.0,4,1.175197
0.0,44,1.176513
1.0,1,1.176574
1.0,31,1.177514
1.0,46,1.17896
0.0,22,1.179662
1.0,1,1.179723
1.0,11,1.180072
1.0,23,1.180805
0.0,47,1.18244
1.0,1,1.1825
1.0,11,1.18285
1.0,28,1.18372
1.0,36,1.184806
1.0,1,1.184865
1.0,15,1.185329
1.0,28,1.186158
0.0,148,1.190617
1.0,1,1.190729
1.0,11,1.191086
1.0,28,1.19193
0.0,8,1.192187
1.0,1,1.192242
1.0,11,1.192595
1.0,46,1.193958
1.0,95,1.197008
1.0,1,1.197071
1.0,14,1.197512
0.0,56,1.199138
0.0,52,1.200656
1.0,1,1.200731
1.0,11,1.20109
1.0,24,1.201831
1.0,99,1.204816
1.0,1,1.204879
1.0,15,1.205346
0.0,17,1.205872
0.0,14,1.206299
1.0,1,1.206357
1.0,13,1.206764
1.0,30,1.20766
1.0,105,1.210877
1.0,1,1.210939
0.0,4,1.211082
1.0,28,1.211923
0.0,11,1.212272
1.0,1,1.212329
1.0,13,1.212752
1.0,27,1.213567
0.0,224,1.220372
1.0,1,1.220437
1.0,11,1.220791
1.0,24,1.221597
1.0,99,1.224472
1.0,1,1.224532
1.0,12,1.224934
1.0,25,1.225701
1.0,108,1.229167
1.0,1,1.22923
1.0,11,1.229589
1.0,25,1.230349
0.0,14,1.23078
1.0,1,1.230839
1.0,12,1.231262
0.0,17,1.231799
0.0,64,1.233774
1.0,1,1.23384
1.0,18,1.234403
1.0,24,1.235141
0.0,49,1.236623
1.0,1,1.236685
1.0,11,1.237036
1.0,25,1.237792
1.0,75,1.240199
1.0,3,1.240318
1.0,14,1.240753
1.0,23,1.241453
1.0,30,1.24236
1.0,1,1.242419
1.0,12,1.242815
1.0,33,1.243873
1.0,146,1.248167
1.0,1,1.248232
1.0,15,1.248707
1.0,26,1.249505
0.0,143,1.253744
1.0,3,1.253867
0.0,8,1.254129
1.0,25,1.254901
0.0,86,1.257696
1.0,1,1.257759
1.0,13,1.258202
1.0,27,1.259265
1.0,74,1.261459
1.0,1,1.261521
1.0,11,1.261882
1.0,23,1.262595
0.0,27,1.263417
1.0,1,1.263479
1.0,11,1.263844
0.0,6,1.264045
0.0,23,1.264741
1.0,1,1.2648
1.0,11,1.265148
1.0,27,1.265981
1.0,77,1.268342
1.0,1,1.268405
1.0,11,1.268784
1.0,29,1.269693
0.0,172,1.274824
1.0,1,1.274889
1.0,11,1.275313
0.0,22,1.276155
1.0,103,1.279226
1.0,1,1.279288
1.0,11,1.279643
1.0,26,1.280459
0.0,59,1.2822
1.0,1,1.28226
1.0,15,1.282739
0.0,10,1.283064
0.0,56,1.284732
1.0,1,1.284793
0.0,9,1.285089
1.0,23,1.285797
1.0,108,1.288979
1.0,1,1.289043
1.0,11,1.289402
0.0,21,1.290291
0.0,8,1.290545
1.0,1,1.290604
1.0,13,1.291006
1.0,29,1.291901
1.0,84,1.294359
1.0,1,1.29442
1.0,28,1.295271
0.0,8,1.29554
1.0,37,1.296645
1.0,1,1.296704
1.0,11,1.297058
1.0,35,1.298119
1.0,78,1.300488
1.0,1,1.300571
1.0,13,1.301004
1.0,25,1.301855
0.0,43,1.303109
1.0,1,1.303193
1.0,12,1.303586
1.0,24,1.304412
0.0,73,1.306528
1.0,1,1.306587
1.0,13,1.307014
1.0,37,1.308124
1.0,297,1.317094
1.0,1,1.31716
1.0,11,1.317514
1.0,26,1.318323
0.0,197,1.324507
1.0,1,1.32457
1.0,16,1.325058
1.0,24,1.325799
1.0,40,1.327004
1.0,1,1.327065
1.0,16,1.327572
1.0,34,1.328606
1.0,71,1.330717
1.0,3,1.330837
1.0,12,1.331283
1.0,24,1.332043
1.0,93,1.335089
1.0,1,1.33515
0.0,4,1.335338
1.0,24,1.336087
0.0,14,1.336514
1.0,1,1.336572
1.0,11,1.336926
1.0,31,1.33784
0.0,60,1.339633
1.0,1,1.339708
1.0,13,1.340123
1.0,45,1.341472
1.0,41,1.342831
1.0,1,1.342891
1.0,12,1.343272
1.0,23,1.343973
1.0,45,1.345276
1.0,1,1.345335
1.0,12,1.345728
1.0,32,1.346688
0.0,4,1.346837
1.0,2,1.346924
1.0,11,1.347283
1.0,23,1.347992
0.0,41,1.349255
1.0,1,1.349315
1.0,12,1.349701
0.0,4,1.349858
0.0,199,1.355837
1.0,1,1.355902
1.0,12,1.356284
1.0,26,1.357094
1.0,54,1.358712
1.0,1,1.358773
0.0,9,1.35907
0.0,24,1.35981
0.0,33,1.360785
1.0,1,1.360845
1.0,13,1.361253
0.0,17,1.361808
1.0,103,1.36492
1.0,1,1.364985
1.0,13,1.365404
1.0,27,1.366229
1.0,41,1.367435
1.0,1,1.367496
0.0,2,1.367583
0.0,4,1.367742
1.0,26,1.368542
1.0,1,1.368603
1.0,11,1.368963
1.0,27,1.369827
0.0,20,1.370607
1.0,1,1.370666
1.0,12,1.371094
0.0,17,1.37163
0.0,10,1.371951
1.0,1,1.37201
1.0,12,1.372388
1.0,23,1.373118
0.0,17,1.373627
1.0,1,1.373686
1.0,14,1.374122
1.0,23,1.374818
0.0,33,1.375802
1.0,1,1.375863
1.0,11,1.376213
1.0,26,1.377014
1.0,33,1.378018
1.0,1,1.378078
1.0,13,1.37849
1.0,25,1.379259
0.0,16,1.379925
1.0,1,1.379998
1.0,16,1.380501
1.0,26,1.381294
0.0,6,1.381496
1.0,1,1.381555
0.0,2,1.38164
1.0,33,1.382621
1.0,38,1.384026
1.0,1,1.38409
1.0,15,1.384562
1.0,28,1.385411
0.0,141,1.389472
1.0,1,1.389537
1.0,11,1.389897
1.0,26,1.390684
1.0,201,1.39661
1.0,1,1.396676
1.0,13,1.397097
1.0,24,1.397846
1.0,44,1.399126
1.0,1,1.399189
1.0,12,1.399566
0.0,18,1.400133
0.0,4,1.400277
1.0,1,1.400336
1.0,11,1.400697
0.0,2,1.400786
1.0,31,1.401724
1.0,1,1.401784
1.0,37,1.40288
1.0,23,1.403627
1.0,40,1.404819
1.0,1,1.404878
1.0,14,1.405309
1.0,24,1.406032
1.0,29,1.406914
1.0,1,1.406973
1.0,12,1.407393
1.0,26,1.408394
0.0,23,1.409187
1.0,1,1.409246
1.0,11,1.409597
1.0,24,1.410355
1.0,105,1.413447
1.0,1,1.41351
1.0,13,1.413936
1.0,23,1.414875
1.0,35,1.415973
1.0,1,1.416034
1.0,11,1.416387
0.0,17,1.4169
0.0,105,1.420043
1.0,1,1.420106
1.0,18,1.420648
0.0,4,1.420792
0.0,80,1.423156
1.0,1,1.423269
1.0,13,1.423685
1.0,27,1.424559
0.0,18,1.425097
1.0,1,1.425156
1.0,12,1.425536
0.0,16,1.426031
0.0,34,1.427032
1.0,1,1.42709
1.0,12,1.427543
1.0,33,1.428801
0.0,72,1.43095
1.0,1,1.43101
1.0,13,1.431462
0.0,8,1.431721
1.0,27,1.432526
1.0,1,1.432585
1.0,11,1.432955
1.0,30,1.433858
1.0,41,1.43509
1.0,1,1.43515
1.0,11,1.435553
1.0,26,1.436347
1.0,51,1.437856
1.0,1,1.437916
1.0,11,1.438276
1.0,34,1.439294
0.0,10,1.439619
1.0,1,1.439691
1.0,14,1.440124
1.0,28,1.440956
0.0,178,1.446422
1.0,1,1.446486
1.0,11,1.44684
1.0,36,1.4479
1.0,170,1.452852
1.0,1,1.452918
1.0,11,1.453306
1.0,28,1.45419
0.0,26,1.455034
1.0,1,1.455093
1.0,20,1.45577
1.0,24,1.456493
1.0,68,1.45851
1.0,1,1.458571
1.0,13,1.458986
1.0,25,1.459763
1.0,45,1.461106
1.0,1,1.461165
1.0,13,1.46158
0.0,8,1.461847
0.0,16,1.462351
1.0,1,1.46241
1.0,19,1.462997
1.0,25,1.463786
0.0,2,1.463875
1.0,1,1.463932
1.0,11,1.464281
1.0,25,1.465154
0.0,14,1.465692
1.0,1,1.46577
1.0,15,1.466275
1.0,27,1.467082
1.0,91,1.469748
1.0,1,1.469811
1.0,11,1.470164
0.0,23,1.470864
1.0,32,1.47184
1.0,1,1.471902
1.0,11,1.47226
1.0,27,1.473084
1.0,114,1.476429
1.0,1,1.476493
1.0,11,1.476982
1.0,23,1.47782
1.0,142,1.481957
1.0,1,1.482022
1.0,15,1.482499
1.0,26,1.483338
1.0,27,1.484204
1.0,1,1.484265
1.0,12,1.484715
1.0,24,1.485435
0.0,62,1.487244
1.0,1,1.487305
1.0,12,1.487683
1.0,27,1.48851
1.0,29,1.489391
1.0,1,1.489451
1.0,18,1.49001
1.0,29,1.4909
0.0,80,1.493351
1.0,1,1.493415
1.0,11,1.49379
0.0,16,1.494283
0.0,15,1.494741
1.0,1,1.494799
0.0,6,1.495001
1.0,23,1.495715
1.0,52,1.497282
1.0,1,1.497341
1.0,12,1.497718
1.0,31,1.498638
1.0,34,1.499654
1.0,2,1.499757
1.0,11,1.500116
0.0,8,1.500384
1.0,261,1.508434
1.0,1,1.5085
1.0,12,1.508896
1.0,23,1.509595
1.0,37,1.510688
1.0,1,1.510744
1.0,15,1.511247
1.0,25,1.512002
1.0,112,1.515401
1.0,1,1.515465
1.0,11,1.515877
1.0,27,1.516689
1.0,87,1.519272
1.0,1,1.519335
1.0,13,1.519755
1.0,24,1.520497
1.0,39,1.52167
1.0,1,1.521729
1.0,13,1.522139
1.0,24,1.522916
0.0,81,1.525452
1.0,1,1.525514
1.0,13,1.525956
1.0,24,1.526685
0.0,4,1.526831
1.0,1,1.526889
0.0,9,1.527183
1.0,23,1.527951
1.0,42,1.529207
1.0,1,1.529266
0.0,6,1.529471
1.0,23,1.530171
0.0,73,1.532419
1.0,1,1.532481
1.0,11,1.532854
1.0,27,1.533674
0.0,31,1.534603
1.0,1,1.534658
0.0,6,1.534863
1.0,26,1.535684
0.0,21,1.536325
1.0,1,1.536384
1.0,21,1.537037
1.0,23,1.537755
1.0,41,1.53899
1.0,1,1.539051
1.0,11,1.539649
0.0,14,1.540095
1.0,66,1.542013
1.0,1,1.542073
1.0,11,1.542426
1.0,29,1.543328
1.0,31,1.544304
1.0,1,1.544364
1.0,11,1.544742
1.0,28,1.545642
1.0,24,1.546436
1.0,1,1.546494
1.0,11,1.546846
1.0,23,1.547544
1.0,115,1.550874
1.0,1,1.550936
1.0,14,1.55138
1.0,25,1.552154
0.0,8,1.552416
1.0,1,1.552474
1.0,12,1.552852
1.0,27,1.553663
1.0,26,1.554472
1.0,1,1.554532
1.0,13,1.554948
1.0,23,1.555681
1.0,45,1.557009
1.0,1,1.557068
1.0,17,1.557585
0.0,4,1.557743
1.0,34,1.558765
1.0,1,1.558825
1.0,13,1.55924
0.0,14,1.559684
0.0,77,1.562249
1.0,1,1.56231
1.0,11,1.562659
0.0,16,1.563149
1.0,31,1.564149
1.0,1,1.56421
1.0,12,1.564587
1.0,28,1.565418
0.0,99,1.568363
1.0,1,1.568425
1.0,11,1.568883
1.0,33,1.569856
1.0,27,1.570799
1.0,1,1.570876
1.0,18,1.571522
1.0,26,1.572293
1.0,89,1.574864
1.0,1,1.574926
1.0,11,1.57532
1.0,24,1.576144
1.0,29,1.577057
1.0,1,1.577115
0.0,9,1.577398
1.0,25,1.578141
1.0,24,1.57886
1.0,1,1.578918
1.0,11,1.579306
1.0,25,1.580059
1.0,30,1.581174
1.0,1,1.581249
1.0,14,1.581789
0.0,16,1.582279
1.0,27,1.583087
1.0,1,1.583145
1.0,11,1.583579
1.0,23,1.584304
1.0,135,1.588212
1.0,1,1.588276
1.0,12,1.588665
1.0,28,1.589522
1.0,53,1.591115
1.0,1,1.59118
1.0,14,1.591625
1.0,25,1.592431
1.0,23,1.593135
1.0,1,1.593194
1.0,15,1.593669
1.0,23,1.594385
0.0,10,1.594705
1.0,1,1.594764
1.0,11,1.595123
1.0,23,1.596055
1.0,154,1.600582
1.0,1,1.600644
1.0,15,1.60112
1.0,24,1.601858
0.0,6,1.602063
1.0,1,1.602121
1.0,11,1.602682
1.0,31,1.603644
1.0,43,1.604922
1.0,1,1.604982
1.0,16,1.605473
1.0,23,1.606232
1.0,23,1.60706
1.0,1,1.607156
1.0,12,1.607559
1.0,23,1.60826
1.0,72,1.610348
1.0,1,1.610408
1.0,16,1.610913
1.0,25,1.611684
1.0,25,1.612458
1.0,1,1.612518
0.0,8,1.612777
0.0,16,1.613273
1.0,25,1.61405
1.0,2,1.614136
1.0,12,1.614511
1.0,25,1.615267
1.0,25,1.616039
1.0,1,1.616099
1.0,12,1.616485
0.0,14,1.616932
0.0,28,1.617919
1.0,1,1.617979
1.0,12,1.618409
1.0,26,1.619305
1.0,31,1.620249
1.0,1,1.620323
0.0,7,1.620558
1.0,25,1.621308
0.0,16,1.6218
1.0,1,1.621859
1.0,13,1.622267
1.0,26,1.623061
1.0,23,1.623785
1.0,1,1.623847
1.0,11,1.624209
1.0,25,1.624982
1.0,158,1.6296
1.0,1,1.629664
1.0,12,1.630048
1.0,24,1.630792
1.0,23,1.631516
1.0,1,1.631578
1.0,13,1.632001
1.0,23,1.632695
0.0,17,1.633212
1.0,1,1.63327
1.0,11,1.633618
1.0,25,1.634637
1.0,27,1.63547
1.0,1,1.635531
1.0,11,1.63588
1.0,27,1.636724
0.0,62,1.638646
1.0,1,1.638705
1.0,11,1.639057
0.0,28,1.639971
1.0,32,1.640943
1.0,1,1.641002
1.0,14,1.641435
1.0,25,1.64219
0.0,6,1.642394
1.0,1,1.642453
1.0,11,1.64282
1.0,25,1.643632
0.0,6,1.643851
1.0,1,1.643909
1.0,15,1.644484
1.0,25,1.645237
1.0,27,1.646045
1.0,1,1.646107
1.0,11,1.646459
1.0,25,1.647259
1.0,23,1.647967
1.0,1,1.648026
1.0,13,1.648438
0.0,8,1.648696
0.0,21,1.649359
1.0,3,1.649473
1.0,11,1.649831
1.0,23,1.650544
1.0,23,1.651264
1.0,1,1.651326
0.0,6,1.651536
1.0,25,1.652312
1.0,26,1.653097
1.0,1,1.653156
1.0,11,1.653511
1.0,23,1.654229
1.0,30,1.655203
1.0,1,1.655277
1.0,11,1.65573
0.0,21,1.65649
1.0,24,1.657215
1.0,1,1.657274
1.0,13,1.657682
1.0,27,1.658513
0.0,22,1.659165
1.0,1,1.659288
1.0,12,1.659696
1.0,27,1.660496
1.0,29,1.661354
1.0,1,1.661412
1.0,13,1.661834
1.0,24,1.662567
1.0,28,1.664126
1.0,1,1.664192
1.0,12,1.664591
0.0,16,1.665113
1.0,52,1.666723
1.0,1,1.666785
1.0,13,1.667337
1.0,33,1.668368
1.0,24,1.669112
1.0,1,1.669168
1.0,11,1.669519
0.0,22,1.670172
1.0,25,1.670915
1.0,1,1.670974
1.0,11,1.671326
0.0,6,1.671557
1.0,24,1.672272
1.0,4,1.672412
1.0,12,1.672781
0.0,4,1.672924
0.0,4,1.673067
1.0,1,1.673124
1.0,11,1.67347
1.0,24,1.674189
1.0,25,1.674925
1.0,1,1.674983
1.0,14,1.675452
1.0,25,1.676371
0.0,25,1.677243
1.0,1,1.677301
1.0,11,1.67765
1.0,25,1.678398
1.0,25,1.679213
1.0,1,1.679283
1.0,13,1.679685
1.0,23,1.680376
1.0,28,1.681207
1.0,3,1.681322
0.0,7,1.68155
1.0,33,1.682616
0.0,14,1.683046
1.0,1,1.683104
1.0,13,1.683512
1.0,25,1.68429
1.0,23,1.684996
1.0,1,1.685055
1.0,13,1.685465
0.0,6,1.685685
1.0,23,1.686382
1.0,1,1.686441
0.0,9,1.686727
1.0,26,1.687508
1.0,23,1.688245
1.0,1,1.688304
0.0,9,1.688593
1.0,24,1.689304
1.0,23,1.690002
1.0,1,1.690061
1.0,11,1.690413
0.0,21,1.691069
1.0,26,1.69186
1.0,1,1.691922
0.0,6,1.692124
1.0,24,1.692863
0.0,21,1.693491
1.0,1,1.693549
1.0,11,1.693901
1.0,32,1.694848
1.0,29,1.695724
1.0,1,1.695786
0.0,4,1.695932
1.0,25,1.696696
0.0,6,1.696902
1.0,1,1.696961
1.0,11,1.697318
1.0,25,1.698088
1.0,25,1.699039
1.0,3,1.699177
1.0,13,1.699598
1.0,23,1.700288
0.0,8,1.700547
1.0,1,1.700604
1.0,11,1.700953
0.0,16,1.70144
0.0,19,1.702008
1.0,1,1.702066
1.0,11,1.702413
1.0,25,1.70319
1.0,54,1.704802
1.0,1,1.704862
1.0,11,1.705216
1.0,30,1.706119
0.0,6,1.706326
1.0,1,1.706385
0.0,2,1.70647
1.0,23,1.707176
1.0,36,1.708248
1.0,1,1.708307
0.0,7,1.708535
0.0,6,1.708734
1.0,26,1.709602
1.0,1,1.70966
1.0,13,1.710063
1.0,25,1.710809
1.0,24,1.711565
1.0,1,1.711624
1.0,12,1.712015
1.0,26,1.712837
1.0,25,1.713787
1.0,1,1.713879
1.0,11,1.714272
0.0,10,1.714585
1.0,25,1.715373
1.0,1,1.71544
1.0,11,1.715824
0.0,18,1.716399
0.0,44,1.717675
1.0,1,1.717734
1.0,11,1.718084
1.0,25,1.718825
1.0,29,1.719733
1.0,1,1.719794
0.0,7,1.720135
0.0,15,1.720595
1.0,24,1.721329
1.0,1,1.721387
1.0,12,1.721758
1.0,30,1.722634
1.0,30,1.72356
1.0,2,1.723649
1.0,15,1.724132
1.0,28,1.725015
1.0,25,1.725856
1.0,1,1.725915
1.0,11,1.726328
1.0,31,1.727272
1.0,23,1.727975
1.0,1,1.728034
1.0,11,1.728386
1.0,25,1.729162
1.0,23,1.72987
1.0,1,1.729929
1.0,11,1.730287
1.0,65,1.732495
1.0,31,1.733452
1.0,1,1.733512
1.0,11,1.733924
0.0,8,1.734231
1.0,27,1.735106
1.0,1,1.735189
1.0,13,1.735609
1.0,24,1.736324
0.0,8,1.736633
1.0,1,1.736705
1.0,11,1.737056
1.0,55,1.738642
1.0,24,1.739396
1.0,1,1.739456
1.0,11,1.739826
1.0,25,1.740587
1.0,42,1.741839
1.0,1,1.741899
1.0,11,1.742254
0.0,4,1.7424
1.0,26,1.743185
1.0,1,1.743244
1.0,11,1.743595
0.0,20,1.744188
1.0,23,1.7449
1.0,1,1.744959
1.0,11,1.745312
1.0,27,1.74613
1.0,178,1.751318
1.0,1,1.751383
1.0,11,1.751743
1.0,28,1.752627
1.0,33,1.75363
1.0,1,1.753703
1.0,13,1.754109
0.0,10,1.754422
1.0,26,1.755208
1.0,1,1.755268
1.0,11,1.755623
1.0,28,1.756492
1.0,38,1.757728
1.0,1,1.757863
1.0,22,1.758551
1.0,23,1.759285
1.0,27,1.760091
1.0,1,1.760149
0.0,10,1.76046
1.0,23,1.761154
1.0,25,1.761923
1.0,1,1.761983
1.0,13,1.762539
0.0,17,1.763158
0.0,16,1.763655
1.0,1,1.763714
1.0,11,1.764066
1.0,32,1.764995
1.0,33,1.765972
1.0,1,1.766031
1.0,11,1.766383
1.0,46,1.767771
1.0,31,1.768708
1.0,1,1.768767
1.0,11,1.769123
1.0,23,1.769836
1.0,24,1.770757
1.0,1,1.770849
1.0,11,1.771237
1.0,25,1.772045
1.0,23,1.772748
1.0,1,1.772806
1.0,11,1.77319
1.0,26,1.773966
1.0,23,1.774678
1.0,1,1.774737
1.0,11,1.775095
0.0,14,1.775582
0.0,15,1.776052
1.0,1,1.77611
1.0,11,1.776464
0.0,12,1.776839
1.0,28,1.777683
1.0,1,1.777743
1.0,13,1.778158
1.0,23,1.778871
1.0,28,1.779725
1.0,1,1.779787
1.0,12,1.780171
1.0,25,1.780937
1.0,26,1.781732
1.0,1,1.781792
1.0,11,1.782151
1.0,30,1.783048
1.0,24,1.78379
1.0,1,1.783851
1.0,11,1.784208
0.0,4,1.784375
1.0,26,1.785172
1.0,1,1.785232
1.0,11,1.78559
1.0,32,1.786554
1.0,27,1.78748
1.0,1,1.787541
1.0,11,1.787956
1.0,25,1.788702
0.0,17,1.789214
1.0,1,1.789272
1.0,11,1.789619
1.0,25,1.790372
1.0,25,1.791174
1.0,1,1.791251
1.0,13,1.79187
1.0,28,1.7928
1.0,25,1.793551
1.0,1,1.79361
1.0,13,1.79405
1.0,29,1.795168
1.0,33,1.796266
1.0,1,1.796325
1.0,11,1.796674
1.0,30,1.797547
1.0,24,1.798257
1.0,1,1.798315
1.0,13,1.798716
0.0,46,1.800061
1.0,25,1.800826
1.0,1,1.800886
0.0,2,1.800972
1.0,25,1.80173
1.0,26,1.802512
1.0,1,1.802572
1.0,11,1.802926
0.0,8,1.803192
1.0,30,1.804095
1.0,1,1.804155
1.0,11,1.804513
1.0,23,1.805218
1.0,24,1.805959
1.0,1,1.806018
1.0,14,1.806445
0.0,12,1.806819
1.0,23,1.807514
1.0,1,1.807574
1.0,11,1.807941
1.0,31,1.808873
1.0,28,1.809709
1.0,1,1.809767
1.0,11,1.810112
1.0,25,1.810875
1.0,26,1.811661
1.0,1,1.811722
0.0,13,1.812124
1.0,23,1.812829
1.0,23,1.813529
1.0,1,1.813588
1.0,11,1.813943
1.0,26,1.814724
1.0,57,1.816458
1.0,2,1.816547
1.0,11,1.816897
1.0,25,1.817727
1.0,25,1.818489
1.0,1,1.8186
1.0,12,1.818999
0.0,16,1.819662
1.0,26,1.820448
1.0,1,1.820509
1.0,11,1.82086
1.0,23,1.821546
1.0,24,1.82229
1.0,1,1.822349
1.0,11,1.822721
1.0,23,1.823459
1.0,38,1.824564
1.0,1,1.82462
1.0,11,1.824989
0.0,22,1.825652
1.0,23,1.826418
1.0,1,1.826547
1.0,11,1.827002
0.0,8,1.827269
1.0,23,1.827996
1.0,1,1.828055
1.0,14,1.828663
0.0,19,1.829336
1.0,25,1.830085
1.0,1,1.830144
1.0,13,1.83055
1.0,25,1.831369
0.0,2,1.831454
1.0,1,1.831511
0.0,4,1.83165
1.0,27,1.832448
1.0,23,1.833141
1.0,1,1.833199
0.0,6,1.833474
1.0,24,1.834215
1.0,34,1.835251
1.0,1,1.835312
1.0,11,1.835661
1.0,26,1.836463
1.0,23,1.83717
1.0,1,1.83723
0.0,5,1.837399
0.0,16,1.837891
1.0,29,1.838761
1.0,1,1.838821
1.0,16,1.839347
1.0,23,1.84006
1.0,24,1.840778
1.0,1,1.840836
1.0,11,1.841183
1.0,26,1.841953
1.0,25,1.842709
1.0,1,1.842768
1.0,11,1.843124
0.0,18,1.84374
0.0,23,1.844425
1.0,1,1.844485
1.0,13,1.844904
1.0,25,1.845654
1.0,27,1.84646
1.0,1,1.846519
0.0,4,1.846663
1.0,26,1.84747
0.0,6,1.847678
1.0,1,1.847749
1.0,11,1.848094
0.0,43,1.849463
1.0,23,1.850156
1.0,1,1.850214
1.0,11,1.85056
1.0,27,1.851364
1.0,99,1.854257
1.0,1,1.854318
1.0,15,1.854781
1.0,26,1.855572
1.0,27,1.85639
1.0,1,1.85645
1.0,12,1.856832
1.0,26,1.857619
1.0,24,1.858567
1.0,1,1.85863
1.0,11,1.858981
1.0,41,1.860196
0.0,19,1.860758
1.0,1,1.860816
1.0,14,1.861245
0.0,13,1.86164
1.0,31,1.862546
1.0,1,1.862605
1.0,12,1.862997
1.0,25,1.863762
1.0,23,1.864467
1.0,1,1.86456
1.0,13,1.865061
0.0,8,1.865396
1.0,23,1.86623
1.0,1,1.866288
1.0,11,1.866636
1.0,25,1.867424
0.0,12,1.867834
1.0,1,1.867893
1.0,13,1.868299
1.0,23,1.868994
1.0,26,1.86976
1.0,1,1.869814
1.0,11,1.870163
1.0,31,1.871089
1.0,23,1.871883
1.0,1,1.871943
1.0,11,1.872292
1.0,23,1.872981
1.0,87,1.875534
1.0,1,1.875598
1.0,14,1.876045
1.0,30,1.876929
1.0,26,1.877705
1.0,1,1.877763
1.0,13,1.87817
1.0,25,1.878936
0.0,74,1.881203
1.0,1,1.881265
1.0,12,1.881639
0.0,16,1.882125
1.0,27,1.882974
1.0,1,1.883034
1.0,11,1.883432
1.0,24,1.884166
1.0,25,1.884943
1.0,3,1.885058
1.0,11,1.885423
1.0,24,1.8863
1.0,25,1.887156
1.0,1,1.887218
1.0,11,1.887559
0.0,16,1.888048
1.0,25,1.888826
1.0,1,1.888884
1.0,15,1.889342
0.0,19,1.889911
1.0,30,1.891033
1.0,1,1.891093
1.0,11,1.89148
1.0,29,1.89233
1.0,26,1.893105
1.0,1,1.893163
1.0,12,1.893538
1.0,27,1.89437
1.0,27,1.895195
1.0,1,1.895257
1.0,12,1.895637
1.0,25,1.896398
1.0,28,1.89724
1.0,1,1.897294
1.0,11,1.897641
1.0,31,1.898559
0.0,9,1.898893
1.0,1,1.898952
1.0,11,1.899307
0.0,8,1.899571
1.0,28,1.900417
1.0,1,1.900476
1.0,12,1.900858
1.0,23,1.901568
1.0,23,1.90227
1.0,2,1.902358
1.0,13,1.902773
1.0,29,1.903629
1.0,25,1.904382
1.0,1,1.904441
1.0,11,1.904807
1.0,25,1.905572
1.0,25,1.906338
1.0,1,1.906397
0.0,6,1.906604
1.0,25,1.907374
1.0,23,1.908069
1.0,1,1.908128
1.0,11,1.908479
1.0,25,1.909358
1.0,32,1.910349
1.0,1,1.910408
1.0,11,1.910779
1.0,28,1.911693
1.0,25,1.912445
1.0,1,1.912501
1.0,14,1.912951
0.0,11,1.913298
1.0,30,1.9142
1.0,1,1.914259
1.0,13,1.91468
1.0,25,1.915426
0.0,8,1.91568
1.0,1,1.915738
1.0,11,1.916083
1.0,23,1.916774
1.0,25,1.917527
1.0,1,1.917586
0.0,9,1.917886
0.0,8,1.91815
1.0,34,1.919168
1.0,1,1.919231
1.0,11,1.919586
1.0,25,1.920349
1.0,23,1.92106
1.0,1,1.921117
1.0,11,1.921467
0.0,4,1.921609
1.0,23,1.922527
1.0,1,1.922587
1.0,15,1.923113
1.0,25,1.924022
1.0,23,1.924833
1.0,1,1.924892
1.0,11,1.925239
1.0,29,1.926087
1.0,27,1.926919
1.0,1,1.926978
1.0,11,1.927366
1.0,32,1.928305
1.0,26,1.929076
1.0,1,1.929134
1.0,11,1.929485
1.0,27,1.930311
1.0,27,1.931123
1.0,1,1.931208
1.0,11,1.931581
1.0,25,1.93234
1.0,23,1.933033
1.0,1,1.933091
1.0,11,1.933456
1.0,23,1.934149
1.0,24,1.934885
1.0,1,1.934945
1.0,11,1.935338
1.0,23,1.936044
1.0,23,1.936755
1.0,1,1.936815
1.0,14,1.937253
1.0,26,1.938046
0.0,12,1.938415
1.0,1,1.938473
1.0,11,1.938821
1.0,25,1.93957
1.0,29,1.940456
1.0,1,1.940513
1.0,17,1.941077
1.0,25,1.941844
0.0,8,1.94217
1.0,1,1.942227
1.0,12,1.942602
1.0,29,1.943527
1.0,25,1.944456
1.0,1,1.944525
1.0,15,1.944983
1.0,23,1.945681
1.0,25,1.946455
1.0,1,1.946514
1.0,11,1.946954
1.0,25,1.947721
1.0,25,1.948501
1.0,1,1.948561
1.0,11,1.948906
1.0,35,1.949923
1.0,25,1.950668
1.0,1,1.950741
0.0,6,1.950946
1.0,27,1.951773
1.0,25,1.952538
1.0,1,1.952599
1.0,11,1.952951
0.0,17,1.953478
1.0,27,1.954485
1.0,16,1.955006
1.0,11,1.955379
1.0,24,1.956104
1.0,25,1.956853
1.0,1,1.956911
1.0,13,1.957313
0.0,14,1.957759
0.0,16,1.958251
1.0,3,1.958366
1.0,14,1.958804
1.0,27,1.959623
1.0,27,1.960449
1.0,1,1.960509
1.0,11,1.960866
1.0,23,1.961572
1.0,28,1.962449
1.0,1,1.962508
1.0,11,1.962865
1.0,25,1.963628
1.0,25,1.964392
1.0,1,1.964452
0.0,9,1.964745
1.0,32,1.965709
1.0,25,1.966474
1.0,1,1.966534
1.0,11,1.966899
1.0,23,1.967591
1.0,23,1.968287
1.0,1,1.968346
1.0,14,1.968796
1.0,28,1.969641
1.0,44,1.970939
1.0,1,1.970999
1.0,11,1.971354
1.0,28,1.972288
1.0,156,1.976918
1.0,1,1.976983
1.0,11,1.977346
1.0,26,1.978147
1.0,29,1.979018
1.0,1,1.979077
1.0,13,1.97952
1.0,25,1.980331
1.0,23,1.981174
1.0,1,1.981287
0.0,9,1.981642
1.0,26,1.982418
1.0,23,1.983263
1.0,1,1.983323
1.0,11,1.983675
1.0,25,1.984418
1.0,23,1.985223
1.0,1,1.985281
1.0,16,1.98593
1.0,23,1.986698
1.0,26,1.98754
1.0,1,1.987601
0.0,7,1.987834
1.0,25,1.988586
1.0,23,1.989289
1.0,1,1.989347
1.0,14,1.989781
1.0,29,1.990639
1.0,23,1.991345
1.0,1,1.991405
1.0,11,1.99176
1.0,27,1.992566
1.0,27,1.993407
1.0,1,1.993467
1.0,11,1.993827
1.0,23,1.994538
1.0,35,1.995598
1.0,1,1.995661
1.0,11,1.996018
1.0,31,1.996958
0.0,4,1.997105
1.0,1,1.997164
1.0,11,1.997522
1.0,116,2.000934
0.0,20,2.001555
1.0,3,2.001673
1.0,11,2.002031
1.0,27,2.002911
1.0,24,2.003674
1.0,1,2.003754
0.0,6,2.004006
1.0,25,2.004756
1.0,25,2.005511
1.0,1,2.00557
1.0,16,2.006081
1.0,25,2.006851
0.0,16,2.007352
1.0,1,2.007413
1.0,15,2.007884
1.0,30,2.008807
1.0,29,2.009668
1.0,1,2.009727
1.0,13,2.01013
1.0,25,2.01091
0.0,19,2.01154
1.0,1,2.011598
1.0,11,2.011959
1.0,25,2.012733
1.0,30,2.013613
1.0,1,2.013685
1.0,13,2.014094
0.0,4,2.014242
1.0,26,2.015038
1.0,1,2.015098
1.0,13,2.015517
1.0,25,2.016289
0.0,162,2.021634
1.0,1,2.021698
1.0,16,2.022186
1.0,25,2.023036
1.0,32,2.024044
1.0,1,2.024141
1.0,13,2.024568
1.0,25,2.025322
1.0,25,2.02611
1.0,1,2.026168
1.0,13,2.026575
0.0,8,2.026838
1.0,27,2.027685
1.0,1,2.027746
1.0,13,2.028152
1.0,23,2.028854
1.0,27,2.029668
1.0,1,2.029744
1.0,13,2.030163
1.0,25,2.030933
1.0,27,2.031757
1.0,1,2.031818
1.0,11,2.032178
1.0,27,2.033007
1.0,30,2.033955
1.0,1,2.034014
1.0,12,2.034392
1.0,23,2.035115
1.0,29,2.035996
1.0,1,2.036056
1.0,11,2.03641
0.0,13,2.036829
1.0,31,2.037755
1.0,1,2.037814
1.0,13,2.038226
1.0,31,2.039157
0.0,4,2.039311
1.0,1,2.039371
1.0,14,2.039812
0.0,4,2.03996
1.0,28,2.040967
1.0,1,2.041028
1.0,11,2.041436
0.0,42,2.042773
1.0,23,2.043473
1.0,1,2.043533
1.0,11,2.043886
1.0,25,2.044638
1.0,23,2.045335
1.0,1,2.045394
1.0,11,2.045745
1.0,23,2.046438
1.0,107,2.049868
1.0,1,2.049931
1.0,11,2.050282
1.0,32,2.05126
1.0,28,2.052097
1.0,1,2.052156
1.0,11,2.052508
1.0,32,2.053446
1.0,26,2.05422
1.0,1,2.054279
1.0,15,2.05475
1.0,27,2.055579
1.0,25,2.056382
1.0,1,2.056442
1.0,12,2.056823
1.0,30,2.057742
1.0,27,2.058547
1.0,1,2.058605
1.0,11,2.058955
0.0,14,2.059392
1.0,23,2.060114
1.0,1,2.060174
1.0,13,2.060694
1.0,23,2.061401
1.0,25,2.062171
1.0,1,2.062229
0.0,9,2.062517
1.0,28,2.063351
0.0,19,2.063975
1.0,3,2.064107
1.0,11,2.064467
1.0,28,2.065316
1.0,23,2.066082
1.0,1,2.06614
1.0,11,2.06649
0.0,16,2.066978
1.0,25,2.067783
1.0,1,2.067844
1.0,11,2.068201
1.0,28,2.06908
0.0,20,2.069689
1.0,1,2.069749
1.0,11,2.070107
0.0,6,2.07031
0.0,12,2.070706
1.0,3,2.070821
1.0,11,2.071174
1.0,27,2.071985
1.0,24,2.072723
1.0,1,2.072783
1.0,11,2.073137
1.0,32,2.074102
1.0,25,2.074869
1.0,1,2.074929
1.0,12,2.075318
1.0,27,2.076139
1.0,28,2.076987
1.0,1,2.077047
1.0,12,2.07743
1.0,29,2.078391
1.0,25,2.079258
1.0,1,2.079318
1.0,12,2.079695
0.0,18,2.080306
1.0,23,2.080999
1.0,1,2.081058
1.0,11,2.081584
0.0,13,2.082038
1.0,29,2.082891
1.0,1,2.08295
1.0,11,2.083341
0.0,10,2.083654
1.0,28,2.084481
1.0,1,2.084539
1.0,11,2.084945
0.0,20,2.085543
1.0,25,2.086299
1.0,1,2.086359
0.0,6,2.086564
1.0,27,2.087386
1.0,31,2.088299
1.0,1,2.08836
1.0,12,2.088734
1.0,25,2.089472
1.0,27,2.090294
1.0,1,2.090354
1.0,11,2.090715
1.0,23,2.09143
0.0,8,2.091709
1.0,1,2.091768
1.0,14,2.092198
1.0,25,2.092969
1.0,25,2.093729
1.0,1,2.093789
1.0,11,2.094146
1.0,24,2.094874
1.0,25,2.095726
1.0,1,2.095785
1.0,13,2.096195
1.0,25,2.097012
0.0,4,2.097157
1.0,3,2.097269
1.0,12,2.097643
1.0,23,2.098439
1.0,24,2.099212
1.0,7,2.099477
1.0,14,2.099971
0.0,21,2.100708
1.0,28,2.10155
1.0,1,2.101609
1.0,13,2.102016
1.0,23,2.102714
1.0,33,2.103725
1.0,1,2.103787
1.0,11,2.104135
1.0,25,2.1049
1.0,30,2.1058
1.0,1,2.10586
1.0,16,2.106354
1.0,27,2.107179
0.0,4,2.107328
1.0,1,2.107387
1.0,11,2.107744
1.0,25,2.108507
1.0,31,2.109435
1.0,1,2.109496
1.0,12,2.109889
1.0,29,2.110749
1.0,28,2.111623
1.0,1,2.111697
1.0,11,2.112053
1.0,28,2.112898
1.0,31,2.114101
1.0,1,2.114162
1.0,11,2.114512
0.0,6,2.114711
0.0,20,2.115353
1.0,1,2.115414
1.0,11,2.115763
1.0,26,2.116542
1.0,25,2.117283
1.0,1,2.117341
1.0,11,2.117704
1.0,25,2.118466
1.0,46,2.11984
1.0,1,2.119937
1.0,13,2.120349
1.0,25,2.121121
1.0,24,2.121837
1.0,1,2.121895
1.0,15,2.12235
1.0,23,2.123067
1.0,28,2.123908
1.0,1,2.123969
1.0,11,2.124326
1.0,25,2.125082
1.0,37,2.126219
1.0,1,2.126279
1.0,12,2.126657
0.0,18,2.127248
0.0,6,2.127454
1.0,1,2.127514
1.0,11,2.127935
1.0,25,2.128713
0.0,4,2.128858
1.0,1,2.128916
1.0,11,2.129262
1.0,27,2.130064
1.0,23,2.130774
1.0,1,2.130835
1.0,11,2.131224
1.0,27,2.132056
0.0,10,2.132378
1.0,1,2.132438
1.0,11,2.132805
1.0,23,2.133529
0.0,21,2.134155
1.0,1,2.134214
1.0,11,2.134562
0.0,22,2.135216
0.0,12,2.135592
1.0,1,2.135663
1.0,11,2.136127
0.0,9,2.136418
1.0,25,2.137251
1.0,1,2.137344
1.0,11,2.13777
1.0,29,2.138719
1.0,28,2.139641
1.0,1,2.139701
1.0,11,2.140047
1.0,23,2.140741
1.0,24,2.141463
1.0,1,2.141522
1.0,11,2.141875
0.0,52,2.143413
1.0,23,2.144154
1.0,1,2.144214
0.0,6,2.144418
1.0,25,2.14518
1.0,25,2.146185
1.0,1,2.146248
1.0,11,2.146607
1.0,23,2.14736
0.0,26,2.148138
1.0,1,2.148198
1.0,11,2.148545
1.0,23,2.14924
0.0,4,2.149383
1.0,2,2.149468
0.0,8,2.149723
1.0,24,2.150434
0.0,16,2.15094
1.0,1,2.151
1.0,12,2.151385
1.0,24,2.15212
1.0,30,2.153018
1.0,1,2.153078
1.0,12,2.153463
1.0,27,2.154286
1.0,26,2.155055
1.0,1,2.155113
1.0,13,2.155521
0.0,17,2.156065
1.0,24,2.156846
1.0,1,2.156905
1.0,15,2.157362
1.0,24,2.158151
1.0,30,2.159032
1.0,1,2.159091
1.0,11,2.159481
1.0,30,2.160365
0.0,6,2.160567
1.0,1,2.160625
1.0,13,2.161048
1.0,25,2.161811
0.0,4,2.161958
1.0,1,2.162016
1.0,14,2.162457
1.0,23,2.163165
1.0,25,2.163931
1.0,1,2.163991
1.0,13,2.164401
1.0,27,2.165248
1.0,27,2.166073
1.0,1,2.166132
1.0,11,2.166479
1.0,23,2.167174
1.0,23,2.167887
1.0,1,2.167946
1.0,13,2.168357
1.0,25,2.169122
1.0,25,2.169882
1.0,1,2.169939
1.0,13,2.170354
1.0,24,2.171092
1.0,25,2.171867
1.0,1,2.171929
0.0,2,2.172016
1.0,25,2.172789
1.0,26,2.173559
1.0,1,2.173618
1.0,11,2.17405
0.0,15,2.174512
1.0,24,2.175325
1.0,1,2.175386
1.0,11,2.175824
0.0,4,2.175968
1.0,23,2.176735
1.0,1,2.176794
1.0,12,2.17717
1.0,24,2.178141
1.0,28,2.17903
1.0,2,2.179119
1.0,11,2.179493
1.0,23,2.18019
0.0,16,2.180673
1.0,2,2.180758
1.0,11,2.181104
1.0,26,2.18188
1.0,27,2.18269
1.0,1,2.182749
1.0,11,2.183094
1.0,27,2.183967
1.0,26,2.184852
1.0,1,2.184911
1.0,11,2.185264
1.0,26,2.186043
1.0,32,2.187016
1.0,1,2.187077
1.0,11,2.187474
1.0,25,2.188309
0.0,19,2.188913
1.0,2,2.188998
1.0,11,2.189344
1.0,23,2.190038
1.0,23,2.190734
1.0,1,2.190793
1.0,13,2.191238
1.0,27,2.192045
1.0,25,2.192812
1.0,1,2.192872
1.0,11,2.193226
1.0,33,2.194215
0.0,19,2.194797
1.0,1,2.194856
1.0,12,2.195301
1.0,25,2.19621
1.0,23,2.196985
1.0,1,2.197044
1.0,15,2.197487
1.0,27,2.198288
1.0,28,2.199147
1.0,1,2.199244
1.0,11,2.199597
1.0,25,2.200344
0.0,17,2.200862
1.0,3,2.200978
1.0,15,2.20144
0.0,18,2.202001
0.0,8,2.202266
1.0,1,2.202324
1.0,13,2.20275
1.0,28,2.203626
1.0,29,2.204486
1.0,1,2.204545
0.0,2,2.20463
1.0,23,2.205323
1.0,25,2.206093
1.0,1,2.206152
0.0,6,2.206357
1.0,25,2.207123
1.0,33,2.208114
1.0,1,2.208174
1.0,17,2.2087
1.0,25,2.209459
1.0,26,2.210475
1.0,3,2.210593
1.0,11,2.210946
1.0,31,2.211998
1.0,25,2.212754
1.0,2,2.212841
1.0,12,2.213216
1.0,23,2.213907
0.0,9,2.214189
1.0,1,2.214247
1.0,12,2.214623
1.0,23,2.215346
1.0,26,2.216139
1.0,1,2.216198
1.0,11,2.216547
1.0,25,2.217294
1.0,23,2.218015
1.0,1,2.218076
0.0,2,2.218163
1.0,28,2.219037
1.0,23,2.219795
1.0,4,2.219942
1.0,11,2.220292
1.0,27,2.221091
1.0,23,2.221815
1.0,1,2.221874
0.0,9,2.222156
1.0,26,2.222934
0.0,8,2.223197
1.0,1,2.223257
1.0,11,2.223601
1.0,27,2.224423
0.0,16,2.224926
1.0,3,2.225043
1.0,13,2.225459
1.0,23,2.226167
0.0,5,2.226341
1.0,1,2.2264
1.0,13,2.226811
1.0,27,2.227629
0.0,16,2.228128
1.0,1,2.228188
1.0,13,2.228605
1.0,23,2.229314
0.0,12,2.229686
1.0,1,2.229745
0.0,7,2.229971
1.0,27,2.230788
1.0,24,2.231525
1.0,1,2.231586
1.0,15,2.232051
1.0,26,2.232911
1.0,25,2.233808
1.0,1,2.233906
1.0,11,2.234333
1.0,27,2.235251
1.0,23,2.235952
1.0,1,2.236011
1.0,11,2.236396
1.0,23,2.237092
1.0,26,2.23787
1.0,1,2.237929
1.0,11,2.238281
1.0,24,2.239028
1.0,27,2.239884
1.0,3,2.240004
1.0,11,2.240361
1.0,23,2.241079
1.0,23,2.241963
1.0,1,2.242027
1.0,13,2.242449
1.0,23,2.243131
1.0,25,2.243926
1.0,1,2.243987
1.0,11,2.244339
1.0,25,2.245111
1.0,23,2.245827
1.0,1,2.245886
1.0,13,2.246286
1.0,24,2.247005
1.0,30,2.24791
1.0,1,2.247972
1.0,11,2.24833
1.0,25,2.249186
0.0,19,2.249888
1.0,1,2.249947
1.0,14,2.250371
1.0,25,2.251115
1.0,30,2.252031
1.0,1,2.252091
1.0,12,2.252466
1.0,23,2.253181
1.0,27,2.254155
1.0,1,2.254266
1.0,11,2.254672
1.0,27,2.255477
0.0,14,2.25591
1.0,1,2.255969
1.0,13,2.256407
1.0,24,2.257122
1.0,25,2.257871
1.0,1,2.25793
1.0,11,2.258299
0.0,9,2.258592
1.0,30,2.259555
1.0,1,2.259621
1.0,16,2.260148
1.0,25,2.260975
1.0,34,2.262031
1.0,3,2.262149
1.0,15,2.262608
0.0,8,2.262886
1.0,28,2.263747
1.0,1,2.263809
1.0,11,2.264156
1.0,26,2.264934
0.0,13,2.265336
1.0,1,2.265394
1.0,13,2.265815
0.0,21,2.266456
0.0,21,2.267097
1.0,1,2.267156
1.0,11,2.267515
1.0,28,2.268364
1.0,25,2.26913
1.0,1,2.26919
1.0,11,2.269583
1.0,25,2.27035
1.0,30,2.271238
1.0,1,2.271299
1.0,15,2.271775
1.0,25,2.272534
0.0,18,2.273084
1.0,1,2.273144
1.0,11,2.273498
1.0,23,2.274414
0.0,6,2.274626
1.0,1,2.274699
1.0,14,2.275129
1.0,28,2.275985
1.0,29,2.276842
1.0,1,2.276902
1.0,11,2.277254
1.0,27,2.278053
1.0,25,2.278812
1.0,3,2.27893
1.0,13,2.279346
1.0,26,2.280166
1.0,33,2.28122
1.0,1,2.281279
1.0,11,2.281628
0.0,18,2.28216
1.0,25,2.282905
1.0,1,2.282964
1.0,11,2.283357
1.0,29,2.284239
0.0,14,2.284677
1.0,1,2.284736
1.0,14,2.285173
1.0,25,2.285944
1.0,29,2.286807
1.0,1,2.286866
1.0,14,2.287372
0.0,8,2.287631
1.0,25,2.288409
1.0,1,2.28847
1.0,14,2.288912
1.0,27,2.289712
1.0,23,2.290408
1.0,2,2.290493
1.0,13,2.290933
0.0,19,2.291701
1.0,24,2.292494
1.0,1,2.292552
1.0,14,2.292983
1.0,23,2.293695
1.0,46,2.295056
1.0,3,2.295176
0.0,4,2.295323
0.0,6,2.295524
1.0,24,2.29624
1.0,1,2.296298
1.0,20,2.296903
1.0,28,2.297741
1.0,28,2.298582
1.0,1,2.298641
1.0,15,2.299105
1.0,25,2.299907
0.0,18,2.300468
1.0,1,2.300528
1.0,14,2.301008
1.0,23,2.301697
1.0,23,2.302397
1.0,1,2.302455
1.0,11,2.302806
0.0,16,2.303295
1.0,31,2.304233
1.0,1,2.30429
1.0,13,2.304699
0.0,4,2.304846
1.0,25,2.305612
1.0,1,2.305783
1.0,13,2.306334
1.0,23,2.307081
1.0,25,2.307874
1.0,1,2.307935
1.0,12,2.308307
1.0,25,2.309055
0.0,8,2.309313
1.0,1,2.309371
1.0,13,2.309776
1.0,25,2.310555
1.0,24,2.311366
1.0,1,2.31144
1.0,11,2.311792
1.0,25,2.312542
1.0,29,2.313401
1.0,1,2.31346
0.0,11,2.31382
0.0,16,2.314311
1.0,24,2.315047
1.0,1,2.315107
1.0,11,2.315469
1.0,23,2.316183
1.0,25,2.316936
1.0,1,2.316994
1.0,11,2.317344
0.0,8,2.317708
1.0,25,2.318459
1.0,1,2.318514
1.0,16,2.318995
1.0,23,2.31981
1.0,23,2.320524
1.0,1,2.320586
1.0,11,2.320942
0.0,14,2.321378
1.0,25,2.322152
1.0,1,2.322211
1.0,16,2.322697
1.0,25,2.323453
1.0,23,2.32417
1.0,1,2.32423
1.0,13,2.324645
1.0,27,2.325567
1.0,27,2.326378
1.0,1,2.326437
0.0,9,2.326725
1.0,23,2.327451
1.0,28,2.32849
1.0,1,2.328549
1.0,16,2.329135
1.0,25,2.329881
1.0,24,2.330633
1.0,1,2.330692
1.0,12,2.331068
1.0,23,2.331809
1.0,23,2.332503
1.0,2,2.332588
1.0,13,2.333012
1.0,24,2.333754
1.0,29,2.334614
1.0,1,2.334687
1.0,11,2.335042
1.0,23,2.33576
0.0,14,2.336193
1.0,1,2.336252
1.0,11,2.336601
1.0,25,2.337343
1.0,23,2.338243
1.0,3,2.338415
1.0,12,2.338809
1.0,23,2.339544
1.0,115,2.342947
1.0,1,2.343009
1.0,11,2.343365
1.0,31,2.344284
1.0,33,2.345283
1.0,1,2.345343
1.0,11,2.345698
1.0,29,2.34657
0.0,6,2.346775
1.0,2,2.346863
1.0,13,2.347285
1.0,29,2.348265
1.0,26,2.349198
1.0,1,2.349276
1.0,11,2.349645
1.0,28,2.350477
0.0,12,2.350886
1.0,1,2.350945
1.0,13,2.351394
1.0,25,2.352145
1.0,24,2.352869
1.0,1,2.352928
1.0,11,2.353279
1.0,25,2.35403
0.0,4,2.354173
1.0,1,2.354231
1.0,12,2.354608
1.0,28,2.355484
1.0,30,2.35641
1.0,1,2.356471
1.0,11,2.356827
0.0,18,2.357382
0.0,14,2.357823
1.0,1,2.357882
1.0,11,2.358238
0.0,4,2.358386
1.0,24,2.359125
1.0,1,2.359187
0.0,4,2.359334
1.0,25,2.360083
1.0,27,2.360885
1.0,1,2.360943
1.0,13,2.361345
1.0,25,2.362096
1.0,26,2.362968
1.0,1,2.363058
0.0,8,2.363326
1.0,26,2.364128
0.0,9,2.364415
1.0,1,2.364473
1.0,17,2.365002
1.0,25,2.365779
1.0,24,2.36653
1.0,1,2.366589
1.0,11,2.366937
1.0,25,2.367688
0.0,8,2.367947
1.0,1,2.368006
1.0,15,2.368465
1.0,25,2.369238
1.0,27,2.370363
1.0,1,2.370423
1.0,14,2.370853
1.0,26,2.371702
1.0,27,2.372518
1.0,1,2.372624
1.0,13,2.373027
1.0,23,2.373716
1.0,29,2.374572
1.0,1,2.374631
1.0,11,2.374982
1.0,26,2.375797
1.0,25,2.376546
1.0,1,2.376604
1.0,13,2.377028
0.0,4,2.377173
0.0,21,2.377799
1.0,1,2.377858
1.0,14,2.378296
1.0,25,2.379068
0.0,19,2.379645
1.0,2,2.379732
1.0,15,2.380186
0.0,17,2.380709
1.0,28,2.38155
1.0,1,2.38161
1.0,13,2.382023
0.0,20,2.382633
1.0,23,2.383345
1.0,1,2.383407
0.0,9,2.3837
1.0,25,2.384459
1.0,25,2.385349
1.0,1,2.385457
1.0,11,2.38589
1.0,29,2.386805
1.0,23,2.387543
1.0,1,2.387603
1.0,13,2.388046
1.0,25,2.388798
1.0,23,2.389496
1.0,1,2.389555
1.0,11,2.389907
1.0,24,2.39063
1.0,26,2.391558
1.0,2,2.391659
1.0,12,2.39203
1.0,23,2.39272
0.0,6,2.39292
1.0,1,2.392978
1.0,12,2.393352
1.0,25,2.3941
1.0,23,2.394812
1.0,1,2.394871
1.0,12,2.395258
0.0,14,2.395696
1.0,32,2.396662
1.0,1,2.396722
1.0,11,2.397079
0.0,14,2.39751
1.0,23,2.398214
1.0,1,2.398274
1.0,13,2.398683
1.0,25,2.399448
0.0,16,2.399983
1.0,1,2.400041
1.0,11,2.400398
0.0,19,2.401101
1.0,23,2.401794
1.0,1,2.401852
1.0,11,2.402355
1.0,23,2.403117
1.0,23,2.40385
1.0,1,2.403911
1.0,11,2.404257
1.0,25,2.405006
1.0,25,2.405749
1.0,1,2.405807
1.0,11,2.406159
0.0,18,2.406715
1.0,27,2.407542
1.0,1,2.407605
1.0,13,2.408015
1.0,27,2.408839
1.0,31,2.40975
1.0,1,2.409808
1.0,12,2.41018
0.0,18,2.410733
1.0,32,2.411706
1.0,1,2.411768
1.0,12,2.412154
1.0,39,2.413421
1.0,23,2.414119
1.0,1,2.414177
1.0,12,2.414551
0.0,12,2.414926
1.0,23,2.415624
1.0,1,2.415698
1.0,15,2.416168
1.0,26,2.416959
1.0,29,2.417839
1.0,1,2.417898
1.0,11,2.418258
1.0,23,2.418965
1.0,32,2.419935
1.0,3,2.420051
0.0,9,2.420335
1.0,23,2.421032
1.0,25,2.421775
1.0,1,2.421833
1.0,12,2.422276
0.0,18,2.422984
1.0,23,2.423836
1.0,3,2.423953
1.0,11,2.424303
1.0,27,2.425138
1.0,23,2.425834
1.0,1,2.425893
0.0,2,2.425977
0.0,16,2.426465
1.0,26,2.427281
1.0,1,2.427341
0.0,9,2.427626
1.0,26,2.428401
0.0,19,2.429018
1.0,1,2.429078
1.0,13,2.429551
0.0,16,2.430047
1.0,25,2.430794
1.0,1,2.430852
0.0,2,2.430936
1.0,23,2.431633
1.0,24,2.432357
1.0,1,2.432436
1.0,11,2.432813
1.0,25,2.433571
1.0,32,2.434779
1.0,1,2.43484
1.0,11,2.435196
1.0,25,2.435944
1.0,25,2.43669
1.0,1,2.436746
1.0,11,2.437097
1.0,23,2.437904
1.0,26,2.438787
1.0,1,2.438846
1.0,11,2.439219
1.0,26,2.440009
1.0,28,2.440837
1.0,1,2.440896
1.0,11,2.441241
1.0,26,2.442014
1.0,23,2.44276
1.0,1,2.442819
1.0,11,2.44331
1.0,25,2.444235
1.0,23,2.444928
1.0,1,2.444986
1.0,11,2.445337
1.0,24,2.446085
1.0,31,2.446997
1.0,1,2.447057
0.0,8,2.447317
1.0,29,2.448177
1.0,27,2.449
1.0,1,2.449059
1.0,11,2.449417
0.0,12,2.449798
1.0,29,2.450678
1.0,1,2.450738
0.0,9,2.451033
1.0,27,2.451858
1.0,25,2.4526
1.0,1,2.452659
1.0,11,2.453011
0.0,17,2.453521
1.0,23,2.454315
1.0,1,2.454374
1.0,12,2.454752
1.0,23,2.455485
1.0,29,2.456332
1.0,1,2.456391
1.0,11,2.456758
1.0,27,2.457583
1.0,23,2.4583
1.0,3,2.458417
1.0,13,2.458819
1.0,23,2.459589
1.0,25,2.460391
1.0,1,2.460498
1.0,13,2.460925
1.0,28,2.461754
1.0,25,2.462522
1.0,1,2.462624
1.0,11,2.463035
1.0,27,2.464052
1.0,27,2.46486
1.0,1,2.464919
1.0,11,2.465269
1.0,29,2.466176
1.0,26,2.467277
1.0,1,2.46734
1.0,11,2.467691
1.0,23,2.468388
1.0,29,2.469251
1.0,1,2.469311
1.0,11,2.46966
1.0,25,2.470408
1.0,31,2.471325
1.0,1,2.471386
1.0,13,2.471793
1.0,27,2.472599
1.0,28,2.473455
1.0,1,2.473515
1.0,13,2.473929
1.0,23,2.47464
1.0,23,2.475353
1.0,1,2.475414
1.0,11,2.47577
1.0,23,2.476594
1.0,25,2.47734
1.0,1,2.477398
1.0,11,2.477746
1.0,31,2.478671
0.0,13,2.479079
1.0,2,2.479169
1.0,11,2.479529
1.0,25,2.480293
0.0,10,2.480647
1.0,1,2.480706
1.0,11,2.481064
1.0,23,2.481783
1.0,25,2.482528
1.0,1,2.482587
1.0,13,2.482988
1.0,24,2.483707
1.0,23,2.484399
1.0,1,2.484457
1.0,13,2.484881
1.0,27,2.485701
1.0,27,2.48652
1.0,1,2.486575
1.0,14,2.487007
1.0,26,2.487817
1.0,27,2.488622
1.0,1,2.488681
1.0,11,2.489031
1.0,29,2.489884
1.0,28,2.490762
1.0,1,2.490821
1.0,11,2.491201
1.0,28,2.492066
1.0,28,2.49292
1.0,1,2.492979
1.0,11,2.493327
1.0,26,2.494095
1.0,27,2.494912
1.0,1,2.494971
1.0,15,2.495479
1.0,25,2.496238
1.0,25,2.497005
1.0,1,2.497065
1.0,11,2.497425
1.0,28,2.498511
1.0,23,2.499244
1.0,1,2.499306
1.0,12,2.499769
1.0,25,2.500675
1.0,27,2.501481
1.0,1,2.50154
1.0,11,2.501889
1.0,24,2.502641
1.0,23,2.503376
1.0,1,2.503437
0.0,7,2.503667
0.0,4,2.503809
1.0,25,2.504552
1.0,1,2.504611
1.0,12,2.50499
1.0,27,2.505818
1.0,26,2.506609
1.0,1,2.50667
1.0,14,2.507107
1.0,24,2.50785
1.0,25,2.508595
1.0,1,2.508657
1.0,13,2.509064
1.0,23,2.509753
1.0,25,2.510498
1.0,1,2.510557
1.0,11,2.510927
0.0,8,2.511193
1.0,25,2.511965
1.0,1,2.512024
0.0,6,2.512223
1.0,23,2.51295
1.0,23,2.513665
1.0,1,2.513725
1.0,11,2.514077
1.0,23,2.514903
0.0,4,2.515046
1.0,3,2.515161
1.0,14,2.515629
1.0,27,2.51643
1.0,25,2.517176
1.0,1,2.517235
0.0,7,2.517461
0.0,6,2.517657
1.0,27,2.518459
1.0,1,2.518517
1.0,14,2.518974
1.0,29,2.51985
1.0,23,2.520563
1.0,1,2.520622
0.0,4,2.520768
1.0,23,2.52151
0.0,7,2.52175
1.0,1,2.52186
1.0,11,2.522221
1.0,25,2.522954
1.0,25,2.523707
1.0,1,2.523767
1.0,11,2.524116
1.0,27,2.524937
1.0,25,2.525697
1.0,1,2.525756
0.0,2,2.525842
1.0,29,2.526726
1.0,27,2.527533
1.0,1,2.527592
1.0,13,2.527996
1.0,26,2.528768
1.0,27,2.529575
1.0,1,2.529634
1.0,11,2.530004
1.0,27,2.531046
0.0,14,2.531494
1.0,1,2.531557
1.0,15,2.532028
0.0,8,2.532279
1.0,23,2.532969
1.0,1,2.533028
1.0,17,2.53353
1.0,25,2.534275
1.0,26,2.53507
1.0,1,2.53513
0.0,2,2.535223
0.0,4,2.53537
0.0,4,2.535511
1.0,1,2.53557
1.0,11,2.535924
1.0,28,2.536889
0.0,20,2.537591
1.0,1,2.537649
1.0,11,2.537995
1.0,27,2.538794
0.0,6,2.539029
1.0,1,2.539087
1.0,13,2.539528
1.0,24,2.540246
1.0,25,2.540999
1.0,1,2.541058
1.0,14,2.541488
1.0,27,2.542313
0.0,10,2.542635
1.0,1,2.542693
0.0,8,2.542954
1.0,30,2.543854
1.0,23,2.54456
1.0,1,2.54462
1.0,13,2.545032
1.0,35,2.546075
0.0,17,2.546588
1.0,1,2.546646
1.0,11,2.546992
1.0,23,2.547681
0.0,18,2.548224
1.0,1,2.548283
1.0,11,2.548627
1.0,29,2.549519
1.0,25,2.550284
1.0,1,2.550345
1.0,11,2.550716
0.0,19,2.551289
1.0,27,2.552208
1.0,1,2.552267
1.0,17,2.552846
1.0,27,2.553639
0.0,14,2.554071
1.0,1,2.554129
0.0,4,2.554268
1.0,25,2.555
0.0,4,2.555144
1.0,1,2.555205
1.0,14,2.555637
1.0,25,2.556409
1.0,26,2.557406
1.0,1,2.557464
1.0,11,2.55781
1.0,23,2.558601
1.0,23,2.559331
1.0,1,2.559391
1.0,15,2.559843
0.0,17,2.560387
1.0,25,2.56113
1.0,1,2.561189
1.0,12,2.561564
1.0,30,2.562625
1.0,29,2.563591
1.0,1,2.563653
1.0,11,2.56401
0.0,6,2.564207
0.0,10,2.564517
1.0,1,2.564575
1.0,11,2.564925
0.0,16,2.56541
1.0,28,2.566236
1.0,1,2.566295
1.0,11,2.566642
0.0,4,2.566785
1.0,28,2.567619
1.0,1,2.567698
1.0,11,2.568053
1.0,25,2.568814
1.0,28,2.569654
1.0,1,2.569714
0.0,11,2.570063
1.0,27,2.570877
1.0,23,2.571588
1.0,1,2.57165
0.0,7,2.571882
1.0,23,2.572588
1.0,23,2.5733
1.0,1,2.573361
1.0,11,2.573714
1.0,27,2.574532
1.0,25,2.575301
1.0,1,2.575362
1.0,11,2.575721
1.0,23,2.57643
1.0,27,2.577282
1.0,2,2.57737
1.0,11,2.577736
1.0,24,2.578454
1.0,29,2.579316
1.0,1,2.579377
1.0,11,2.579724
1.0,25,2.580465
1.0,23,2.581185
1.0,1,2.581246
1.0,13,2.581653
0.0,20,2.582294
0.0,8,2.58256
1.0,2,2.582646
1.0,12,2.583062
1.0,27,2.583894
1.0,23,2.584586
1.0,1,2.584644
0.0,4,2.584785
1.0,25,2.58553
0.0,16,2.586015
1.0,1,2.586072
1.0,11,2.586421
1.0,27,2.587251
1.0,23,2.587971
1.0,1,2.588029
0.0,4,2.588172
1.0,23,2.588879
1.0,24,2.58961
1.0,1,2.589669
1.0,11,2.590131
1.0,25,2.590986
1.0,23,2.5917
1.0,1,2.59176
1.0,14,2.592183
1.0,31,2.593085
1.0,24,2.593809
1.0,1,2.593868
1.0,11,2.594373
1.0,29,2.595441
1.0,25,2.59619
1.0,1,2.596249
0.0,6,2.596449
0.0,6,2.596649
1.0,26,2.597459
1.0,1,2.597517
1.0,13,2.597922
1.0,27,2.598715
1.0,23,2.599407
1.0,2,2.599494
1.0,15,2.599967
0.0,8,2.600227
0.0,19,2.600809
1.0,1,2.600868
1.0,13,2.601281
0.0,25,2.602025
1.0,27,2.60283
1.0,1,2.602889
0.0,2,2.602976
1.0,25,2.603742
1.0,25,2.604511
1.0,1,2.604571
1.0,15,2.605043
1.0,23,2.605735
1.0,26,2.606509
1.0,1,2.606567
1.0,15,2.607046
1.0,25,2.607817
1.0,30,2.60872
1.0,1,2.60878
1.0,11,2.609139
0.0,8,2.609436
1.0,25,2.610192
1.0,3,2.610314
1.0,11,2.610661
1.0,27,2.61147
1.0,24,2.612212
1.0,1,2.612272
1.0,11,2.61263
0.0,12,2.613047
0.0,18,2.613595
1.0,1,2.613688
1.0,14,2.614132
1.0,26,2.61493
1.0,25,2.615786
1.0,1,2.61588
1.0,12,2.616292
1.0,26,2.617068
1.0,25,2.617855
1.0,1,2.617913
1.0,11,2.618262
1.0,27,2.619067
1.0,54,2.620749
1.0,1,2.620811
0.0,9,2.621097
1.0,23,2.621787
1.0,26,2.622557
1.0,1,2.622615
1.0,11,2.622984
1.0,23,2.623695
1.0,23,2.624409
1.0,1,2.624469
1.0,11,2.624827
1.0,28,2.625671
1.0,38,2.627039
1.0,1,2.6271
1.0,11,2.62747
1.0,27,2.628356
1.0,30,2.629229
1.0,1,2.629288
1.0,11,2.629667
0.0,16,2.630159
1.0,29,2.63102
1.0,1,2.631079
1.0,13,2.631528
1.0,29,2.63238
1.0,25,2.633156
1.0,1,2.633216
1.0,11,2.633565
1.0,35,2.634596
0.0,4,2.634742
1.0,1,2.6348
1.0,12,2.635186
1.0,25,2.635945
1.0,25,2.636705
1.0,1,2.63676
1.0,11,2.637116
1.0,25,2.637891
1.0,30,2.638787
1.0,1,2.638846
0.0,7,2.639078
1.0,24,2.639824
1.0,33,2.640823
1.0,1,2.640882
1.0,15,2.641342
1.0,23,2.642056
1.0,31,2.642982
1.0,1,2.643041
1.0,12,2.643428
1.0,30,2.644363
1.0,25,2.64518
1.0,5,2.645352
1.0,11,2.6457
0.0,22,2.64636
1.0,25,2.64712
1.0,1,2.647183
1.0,12,2.647568
1.0,24,2.648307
1.0,27,2.649122
1.0,1,2.649179
1.0,15,2.649643
1.0,25,2.650406
1.0,23,2.651124
1.0,1,2.651186
1.0,14,2.651627
1.0,25,2.65251
1.0,27,2.653399
1.0,1,2.653457
1.0,11,2.653805
1.0,25,2.654552
1.0,27,2.655432
1.0,1,2.655492
1.0,15,2.655951
0.0,23,2.656634
1.0,26,2.65744
1.0,1,2.657501
1.0,12,2.658078
1.0,26,2.658882
1.0,26,2.659702
1.0,1,2.659762
1.0,11,2.660115
1.0,28,2.660944
1.0,25,2.661685
1.0,1,2.661744
1.0,13,2.662148
1.0,27,2.662971
1.0,23,2.6637
1.0,1,2.66376
1.0,11,2.664109
1.0,25,2.664875
1.0,28,2.665819
1.0,1,2.665879
1.0,11,2.666237
1.0,25,2.666998
1.0,28,2.667847
1.0,1,2.667908
1.0,11,2.668266
1.0,30,2.669173
1.0,25,2.669934
1.0,1,2.669993
1.0,11,2.670349
1.0,26,2.671138
1.0,27,2.671963
1.0,1,2.672025
1.0,15,2.67249
1.0,24,2.673231
1.0,23,2.673926
1.0,1,2.673985
1.0,12,2.67438
1.0,25,2.67516
1.0,24,2.675977
1.0,1,2.676036
1.0,12,2.676446
1.0,24,2.677164
1.0,28,2.677987
1.0,1,2.678046
0.0,7,2.678273
1.0,27,2.679093
1.0,30,2.679998
1.0,1,2.68006
1.0,11,2.680417
1.0,26,2.681205
1.0,23,2.681914
1.0,1,2.681974
1.0,11,2.682324
1.0,23,2.68303
1.0,25,2.683812
1.0,2,2.683898
1.0,13,2.684303
0.0,19,2.68487
1.0,25,2.685617
1.0,1,2.685686
1.0,11,2.686044
1.0,25,2.686805
1.0,27,2.687629
1.0,1,2.68769
1.0,11,2.68805
1.0,28,2.688992
1.0,25,2.690062
1.0,1,2.690122
1.0,11,2.690469
1.0,25,2.691256
0.0,4,2.691436
1.0,1,2.691494
1.0,11,2.691846
1.0,27,2.692647
1.0,25,2.693397
1.0,1,2.693455
1.0,18,2.693995
1.0,23,2.694688
1.0,27,2.695529
1.0,1,2.695586
1.0,13,2.696012
0.0,14,2.696448
1.0,28,2.697291
1.0,1,2.697351
0.0,7,2.697583
0.0,24,2.698304
1.0,31,2.699248
1.0,1,2.69931
1.0,11,2.699663
1.0,24,2.700399
1.0,24,2.701131
1.0,1,2.70119
0.0,7,2.701426
1.0,24,2.702157
1.0,25,2.702927
1.0,1,2.702987
1.0,13,2.703506
1.0,27,2.704323
0.0,21,2.704952
1.0,1,2.705007
1.0,15,2.705494
1.0,25,2.70631
1.0,27,2.707116
1.0,3,2.707272
0.0,9,2.707558
0.0,14,2.707986
1.0,25,2.708746
1.0,1,2.708806
1.0,11,2.709199
1.0,23,2.710057
1.0,28,2.710989
1.0,1,2.711047
1.0,11,2.711397
0.0,17,2.711911
1.0,25,2.712694
1.0,1,2.712749
1.0,13,2.713153
1.0,23,2.713856
1.0,25,2.714615
1.0,1,2.714687
1.0,11,2.715037
1.0,30,2.715965
1.0,25,2.716715
1.0,1,2.716774
1.0,11,2.717121
0.0,8,2.717374
1.0,32,2.718341
1.0,1,2.718402
0.0,9,2.718686
1.0,25,2.719451
1.0,25,2.720214
1.0,1,2.720274
1.0,13,2.72068
0.0,16,2.721178
1.0,25,2.72217
1.0,1,2.722231
1.0,11,2.72258
1.0,27,2.723435
1.0,23,2.724127
1.0,3,2.724239
0.0,2,2.724324
0.0,4,2.7245
1.0,27,2.725302
1.0,1,2.725359
1.0,11,2.725708
0.0,19,2.726277
0.0,16,2.726776
1.0,1,2.726835
1.0,12,2.727221
0.0,4,2.727371
1.0,25,2.728129
1.0,1,2.728189
1.0,12,2.728566
0.0,16,2.729061
1.0,29,2.729928
1.0,1,2.729987
1.0,12,2.730362
1.0,31,2.731292
1.0,30,2.732191
1.0,1,2.73225
1.0,14,2.732768
1.0,25,2.733522
1.0,23,2.734246
1.0,1,2.734307
1.0,11,2.734664
1.0,30,2.735562
1.0,31,2.73653
1.0,2,2.736619
1.0,11,2.736984
1.0,26,2.737827
1.0,32,2.738769
1.0,1,2.738828
1.0,13,2.739273
1.0,25,2.740024
1.0,25,2.740788
1.0,1,2.740847
1.0,13,2.741369
1.0,27,2.742186
1.0,25,2.742958
1.0,1,2.74302
1.0,12,2.743402
1.0,25,2.744149
1.0,26,2.744943
1.0,1,2.745003
1.0,15,2.745475
1.0,25,2.746242
0.0,16,2.746865
1.0,1,2.746946
1.0,11,2.747367
1.0,27,2.748278
1.0,25,2.749023
1.0,1,2.749082
1.0,11,2.749467
1.0,31,2.750373
1.0,29,2.751227
1.0,1,2.751287
1.0,12,2.751665
1.0,25,2.752408
1.0,23,2.753126
1.0,2,2.753212
0.0,7,2.753561
1.0,23,2.754379
1.0,23,2.755091
1.0,1,2.75515
1.0,11,2.755536
1.0,25,2.756282
1.0,27,2.75711
1.0,1,2.757169
1.0,11,2.757518
1.0,28,2.758334
1.0,23,2.759029
1.0,1,2.759087
1.0,11,2.759434
1.0,23,2.760151
1.0,141,2.764288
1.0,1,2.764353
0.0,8,2.764617
0.0,6,2.764825
0.0,18,2.765381
1.0,1,2.765441
1.0,11,2.765796
1.0,25,2.766561
1.0,23,2.767314
1.0,1,2.767375
1.0,11,2.767729
1.0,25,2.768551
1.0,25,2.769307
1.0,1,2.769366
1.0,13,2.769771
1.0,26,2.770556
1.0,23,2.771322
1.0,1,2.771383
1.0,11,2.771739
1.0,27,2.772564
1.0,23,2.77328
1.0,1,2.77334
1.0,13,2.773754
1.0,27,2.774578
1.0,25,2.775384
1.0,1,2.775444
1.0,15,2.775908
1.0,25,2.776661
1.0,30,2.777549
1.0,1,2.777608
1.0,11,2.77796
1.0,23,2.778677
0.0,4,2.778825
1.0,1,2.778884
1.0,11,2.779323
1.0,25,2.780092
1.0,23,2.78079
1.0,1,2.780849
0.0,8,2.781103
1.0,23,2.781817
1.0,25,2.78258
1.0,1,2.78264
1.0,11,2.782997
1.0,24,2.783824
1.0,29,2.78487
1.0,1,2.78493
1.0,13,2.785452
1.0,24,2.786331
0.0,16,2.786847
1.0,1,2.786906
1.0,19,2.787519
1.0,28,2.78835
1.0,23,2.789042
1.0,1,2.789101
0.0,6,2.789303
1.0,23,2.789997
1.0,25,2.790745
1.0,1,2.790803
1.0,13,2.791212
1.0,23,2.791911
1.0,25,2.792658
1.0,1,2.792731
0.0,7,2.792963
1.0,23,2.793661
1.0,25,2.794431
1.0,1,2.794491
1.0,12,2.794873
1.0,27,2.795697
0.0,6,2.795904
1.0,1,2.795963
0.0,9,2.796256
0.0,15,2.796718
1.0,23,2.797426
1.0,1,2.797485
1.0,11,2.797847
1.0,23,2.798573
1.0,23,2.799308
1.0,1,2.799369
1.0,13,2.799775
1.0,25,2.80059
0.0,14,2.801013
1.0,1,2.801072
0.0,9,2.801355
1.0,23,2.802045
1.0,27,2.802858
1.0,1,2.802918
1.0,12,2.803336
1.0,25,2.804277
1.0,28,2.805121
1.0,1,2.80518
1.0,11,2.805563
1.0,24,2.806308
1.0,23,2.806995
1.0,1,2.807053
1.0,12,2.807432
1.0,23,2.808129
1.0,25,2.808892
1.0,1,2.808952
1.0,11,2.809309
1.0,25,2.810072
1.0,29,2.81094
1.0,1,2.811
1.0,12,2.811382
1.0,27,2.812196
1.0,26,2.812988
1.0,1,2.813047
0.0,5,2.813221
1.0,23,2.813939
1.0,25,2.81469
1.0,1,2.814748
0.0,6,2.81495
1.0,25,2.815703
0.0,12,2.816072
1.0,1,2.81613
1.0,11,2.816478
1.0,23,2.817369
0.0,8,2.817808
1.0,1,2.817867
1.0,11,2.818218
1.0,23,2.818914
1.0,27,2.819821
1.0,1,2.819887
1.0,11,2.82024
1.0,29,2.821137
1.0,26,2.821911
1.0,1,2.82197
1.0,11,2.822319
1.0,27,2.823123
1.0,23,2.823826
1.0,1,2.823887
1.0,14,2.824318
1.0,29,2.825203
1.0,23,2.825911
1.0,4,2.826054
1.0,14,2.826492
1.0,28,2.827342
1.0,23,2.828041
1.0,1,2.8281
1.0,13,2.828503
1.0,25,2.82931
0.0,16,2.829821
1.0,1,2.829931
1.0,11,2.830285
0.0,17,2.830801
1.0,27,2.831646
1.0,1,2.831707
1.0,13,2.832115
1.0,28,2.832949
1.0,26,2.833737
1.0,1,2.833797
1.0,14,2.834236
1.0,25,2.834997
1.0,25,2.835817
1.0,1,2.835878
1.0,11,2.836226
0.0,4,2.83637
1.0,25,2.837114
1.0,1,2.837172
1.0,11,2.83752
1.0,30,2.838403
0.0,18,2.838951
1.0,1,2.83901
1.0,11,2.839366
1.0,26,2.840201
1.0,25,2.841197
1.0,1,2.841295
1.0,11,2.84166
1.0,26,2.842431
1.0,26,2.843278
1.0,1,2.84334
1.0,11,2.843758
1.0,23,2.844455
1.0,23,2.845151
1.0,1,2.84521
1.0,11,2.845561
1.0,27,2.846359
1.0,23,2.847055
1.0,1,2.847114
1.0,12,2.847524
1.0,25,2.848268
1.0,24,2.849006
1.0,1,2.849066
1.0,13,2.849722
1.0,23,2.850434
1.0,25,2.851184
1.0,1,2.851244
1.0,11,2.851591
1.0,25,2.852337
1.0,23,2.85303
1.0,1,2.853088
1.0,11,2.85347
1.0,25,2.854218
1.0,29,2.855169
1.0,1,2.855268
0.0,4,2.855416
0.0,10,2.855748
0.0,12,2.856121
1.0,1,2.856179
1.0,11,2.856529
1.0,26,2.857302
0.0,8,2.857561
1.0,1,2.857619
1.0,13,2.858025
0.0,8,2.858285
1.0,23,2.858973
1.0,1,2.859027
1.0,11,2.859411
1.0,25,2.860218
1.0,28,2.861145
1.0,1,2.861204
1.0,11,2.861555
1.0,24,2.862273
1.0,30,2.863182
1.0,1,2.863248
1.0,12,2.863636
1.0,23,2.86439
1.0,27,2.865188
1.0,1,2.865247
0.0,6,2.86545
1.0,29,2.866306
1.0,24,2.86704
1.0,1,2.867099
1.0,11,2.867462
1.0,23,2.868178
1.0,44,2.869508
1.0,1,2.869569
1.0,11,2.869927
1.0,25,2.870697
0.0,16,2.871204
1.0,1,2.871265
0.0,2,2.871352
0.0,14,2.871793
0.0,6,2.871997
1.0,1,2.872056
1.0,14,2.872494
1.0,28,2.873346
1.0,23,2.874057
1.0,1,2.874115
1.0,11,2.874461
1.0,23,2.875184
0.0,4,2.875329
1.0,1,2.875388
1.0,11,2.875742
1.0,25,2.8765
1.0,29,2.877414
1.0,1,2.877474
1.0,13,2.878021
1.0,23,2.878786
1.0,25,2.879532
1.0,1,2.879592
1.0,11,2.879944
1.0,29,2.880835
1.0,24,2.881719
1.0,1,2.881802
0.0,2,2.881915
0.0,16,2.882397
1.0,25,2.88314
1.0,1,2.883203
1.0,12,2.883582
1.0,27,2.884388
1.0,27,2.885218
1.0,1,2.885278
0.0,16,2.885764
0.0,8,2.886024
0.0,20,2.886635
1.0,1,2.886694
0.0,11,2.887043
1.0,24,2.887795
1.0,27,2.88858
1.0,2,2.888665
1.0,12,2.889036
1.0,24,2.889772
1.0,34,2.890781
1.0,1,2.89084
0.0,2,2.890927
1.0,27,2.891798
1.0,25,2.892684
1.0,1,2.892742
1.0,11,2.893093
1.0,23,2.893787
1.0,25,2.894533
1.0,1,2.894591
1.0,15,2.89505
1.0,25,2.895819
1.0,27,2.896634
1.0,2,2.896722
1.0,11,2.897079
1.0,29,2.898029
1.0,23,2.89884
1.0,1,2.898899
1.0,11,2.899255
0.0,27,2.900052
1.0,27,2.900887
1.0,1,2.900946
1.0,15,2.901411
1.0,26,2.902186
0.0,19,2.902815
1.0,1,2.902874
1.0,13,2.903293
1.0,23,2.904004
1.0,32,2.90495
1.0,1,2.905009
1.0,11,2.90536
0.0,4,2.905504
1.0,26,2.906297
1.0,2,2.906385
1.0,13,2.906798
0.0,4,2.906945
1.0,27,2.907782
1.0,1,2.907843
1.0,14,2.908275
1.0,30,2.909156
1.0,26,2.909947
1.0,1,2.910007
1.0,11,2.910364
0.0,8,2.910624
1.0,29,2.911499
1.0,1,2.911561
1.0,13,2.911972
1.0,26,2.91276
1.0,45,2.914325
1.0,1,2.914385
0.0,2,2.91447
1.0,25,2.915253
1.0,29,2.916115
1.0,1,2.916174
1.0,11,2.916522
0.0,12,2.916896
1.0,27,2.917701
1.0,1,2.917779
1.0,14,2.918221
1.0,29,2.919099
1.0,24,2.919839
1.0,1,2.919901
1.0,11,2.920258
1.0,29,2.921131
1.0,25,2.921921
1.0,1,2.92198
1.0,11,2.922336
0.0,15,2.922877
0.0,8,2.923131
1.0,1,2.923218
1.0,11,2.92358
1.0,28,2.924409
1.0,25,2.925156
1.0,1,2.925214
1.0,14,2.925641
0.0,20,2.926265
1.0,28,2.927107
1.0,3,2.927228
0.0,2,2.927316
1.0,27,2.928128
1.0,26,2.928896
1.0,1,2.928954
1.0,12,2.929325
0.0,17,2.92986
1.0,26,2.930727
1.0,1,2.930786
1.0,15,2.931302
1.0,26,2.932174
1.0,23,2.93287
1.0,1,2.932928
1.0,11,2.933279
1.0,25,2.934072
0.0,8,2.934391
1.0,1,2.934451
1.0,13,2.934904
1.0,28,2.935817
0.0,12,2.936192
1.0,1,2.936251
0.0,2,2.936336
1.0,24,2.937085
1.0,23,2.93777
1.0,1,2.937829
1.0,11,2.938176
1.0,23,2.938863
1.0,25,2.939684
1.0,1,2.939747
1.0,11,2.940108
0.0,8,2.940364
1.0,25,2.941127
1.0,1,2.941186
1.0,11,2.941545
1.0,32,2.942507
1.0,26,2.943299
1.0,1,2.943361
1.0,11,2.943733
0.0,12,2.944108
1.0,29,2.944962
1.0,1,2.94502
1.0,11,2.945574
0.0,20,2.946242
1.0,23,2.946934
1.0,1,2.946993
1.0,11,2.94738
1.0,26,2.948154
1.0,29,2.949011
1.0,1,2.949069
1.0,13,2.949503
1.0,26,2.950306
1.0,26,2.951099
1.0,1,2.951158
1.0,14,2.951594
1.0,28,2.952449
1.0,25,2.95329
1.0,1,2.95335
0.0,6,2.953555
1.0,23,2.954297
1.0,23,2.955088
1.0,1,2.955183
1.0,11,2.955548
0.0,23,2.956224
0.0,93,2.958986
1.0,1,2.959046
1.0,18,2.95959
1.0,28,2.960445
1.0,27,2.961264
1.0,1,2.961323
1.0,13,2.961729
0.0,14,2.962154
0.0,17,2.962675
1.0,1,2.962735
1.0,11,2.96309
1.0,23,2.963799
1.0,31,2.964728
1.0,1,2.964788
1.0,11,2.965181
1.0,25,2.965944
1.0,28,2.966798
1.0,2,2.966885
1.0,13,2.967299
1.0,27,2.968199
1.0,29,2.969052
1.0,1,2.96911
1.0,11,2.96946
1.0,27,2.970256
1.0,25,2.971029
1.0,3,2.971145
1.0,11,2.971502
1.0,26,2.972291
0.0,16,2.972784
1.0,1,2.972843
0.0,4,2.972988
0.0,21,2.973628
1.0,28,2.974481
1.0,1,2.974541
1.0,13,2.974954
0.0,21,2.975599
1.0,27,2.976414
1.0,1,2.976474
0.0,2,2.976559
1.0,23,2.977491
1.0,25,2.978259
1.0,1,2.978317
1.0,11,2.978669
1.0,23,2.9794
0.0,21,2.980036
1.0,3,2.980151
1.0,11,2.980501
1.0,23,2.981195
1.0,26,2.981973
1.0,1,2.982033
1.0,11,2.982381
1.0,23,2.983126
1.0,27,2.984051
1.0,1,2.984111
1.0,11,2.984463
1.0,25,2.985212
1.0,25,2.985959
1.0,1,2.986018
1.0,14,2.986453
1.0,30,2.987423
1.0,26,2.988222
1.0,1,2.988281
1.0,11,2.988639
1.0,28,2.989481
0.0,19,2.990058
1.0,1,2.990117
1.0,11,2.990466
1.0,24,2.991295
1.0,25,2.99213
1.0,1,2.992189
1.0,11,2.99254
1.0,25,2.993291
0.0,14,2.993754
1.0,1,2.993813
1.0,12,2.994187
1.0,25,2.994955
1.0,23,2.99567
1.0,1,2.995731
1.0,16,2.996229
1.0,25,2.996999
0.0,6,2.997201
1.0,1,2.997258
1.0,11,2.997611
1.0,25,2.998359
1.0,28,2.999213
1.0,1,2.999288
1.0,11,2.999637
1.0,23,3.000352
1.0,23,3.001063
1.0,3,3.00118
1.0,13,3.001587
1.0,23,3.002299
1.0,25,3.003051
1.0,1,3.00311
0.0,7,3.003384
1.0,23,3.004083
0.0,17,3.004599
1.0,1,3.00467
1.0,14,3.005109
1.0,27,3.005955
0.0,14,3.006397
1.0,1,3.006457
1.0,11,3.006814
1.0,23,3.007517
1.0,27,3.008335
1.0,1,3.00839
1.0,14,3.008819
1.0,25,3.009789
1.0,23,3.010474
1.0,1,3.010533
1.0,16,3.011013
1.0,31,3.011961
1.0,23,3.012668
1.0,1,3.012728
0.0,6,3.012933
1.0,24,3.013701
1.0,23,3.014511
1.0,1,3.01457
0.0,9,3.014877
1.0,27,3.015681
0.0,14,3.016117
1.0,1,3.016176
1.0,14,3.016604
1.0,23,3.017297
1.0,25,3.018066
1.0,1,3.018126
1.0,12,3.018507
0.0,4,3.018654
1.0,25,3.019419
1.0,1,3.019481
1.0,15,3.01994
0.0,14,3.020377
1.0,24,3.021119
1.0,12,3.021496
1.0,14,3.02195
1.0,26,3.022739
1.0,38,3.023865
1.0,3,3.023985
1.0,11,3.024339
1.0,23,3.025049
1.0,25,3.025811
1.0,1,3.025871
1.0,11,3.026226
1.0,27,3.027049
1.0,27,3.027909
1.0,1,3.028008
1.0,11,3.028408
1.0,30,3.029398
1.0,25,3.030149
1.0,1,3.030207
1.0,12,3.030632
1.0,23,3.03134
0.0,21,3.031991
1.0,3,3.032105
1.0,11,3.032453
1.0,27,3.033248
1.0,23,3.033958
1.0,1,3.034018
1.0,13,3.034428
1.0,25,3.035196
1.0,23,3.035906
1.0,1,3.035966
1.0,11,3.036324
0.0,25,3.037082
1.0,23,3.03779
1.0,1,3.03785
1.0,11,3.038211
1.0,24,3.038942
0.0,14,3.039385
1.0,3,3.039504
1.0,11,3.039857
1.0,25,3.040612
1.0,27,3.041631
1.0,1,3.041692
1.0,16,3.042175
1.0,25,3.042917
1.0,28,3.043832
1.0,1,3.043893
1.0,11,3.044239
1.0,27,3.045076
1.0,26,3.045907
1.0,1,3.045965
1.0,11,3.046349
0.0,25,3.047083
1.0,29,3.047978
1.0,1,3.048038
1.0,11,3.048422
0.0,8,3.048692
0.0,12,3.049104
1.0,1,3.049175
1.0,11,3.049601
1.0,23,3.050299
0.0,23,3.050983
1.0,1,3.051041
1.0,11,3.051428
0.0,9,3.051724
1.0,23,3.052428
1.0,1,3.052487
1.0,14,3.052934
1.0,23,3.053625
1.0,23,3.054323
1.0,1,3.054382
1.0,14,3.054831
1.0,24,3.055608
1.0,26,3.056401
1.0,1,3.056461
1.0,11,3.056828
1.0,29,3.057686
1.0,25,3.05843
1.0,1,3.058488
1.0,11,3.058855
1.0,29,3.059735
1.0,30,3.060639
1.0,3,3.060758
1.0,11,3.061115
1.0,33,3.062135
0.0,19,3.062715
1.0,1,3.062775
1.0,13,3.063192
1.0,23,3.063909
1.0,25,3.064651
1.0,1,3.064709
1.0,11,3.065056
1.0,27,3.065872
1.0,23,3.066576
1.0,1,3.066635
1.0,13,3.067051
0.0,16,3.067552
0.0,16,3.068043
1.0,1,3.068103
0.0,9,3.068393
1.0,25,3.069157
1.0,27,3.069977
1.0,2,3.070064
1.0,11,3.070414
1.0,27,3.071245
0.0,8,3.071511
1.0,1,3.07157
1.0,14,3.072009
1.0,25,3.073034
1.0,28,3.073861
1.0,1,3.073919
1.0,15,3.074378
1.0,23,3.075072
1.0,23,3.075805
1.0,1,3.075865
0.0,9,3.076187
1.0,25,3.076966
0.0,4,3.07711
1.0,1,3.077169
1.0,24,3.07787
1.0,24,3.078585
1.0,23,3.079339
1.0,1,3.079401
1.0,13,3.079822
1.0,28,3.08065
1.0,30,3.081607
1.0,1,3.08168
1.0,14,3.08211
1.0,27,3.08293
1.0,25,3.083745
1.0,1,3.083805
1.0,11,3.084154
1.0,25,3.084893
0.0,20,3.085523
1.0,3,3.085651
1.0,12,3.086204
1.0,27,3.087073
1.0,27,3.087879
1.0,1,3.08794
1.0,11,3.088306
1.0,26,3.089094
1.0,25,3.089845
1.0,1,3.089904
1.0,11,3.090255
1.0,24,3.090989
1.0,28,3.091835
1.0,1,3.091896
1.0,11,3.092252
1.0,25,3.093008
1.0,23,3.093731
1.0,1,3.093789
1.0,13,3.094194
1.0,23,3.094888
1.0,23,3.095583
1.0,1,3.095657
1.0,14,3.096096
1.0,24,3.096833
1.0,30,3.097733
1.0,1,3.097793
1.0,11,3.098151
0.0,6,3.098356
1.0,29,3.099237
1.0,1,3.099299
0.0,4,3.099446
1.0,27,3.100274
1.0,31,3.101185
1.0,1,3.101244
1.0,11,3.101593
0.0,15,3.102071
1.0,30,3.102976
1.0,1,3.103036
1.0,11,3.1034
0.0,15,3.10387
1.0,25,3.104898
1.0,1,3.104959
1.0,12,3.105335
1.0,26,3.106145
1.0,23,3.106837
1.0,1,3.106917
1.0,13,3.107337
0.0,19,3.107901
1.0,23,3.108597
1.0,1,3.108655
1.0,12,3.10903
0.0,19,3.1096
1.0,27,3.110459
1.0,1,3.110518
1.0,11,3.110881
0.0,4,3.111024
1.0,31,3.111948
1.0,3,3.112063
1.0,11,3.112421
1.0,28,3.113267
1.0,23,3.113973
1.0,1,3.114032
1.0,11,3.114391
1.0,24,3.115121
1.0,29,3.115977
1.0,1,3.116037
1.0,11,3.116388
1.0,23,3.117105
1.0,25,3.117864
1.0,1,3.117923
1.0,11,3.11828
1.0,25,3.119041
0.0,22,3.119782
1.0,1,3.119843
1.0,11,3.120198
1.0,27,3.121022
0.0,17,3.121536
1.0,1,3.121594
1.0,11,3.121964
1.0,23,3.122863
1.0,27,3.123838
1.0,1,3.123899
1.0,13,3.1243
1.0,23,3.124993
1.0,28,3.125859
1.0,1,3.125917
1.0,11,3.126268
1.0,23,3.126966
0.0,19,3.127542
1.0,1,3.127602
1.0,11,3.127972
1.0,30,3.128879
1.0,25,3.129645
1.0,1,3.129705
0.0,7,3.129941
1.0,23,3.130646
0.0,8,3.130919
1.0,1,3.130978
1.0,11,3.131332
1.0,27,3.132135
1.0,25,3.132881
1.0,1,3.13294
0.0,7,3.133173
1.0,26,3.133974
0.0,21,3.13462
1.0,1,3.13468
1.0,11,3.135035
1.0,28,3.135888
1.0,25,3.136933
