# {"t_start": 1641373063.0078769, "env_id": "Office-single-v0"} 
r,l,t
0.0,17,0.003788
0.0,60,0.01556
0.0,17,0.019098
0.0,20,0.023109
0.0,10,0.025043
0.0,9,0.026894
0.0,8,0.028443
0.0,22,0.03264
0.0,12,0.035005
0.0,15,0.037893
0.0,55,0.049291
0.0,125,0.073766
0.0,36,0.080873
0.0,22,0.085203
0.0,52,0.095458
0.0,28,0.100906
0.0,13,0.103452
0.0,81,0.119213
0.0,42,0.127334
0.0,178,0.162838
0.0,115,0.185298
0.0,130,0.211151
0.0,91,0.228743
0.0,101,0.248615
0.0,7,0.25002
0.0,63,0.262212
0.0,90,0.279439
0.0,67,0.292246
0.0,76,0.306928
0.0,82,0.322657
0.0,165,0.354512
0.0,79,0.369683
0.0,187,0.406591
0.0,206,0.446984
0.0,689,0.580239
0.0,203,0.620439
0.0,523,0.722565
0.0,206,0.762402
0.0,56,0.773259
0.0,477,0.867166
0.0,184,0.902765
0.0,112,0.924489
0.0,69,0.937788
0.0,126,0.96216
0.0,69,0.975532
0.0,32,0.982038
0.0,482,1.076617
0.0,12,1.078986
0.0,18,1.082497
0.0,18,1.086001
0.0,177,1.120369
0.0,45,1.129075
0.0,73,1.143304
0.0,45,1.152009
0.0,95,1.170339
0.0,14,1.173357
0.0,93,1.191975
0.0,280,1.247241
0.0,2,1.24766
0.0,6,1.24891
0.0,99,1.268315
0.0,124,1.292384
0.0,169,1.325254
0.0,287,1.381467
0.0,76,1.396715
0.0,462,1.486841
0.0,266,1.538353
0.0,123,1.562263
0.0,136,1.589113
0.0,76,1.604443
0.0,110,1.62583
0.0,119,1.6489
0.0,20,1.652774
0.0,34,1.659358
0.0,44,1.667927
0.0,144,1.695902
0.0,484,1.790335
0.0,82,1.806278
0.0,122,1.83031
0.0,152,1.860265
0.0,25,1.865128
0.0,94,1.883315
0.0,467,1.975142
0.0,63,1.987807
0.0,878,2.159278
0.0,8,2.160873
0.0,38,2.168647
0.0,71,2.182546
0.0,13,2.185307
0.0,114,2.207502
0.0,93,2.225519
0.0,120,2.248777
0.0,362,2.31889
0.0,21,2.322976
0.0,250,2.372183
0.0,229,2.417298
0.0,147,2.445814
0.0,84,2.462473
0.0,228,2.506675
0.0,116,2.529046
0.0,140,2.556819
0.0,332,2.621715
0.0,271,2.674265
0.0,14,2.677009
0.0,176,2.711158
1.0,239,2.758034
0.0,282,2.813607
0.0,260,2.864349
0.0,27,2.869572
0.0,135,2.895756
0.0,120,2.919029
0.0,39,2.926571
0.0,59,2.938131
0.0,363,3.009714
0.0,25,3.014548
0.0,84,3.030779
0.0,525,3.132991
0.0,624,3.254659
0.0,36,3.261662
0.0,62,3.273636
0.0,125,3.297847
0.0,392,3.375227
0.0,149,3.404149
0.0,79,3.419492
0.0,141,3.446827
0.0,747,3.59302
0.0,171,3.6263
0.0,212,3.667766
0.0,290,3.724593
0.0,365,3.796292
0.0,674,3.927533
0.0,24,3.932198
0.0,391,4.008785
0.0,191,4.045653
0.0,7,4.047038
0.0,141,4.074309
0.0,107,4.095009
0.0,34,4.101586
0.0,36,4.108753
0.0,51,4.11898
0.0,2,4.119392
0.0,441,4.205794
0.0,216,4.247713
0.0,267,4.300009
0.0,55,4.310793
0.0,29,4.316483
0.0,369,4.388854
0.0,18,4.392451
1.0,135,4.418519
0.0,114,4.44063
0.0,141,4.467933
0.0,29,4.473542
0.0,560,4.583352
1.0,139,4.610089
0.0,365,4.680986
0.0,33,4.687598
0.0,41,4.695766
0.0,50,4.705835
0.0,137,4.732616
0.0,150,4.762001
0.0,283,4.816871
1.0,170,4.849879
0.0,692,4.985489
0.0,52,4.995771
0.0,123,5.019412
0.0,212,5.060229
0.0,1000,5.254739
0.0,78,5.269746
0.0,527,5.372449
0.0,193,5.409826
0.0,48,5.419095
0.0,76,5.433762
0.0,118,5.45647
0.0,47,5.465559
0.0,65,5.478391
0.0,303,5.538548
1.0,82,5.554361
0.0,99,5.573566
1.0,126,5.59792
0.0,274,5.650759
0.0,388,5.727221
0.0,240,5.773916
0.0,36,5.780937
0.0,617,5.902628
0.0,207,5.943501
0.0,27,5.948773
1.0,62,5.960911
0.0,245,6.008813
0.0,28,6.014348
0.0,135,6.040822
0.0,2,6.041245
0.0,170,6.075511
0.0,128,6.101231
0.0,78,6.116593
0.0,230,6.162079
0.0,610,6.281742
0.0,32,6.28833
0.0,92,6.306535
0.0,162,6.338233
0.0,49,6.34781
1.0,68,6.361123
0.0,6,6.362323
1.0,41,6.370377
0.0,16,6.373531
0.0,15,6.376493
1.0,49,6.386083
0.0,8,6.387662
0.0,306,6.447588
0.0,24,6.452461
1.0,50,6.46241
0.0,18,6.46607
1.0,62,6.47827
0.0,14,6.481055
0.0,29,6.487008
0.0,15,6.4902
0.0,49,6.49978
0.0,34,6.506464
0.0,58,6.517896
0.0,34,6.524514
0.0,35,6.531327
1.0,66,6.544188
0.0,18,6.547759
0.0,6,6.548948
0.0,354,6.617939
1.0,50,6.627724
0.0,369,6.700854
0.0,45,6.709769
1.0,44,6.718368
0.0,54,6.729097
1.0,53,6.739419
1.0,40,6.747214
0.0,405,6.826094
1.0,44,6.834726
0.0,29,6.840369
1.0,50,6.850336
1.0,52,6.860818
1.0,44,6.869431
1.0,43,6.878167
1.0,39,6.885946
1.0,40,6.893808
0.0,20,6.897717
1.0,48,6.907151
1.0,39,6.914791
1.0,40,6.922618
0.0,32,6.928862
1.0,48,6.9382
0.0,35,6.945008
0.0,35,6.951823
1.0,42,6.960044
0.0,11,6.962211
1.0,42,6.970454
1.0,42,6.97863
0.0,22,6.982925
0.0,18,6.986436
0.0,54,6.996924
1.0,43,7.005379
1.0,44,7.013988
1.0,42,7.022198
1.0,44,7.030839
1.0,41,7.038831
1.0,41,7.047068
1.0,40,7.055249
1.0,46,7.064305
1.0,45,7.073357
1.0,38,7.08095
1.0,42,7.0892
1.0,38,7.096622
1.0,42,7.104756
0.0,6,7.10595
1.0,45,7.114774
0.0,25,7.119658
0.0,31,7.125686
0.0,17,7.128997
1.0,41,7.136992
0.0,129,7.161978
0.0,379,7.235777
1.0,40,7.243898
1.0,40,7.251843
1.0,41,7.259972
1.0,41,7.268191
1.0,42,7.276667
1.0,43,7.285106
0.0,16,7.288213
1.0,44,7.296801
1.0,43,7.305332
1.0,44,7.314203
1.0,41,7.322209
0.0,32,7.328407
1.0,38,7.335937
0.0,30,7.341834
0.0,21,7.345982
1.0,44,7.354589
0.0,9,7.356353
1.0,46,7.365301
1.0,44,7.373825
1.0,38,7.381279
1.0,39,7.38889
1.0,47,7.398095
1.0,46,7.406997
0.0,14,7.409724
1.0,43,7.418128
1.0,39,7.425717
1.0,42,7.434114
0.0,19,7.437852
1.0,40,7.445756
1.0,44,7.454767
0.0,14,7.457543
1.0,40,7.465423
1.0,41,7.473711
1.0,56,7.484663
0.0,29,7.490337
1.0,41,7.498358
0.0,27,7.503618
1.0,40,7.511437
0.0,37,7.518758
0.0,36,7.525761
1.0,38,7.533218
1.0,40,7.541029
0.0,9,7.542844
1.0,39,7.550461
1.0,43,7.558853
0.0,25,7.5637
1.0,40,7.571573
1.0,46,7.580564
1.0,43,7.588959
1.0,40,7.596711
0.0,13,7.599261
0.0,294,7.65693
1.0,38,7.664469
1.0,43,7.672991
1.0,48,7.682805
1.0,43,7.691252
0.0,6,7.692436
0.0,34,7.699055
0.0,8,7.700627
1.0,43,7.709035
1.0,40,7.716813
1.0,38,7.724226
0.0,4,7.725022
0.0,24,7.729699
0.0,13,7.732293
1.0,41,7.740237
1.0,41,7.748217
0.0,8,7.749783
1.0,45,7.758506
1.0,40,7.766283
1.0,42,7.774412
1.0,42,7.782585
1.0,44,7.791204
1.0,47,7.80041
1.0,41,7.808341
1.0,40,7.816152
1.0,45,7.824868
1.0,38,7.832663
1.0,42,7.841274
0.0,15,7.844233
0.0,28,7.849688
0.0,27,7.855033
1.0,43,7.863794
1.0,42,7.872045
1.0,41,7.880041
1.0,44,7.888642
0.0,9,7.890401
1.0,38,7.897871
1.0,40,7.905806
1.0,40,7.913831
0.0,9,7.915637
1.0,45,7.924427
0.0,37,7.931672
1.0,39,7.939235
0.0,30,7.945169
0.0,892,8.12047
1.0,38,8.127835
0.0,30,8.133745
0.0,11,8.135898
1.0,42,8.14406
1.0,49,8.153564
1.0,43,8.161916
1.0,50,8.171619
1.0,41,8.179623
0.0,8,8.181194
1.0,41,8.189112
1.0,44,8.197665
0.0,28,8.203128
0.0,33,8.209588
1.0,41,8.217551
1.0,40,8.225598
1.0,50,8.235732
1.0,38,8.243151
1.0,39,8.250989
0.0,27,8.256495
1.0,42,8.264718
0.0,19,8.268428
1.0,41,8.276425
0.0,19,8.280126
1.0,46,8.28915
1.0,40,8.296939
1.0,47,8.306009
1.0,47,8.315141
1.0,44,8.323798
0.0,30,8.330179
0.0,35,8.336995
1.0,39,8.34462
0.0,6,8.345811
0.0,9,8.347572
1.0,43,8.355926
1.0,43,8.364322
1.0,44,8.372823
1.0,41,8.380794
1.0,48,8.39012
1.0,38,8.397615
1.0,43,8.406089
0.0,29,8.411741
1.0,43,8.420306
1.0,40,8.428464
1.0,43,8.43697
1.0,42,8.445288
1.0,39,8.45324
0.0,9,8.455046
1.0,43,8.463459
0.0,11,8.465606
1.0,41,8.47376
1.0,47,8.482941
0.0,4,8.483738
1.0,44,8.492348
0.0,9,8.494121
1.0,43,8.502603
1.0,39,8.510648
1.0,44,8.519336
0.0,18,8.522849
1.0,40,8.530651
1.0,38,8.538064
1.0,39,8.545752
1.0,44,8.554387
1.0,41,8.562362
1.0,48,8.571716
0.0,38,8.579125
1.0,44,8.587742
1.0,40,8.595558
1.0,48,8.604897
0.0,6,8.60609
1.0,48,8.615619
0.0,32,8.62185
1.0,46,8.631253
0.0,42,8.639495
1.0,47,8.648889
0.0,23,8.653508
0.0,23,8.658023
1.0,38,8.665504
1.0,44,8.674089
1.0,39,8.681643
1.0,42,8.689817
0.0,11,8.692018
1.0,38,8.699493
0.0,19,8.703214
1.0,39,8.710801
0.0,8,8.712373
1.0,39,8.719948
0.0,27,8.725211
0.0,29,8.730866
0.0,13,8.733393
1.0,42,8.741662
1.0,43,8.750013
1.0,42,8.758133
1.0,40,8.76596
1.0,47,8.775099
1.0,44,8.783632
1.0,47,8.792746
1.0,42,8.800963
1.0,41,8.809101
0.0,32,8.815459
1.0,40,8.823628
0.0,27,8.828917
1.0,39,8.836601
1.0,42,8.84517
0.0,23,8.849719
1.0,45,8.858611
1.0,44,8.867215
0.0,31,8.873239
1.0,42,8.881404
1.0,40,8.889301
0.0,140,8.916474
1.0,42,8.924652
0.0,35,8.931552
1.0,38,8.938958
1.0,42,8.947061
1.0,42,8.955217
0.0,38,8.962631
1.0,42,8.971029
0.0,8,8.972604
1.0,38,8.979958
1.0,39,8.987547
1.0,42,8.995716
0.0,36,9.002815
0.0,11,9.004971
1.0,39,9.012886
1.0,41,9.021273
1.0,49,9.030756
1.0,38,9.038543
1.0,44,9.047391
1.0,43,9.055701
1.0,46,9.064629
0.0,13,9.067168
1.0,51,9.077169
1.0,46,9.086109
1.0,38,9.09346
0.0,31,9.099491
0.0,17,9.102973
1.0,40,9.111125
0.0,13,9.113647
1.0,48,9.123141
1.0,40,9.130971
1.0,45,9.139802
1.0,44,9.148344
0.0,21,9.152543
1.0,41,9.160562
1.0,42,9.16869
1.0,45,9.177458
1.0,52,9.187549
1.0,41,9.195555
1.0,42,9.203982
0.0,29,9.209638
1.0,43,9.218193
0.0,11,9.220384
0.0,19,9.224095
0.0,30,9.230038
1.0,40,9.238448
1.0,46,9.247648
0.0,32,9.25397
1.0,44,9.262631
1.0,40,9.270481
0.0,15,9.273409
1.0,43,9.281804
1.0,40,9.289572
1.0,39,9.29716
1.0,41,9.305239
1.0,42,9.313429
0.0,21,9.317535
0.0,4,9.318332
0.0,9,9.320105
1.0,42,9.328291
0.0,10,9.330462
1.0,46,9.339378
1.0,44,9.348057
1.0,40,9.355855
1.0,41,9.363855
0.0,18,9.367369
1.0,46,9.376302
1.0,48,9.385697
0.0,34,9.392323
1.0,42,9.400973
0.0,30,9.406818
1.0,42,9.415454
1.0,39,9.423177
0.0,35,9.430124
1.0,44,9.439013
1.0,40,9.446793
0.0,19,9.450487
1.0,46,9.459519
1.0,39,9.467112
1.0,42,9.475292
0.0,4,9.476089
0.0,26,9.481125
1.0,43,9.489463
0.0,9,9.491219
0.0,20,9.495385
1.0,41,9.503356
1.0,38,9.510702
1.0,42,9.518868
1.0,40,9.52666
1.0,42,9.534872
1.0,44,9.543426
0.0,4,9.544227
1.0,41,9.55221
0.0,4,9.553007
1.0,43,9.561359
0.0,8,9.562921
1.0,40,9.570852
1.0,46,9.579731
1.0,38,9.587135
1.0,43,9.595496
1.0,38,9.603088
0.0,8,9.604664
1.0,45,9.613754
1.0,40,9.621538
1.0,44,9.630425
1.0,43,9.638896
1.0,43,9.647379
0.0,9,9.64914
0.0,14,9.651878
0.0,29,9.657524
1.0,40,9.66528
0.0,32,9.671712
0.0,29,9.677504
1.0,38,9.684978
0.0,38,9.692643
0.0,37,9.699848
0.0,13,9.702495
1.0,45,9.711192
1.0,45,9.720404
0.0,4,9.721201
1.0,42,9.729329
0.0,4,9.73013
1.0,40,9.737911
0.0,8,9.739483
1.0,40,9.747308
1.0,40,9.755047
1.0,38,9.762576
1.0,46,9.771534
1.0,39,9.779148
1.0,40,9.786944
0.0,4,9.787738
1.0,45,9.796852
1.0,45,9.805933
0.0,11,9.808188
1.0,41,9.816262
1.0,38,9.823776
1.0,48,9.83366
0.0,17,9.836985
1.0,46,9.846025
1.0,45,9.854797
1.0,40,9.862616
0.0,4,9.863412
0.0,30,9.869276
1.0,40,9.877175
0.0,39,9.884722
1.0,48,9.894109
1.0,43,9.902478
1.0,41,9.910603
1.0,49,9.920144
1.0,44,9.928687
0.0,30,9.934539
0.0,21,9.938642
1.0,52,9.948872
1.0,42,9.957016
1.0,40,9.964818
1.0,39,9.972455
0.0,32,9.978691
1.0,40,9.986585
0.0,13,9.989125
1.0,40,9.997189
0.0,40,10.005426
0.0,39,10.013006
1.0,42,10.021286
0.0,6,10.022688
1.0,41,10.03082
1.0,44,10.039406
0.0,31,10.045465
1.0,39,10.053107
1.0,42,10.06154
1.0,40,10.069402
1.0,45,10.07813
0.0,19,10.081839
1.0,41,10.089803
1.0,46,10.09891
0.0,31,10.104928
1.0,40,10.112763
0.0,28,10.118188
1.0,46,10.12713
1.0,42,10.135261
1.0,38,10.142788
1.0,40,10.150585
1.0,47,10.159752
1.0,38,10.167262
1.0,42,10.175471
1.0,43,10.183843
0.0,19,10.18785
1.0,38,10.195307
1.0,41,10.203695
1.0,44,10.212317
1.0,40,10.220588
1.0,40,10.228374
1.0,38,10.23579
0.0,31,10.241846
0.0,23,10.246344
0.0,4,10.247143
1.0,40,10.255097
1.0,44,10.263637
1.0,44,10.272229
1.0,42,10.280431
1.0,40,10.288325
1.0,41,10.296327
1.0,41,10.304421
0.0,17,10.307966
1.0,42,10.316152
1.0,40,10.323983
1.0,38,10.331537
0.0,6,10.332722
1.0,48,10.342088
0.0,25,10.346987
1.0,39,10.354571
1.0,43,10.363053
1.0,42,10.371251
1.0,46,10.380213
0.0,11,10.382365
1.0,44,10.391231
0.0,10,10.393263
1.0,41,10.4015
0.0,37,10.408726
1.0,48,10.418511
0.0,13,10.421195
1.0,44,10.430561
1.0,46,10.439613
1.0,40,10.447454
1.0,40,10.455264
1.0,45,10.463997
1.0,43,10.472397
1.0,38,10.479924
0.0,37,10.48722
1.0,44,10.495741
1.0,43,10.504133
0.0,19,10.507831
1.0,43,10.516315
1.0,44,10.524847
0.0,21,10.528955
1.0,43,10.537359
1.0,44,10.545879
1.0,39,10.553668
1.0,45,10.562652
1.0,43,10.571031
0.0,33,10.577427
1.0,41,10.585643
1.0,48,10.595566
1.0,40,10.603383
1.0,39,10.611074
1.0,44,10.619965
1.0,42,10.62833
0.0,13,10.631063
1.0,40,10.63905
1.0,45,10.647821
0.0,6,10.649009
0.0,13,10.651561
0.0,32,10.657808
1.0,43,10.666362
1.0,40,10.67427
1.0,38,10.681704
1.0,43,10.690103
1.0,45,10.698925
1.0,41,10.707062
0.0,11,10.709229
1.0,38,10.716619
0.0,34,10.723321
1.0,40,10.731076
0.0,34,10.737697
1.0,40,10.74555
1.0,40,10.753352
1.0,40,10.761105
0.0,21,10.765213
1.0,44,10.773826
1.0,44,10.782765
0.0,40,10.790821
1.0,42,10.799095
1.0,40,10.807081
0.0,11,10.809229
1.0,43,10.818013
0.0,11,10.820149
1.0,40,10.827955
1.0,40,10.835831
1.0,38,10.843271
1.0,40,10.851143
1.0,40,10.859061
1.0,43,10.867417
1.0,42,10.875603
1.0,39,10.883224
0.0,34,10.889871
0.0,20,10.893917
1.0,44,10.902541
1.0,42,10.910852
1.0,47,10.920337
1.0,40,10.92813
1.0,38,10.935658
0.0,9,10.937423
1.0,53,10.947759
1.0,40,10.955526
1.0,47,10.964683
1.0,49,10.974442
0.0,9,10.976458
0.0,20,10.980369
1.0,41,10.988476
1.0,40,10.996392
1.0,43,11.00498
1.0,43,11.013696
1.0,43,11.022457
1.0,45,11.031219
1.0,38,11.038684
0.0,13,11.04124
0.0,23,11.045898
0.0,11,11.048053
0.0,4,11.048847
1.0,40,11.056653
1.0,42,11.064815
0.0,6,11.066003
0.0,34,11.072639
0.0,18,11.076144
1.0,46,11.085216
0.0,39,11.092767
1.0,42,11.100983
1.0,45,11.109802
1.0,44,11.118404
1.0,39,11.126159
1.0,46,11.135138
1.0,39,11.142765
1.0,43,11.151165
0.0,32,11.157488
1.0,51,11.167446
1.0,44,11.176322
0.0,43,11.185017
1.0,44,11.193725
1.0,45,11.202736
1.0,48,11.212449
0.0,38,11.219876
1.0,48,11.229178
1.0,50,11.239097
1.0,44,11.24768
1.0,53,11.257947
0.0,21,11.262052
0.0,34,11.268752
1.0,39,11.276421
1.0,42,11.284606
1.0,45,11.293378
1.0,47,11.302537
1.0,47,11.31175
0.0,34,11.318335
0.0,23,11.322817
1.0,38,11.330345
0.0,8,11.331919
1.0,43,11.340292
1.0,44,11.348969
1.0,46,11.357941
0.0,15,11.360869
0.0,27,11.366156
1.0,38,11.373906
1.0,43,11.382674
0.0,29,11.388448
1.0,47,11.397784
0.0,39,11.405648
0.0,35,11.412564
0.0,32,11.418847
1.0,42,11.427126
1.0,42,11.435358
1.0,38,11.442798
1.0,38,11.450238
1.0,39,11.457817
0.0,8,11.459394
0.0,23,11.464018
0.0,17,11.467337
1.0,44,11.475934
1.0,44,11.484541
1.0,51,11.49444
0.0,16,11.497633
1.0,42,11.505977
0.0,6,11.507165
1.0,40,11.515239
1.0,44,11.523801
1.0,42,11.532025
1.0,46,11.541143
1.0,38,11.548551
1.0,45,11.557344
1.0,42,11.565576
0.0,21,11.569966
1.0,44,11.578833
1.0,49,11.588698
1.0,51,11.598807
1.0,40,11.606939
0.0,10,11.608906
0.0,37,11.616324
1.0,43,11.624738
1.0,44,11.633354
1.0,43,11.641821
1.0,39,11.649567
1.0,41,11.657622
1.0,43,11.666074
0.0,32,11.672577
1.0,43,11.681113
0.0,6,11.682355
1.0,44,11.691084
1.0,42,11.699307
1.0,42,11.707525
0.0,6,11.708717
1.0,42,11.716933
1.0,44,11.725664
1.0,40,11.733528
1.0,47,11.742733
0.0,35,11.749587
0.0,36,11.756617
1.0,38,11.76417
0.0,40,11.772243
0.0,15,11.775194
1.0,43,11.784052
0.0,35,11.790866
1.0,42,11.799477
0.0,33,11.806039
1.0,38,11.813489
0.0,31,11.819556
1.0,41,11.827591
1.0,40,11.835503
1.0,43,11.844028
1.0,46,11.852952
1.0,44,11.861542
1.0,42,11.869765
1.0,43,11.878316
1.0,40,11.886135
1.0,38,11.893564
1.0,49,11.903173
0.0,9,11.904944
1.0,48,11.914439
0.0,23,11.918948
1.0,48,11.928333
1.0,46,11.937384
1.0,38,11.944824
0.0,4,11.945621
0.0,35,11.952558
0.0,13,11.955116
0.0,10,11.957078
0.0,25,11.961952
1.0,39,11.969913
1.0,42,11.978563
0.0,31,11.984607
1.0,40,11.992594
0.0,36,11.999951
0.0,17,12.00329
1.0,46,12.012283
1.0,44,12.020912
1.0,39,12.028679
1.0,42,12.036893
1.0,38,12.04433
0.0,10,12.046295
1.0,47,12.055457
1.0,47,12.064637
1.0,43,12.073107
1.0,38,12.080546
1.0,43,12.08898
1.0,40,12.096794
0.0,31,12.102935
0.0,13,12.105557
1.0,45,12.11429
1.0,41,12.122613
0.0,31,12.128669
0.0,31,12.134737
0.0,11,12.136873
1.0,43,12.145375
1.0,40,12.153152
1.0,44,12.161999
1.0,44,12.17064
1.0,42,12.179573
1.0,47,12.188824
1.0,40,12.197008
1.0,44,12.205611
1.0,40,12.213496
1.0,46,12.222618
1.0,40,12.23042
0.0,11,12.232592
0.0,19,12.236312
1.0,42,12.244547
1.0,52,12.254803
1.0,41,12.262775
1.0,43,12.271194
0.0,25,12.276061
1.0,43,12.284469
0.0,38,12.291971
1.0,42,12.300169
1.0,42,12.308381
1.0,46,12.317363
1.0,38,12.32476
1.0,40,12.332761
0.0,13,12.33529
1.0,42,12.343506
0.0,16,12.346628
0.0,30,12.352437
0.0,25,12.35739
1.0,43,12.365975
1.0,47,12.375651
1.0,47,12.384875
0.0,19,12.38864
1.0,42,12.397156
1.0,39,12.404853
1.0,44,12.413524
1.0,43,12.421922
1.0,42,12.43012
1.0,44,12.438708
0.0,36,12.445839
0.0,8,12.447456
1.0,40,12.455221
0.0,16,12.458341
1.0,41,12.466297
1.0,39,12.473924
1.0,39,12.481665
1.0,45,12.490565
1.0,45,12.499541
1.0,43,12.507945
1.0,41,12.515945
1.0,51,12.526057
1.0,48,12.535423
0.0,17,12.538762
1.0,42,12.546979
1.0,45,12.555968
1.0,40,12.563985
1.0,39,12.571986
1.0,40,12.579839
1.0,39,12.587741
1.0,39,12.595732
1.0,46,12.604732
1.0,40,12.612532
1.0,45,12.621329
1.0,45,12.630129
1.0,48,12.6396
1.0,41,12.647626
1.0,40,12.655452
0.0,13,12.658011
1.0,43,12.666366
1.0,45,12.675282
1.0,41,12.683312
0.0,9,12.685094
1.0,39,12.692762
0.0,8,12.694354
0.0,29,12.700006
0.0,30,12.705865
1.0,42,12.714445
0.0,23,12.719068
0.0,15,12.722054
0.0,15,12.725004
0.0,39,12.732611
1.0,47,12.741788
1.0,38,12.749299
0.0,31,12.755631
1.0,49,12.765316
1.0,43,12.774031
0.0,9,12.775798
0.0,29,12.781684
1.0,46,12.791072
0.0,40,12.798936
0.0,4,12.799731
0.0,31,12.805819
0.0,7,12.807192
0.0,9,12.808962
1.0,41,12.816979
1.0,42,12.8253
1.0,41,12.833396
0.0,11,12.835556
1.0,40,12.843373
0.0,19,12.847075
1.0,39,12.854708
1.0,39,12.862413
1.0,41,12.87046
1.0,49,12.880037
1.0,44,12.888644
1.0,40,12.896519
1.0,48,12.906005
0.0,6,12.907196
1.0,43,12.915687
1.0,40,12.923467
0.0,23,12.927972
0.0,34,12.934634
1.0,46,12.943733
1.0,46,12.952884
1.0,46,12.962154
1.0,42,12.970503
1.0,44,12.979273
1.0,40,12.987458
1.0,39,12.995096
1.0,43,13.0035
1.0,51,13.013461
1.0,43,13.021915
1.0,43,13.030267
0.0,23,13.034778
1.0,48,13.044202
1.0,42,13.052531
1.0,40,13.060367
0.0,11,13.062536
0.0,8,13.064114
1.0,44,13.072651
1.0,40,13.080476
0.0,8,13.08205
1.0,44,13.090727
0.0,36,13.097772
1.0,38,13.105221
0.0,62,13.117254
0.0,11,13.119431
0.0,29,13.125224
1.0,43,13.133636
1.0,41,13.141659
0.0,8,13.143241
1.0,38,13.150848
1.0,43,13.159512
1.0,44,13.16831
0.0,30,13.17426
0.0,12,13.176687
1.0,47,13.186161
0.0,17,13.189492
1.0,42,13.197629
0.0,21,13.201875
1.0,50,13.211647
1.0,39,13.219296
0.0,11,13.221453
1.0,41,13.229427
1.0,43,13.237944
0.0,19,13.241643
1.0,43,13.25006
1.0,38,13.257449
1.0,44,13.26606
1.0,42,13.274291
0.0,38,13.28182
1.0,41,13.28978
1.0,43,13.29818
1.0,42,13.306339
1.0,45,13.315376
1.0,42,13.32392
1.0,44,13.332671
0.0,6,13.333861
1.0,40,13.341698
1.0,39,13.349642
1.0,38,13.357368
1.0,44,13.366047
0.0,25,13.370921
1.0,44,13.379948
1.0,42,13.388368
0.0,42,13.396761
0.0,39,13.404385
0.0,10,13.406358
0.0,20,13.410286
1.0,47,13.419474
1.0,50,13.429291
1.0,47,13.438471
1.0,40,13.446311
1.0,39,13.453961
1.0,42,13.462262
1.0,40,13.470288
1.0,40,13.478126
1.0,40,13.485989
0.0,16,13.489105
1.0,49,13.498746
1.0,38,13.506226
1.0,50,13.515992
1.0,41,13.524013
1.0,42,13.532184
1.0,40,13.540011
0.0,4,13.540928
1.0,42,13.549436
1.0,49,13.559465
0.0,9,13.561246
1.0,38,13.568725
0.0,27,13.574135
0.0,6,13.575392
1.0,43,13.583859
0.0,30,13.589717
0.0,4,13.590523
1.0,47,13.599995
1.0,38,13.607422
1.0,47,13.616727
1.0,39,13.624332
1.0,41,13.632332
1.0,42,13.640548
1.0,40,13.648376
0.0,27,13.653728
0.0,32,13.659982
0.0,12,13.662337
0.0,37,13.669552
0.0,6,13.670748
1.0,42,13.678953
1.0,42,13.687158
1.0,44,13.695758
1.0,41,13.703753
1.0,43,13.712098
0.0,46,13.721035
1.0,52,13.731155
1.0,49,13.741028
1.0,39,13.748709
1.0,40,13.756849
1.0,48,13.766212
1.0,45,13.775447
1.0,42,13.783638
1.0,50,13.793372
1.0,45,13.802152
1.0,39,13.809868
1.0,46,13.818897
1.0,40,13.826716
1.0,40,13.834558
0.0,36,13.841593
0.0,32,13.847881
1.0,40,13.855711
0.0,6,13.856892
1.0,41,13.864902
0.0,25,13.869801
1.0,44,13.87841
1.0,46,13.887503
0.0,38,13.894999
0.0,6,13.896195
0.0,11,13.898364
0.0,19,13.902071
1.0,38,13.909781
1.0,42,13.918258
1.0,47,13.92763
1.0,44,13.936277
0.0,23,13.941137
0.0,17,13.944479
1.0,42,13.952824
1.0,54,13.96358
0.0,27,13.969252
0.0,6,13.970534
1.0,46,13.979836
1.0,40,13.987613
1.0,52,13.998012
1.0,40,14.005817
0.0,30,14.011686
0.0,21,14.015795
1.0,43,14.024202
1.0,40,14.032024
1.0,41,14.040065
1.0,45,14.048871
1.0,45,14.057665
0.0,34,14.064312
1.0,40,14.072294
0.0,13,14.07483
0.0,34,14.081443
1.0,40,14.089198
0.0,6,14.090391
1.0,41,14.098401
1.0,40,14.106226
1.0,40,14.114168
0.0,24,14.118832
0.0,34,14.12547
0.0,28,14.130918
1.0,39,14.138779
1.0,38,14.146486
1.0,40,14.154439
1.0,48,14.163935
1.0,40,14.172127
1.0,38,14.179507
1.0,42,14.187819
0.0,15,14.190805
1.0,38,14.198328
1.0,42,14.206543
1.0,44,14.215136
1.0,45,14.223966
0.0,4,14.224761
1.0,38,14.232183
1.0,38,14.239627
1.0,44,14.248205
0.0,13,14.250755
1.0,40,14.258589
0.0,4,14.259497
1.0,46,14.268478
0.0,36,14.275472
1.0,42,14.283674
1.0,44,14.292263
1.0,49,14.301875
1.0,47,14.311052
1.0,46,14.320019
1.0,44,14.328615
0.0,13,14.331245
0.0,25,14.336431
0.0,34,14.343317
1.0,41,14.351418
0.0,33,14.357891
1.0,44,14.366997
1.0,42,14.375283
1.0,44,14.383871
1.0,41,14.391915
1.0,40,14.39977
0.0,13,14.402322
1.0,45,14.411115
1.0,46,14.420201
0.0,6,14.421388
1.0,49,14.430931
1.0,46,14.439864
0.0,28,14.445324
1.0,44,14.453914
0.0,19,14.457639
1.0,40,14.465404
1.0,42,14.473611
1.0,45,14.482404
0.0,8,14.483982
1.0,43,14.4924
1.0,42,14.500602
1.0,45,14.509505
1.0,48,14.519032
1.0,43,14.527699
0.0,28,14.533404
1.0,51,14.543746
1.0,44,14.552389
1.0,44,14.561169
1.0,40,14.569177
1.0,45,14.577964
0.0,9,14.57974
0.0,9,14.581519
1.0,43,14.589935
1.0,44,14.598477
1.0,45,14.607294
1.0,49,14.616869
0.0,12,14.619215
1.0,38,14.626651
1.0,49,14.636241
1.0,48,14.645652
1.0,42,14.653859
1.0,44,14.662455
0.0,6,14.663649
0.0,19,14.667376
1.0,42,14.676044
0.0,11,14.678215
0.0,33,14.68468
1.0,44,14.693556
0.0,19,14.697271
1.0,42,14.705489
1.0,39,14.713168
1.0,44,14.721765
1.0,41,14.729966
0.0,40,14.738023
0.0,17,14.741423
1.0,46,14.750477
1.0,41,14.758691
1.0,45,14.767566
1.0,40,14.775396
1.0,42,14.783604
0.0,4,14.784406
1.0,44,14.792969
1.0,44,14.801622
1.0,47,14.810783
1.0,42,14.818933
1.0,46,14.827948
1.0,38,14.83542
0.0,12,14.837767
1.0,38,14.84523
1.0,44,14.853815
0.0,39,14.861384
1.0,47,14.870777
0.0,19,14.8745
1.0,46,14.883531
1.0,42,14.891681
1.0,42,14.899919
1.0,40,14.907779
1.0,43,14.916102
0.0,10,14.918061
0.0,33,14.924661
1.0,44,14.933357
0.0,18,14.937092
0.0,17,14.940443
1.0,40,14.948224
1.0,42,14.956765
0.0,33,14.963325
1.0,45,14.97222
0.0,25,14.977194
1.0,39,14.984776
0.0,36,14.991809
1.0,41,14.999822
1.0,43,15.008206
0.0,10,15.010172
1.0,38,15.01758
0.0,20,15.021493
1.0,40,15.029319
1.0,40,15.037147
1.0,45,15.045884
1.0,40,15.053732
1.0,46,15.062643
1.0,41,15.070665
1.0,49,15.080232
1.0,39,15.087865
1.0,42,15.096205
1.0,43,15.10464
1.0,39,15.1125
1.0,47,15.122145
1.0,38,15.1297
0.0,29,15.135731
1.0,41,15.143744
1.0,47,15.153065
0.0,30,15.159154
1.0,39,15.166916
0.0,17,15.170271
1.0,47,15.179451
1.0,48,15.18878
1.0,45,15.197569
1.0,44,15.206215
0.0,42,15.21444
1.0,40,15.222285
0.0,12,15.224639
0.0,33,15.231107
1.0,42,15.239381
1.0,42,15.247663
0.0,11,15.249834
1.0,47,15.259013
1.0,40,15.266796
0.0,13,15.269349
1.0,41,15.277307
1.0,42,15.285543
1.0,40,15.293387
1.0,46,15.302325
1.0,42,15.310569
1.0,51,15.320798
0.0,9,15.322576
1.0,43,15.33142
0.0,15,15.33438
1.0,46,15.343401
1.0,42,15.351897
0.0,11,15.354066
0.0,11,15.356263
1.0,46,15.365292
1.0,40,15.373168
1.0,41,15.381141
0.0,19,15.384874
0.0,6,15.386066
1.0,42,15.394311
1.0,45,15.403167
1.0,40,15.411006
0.0,33,15.417426
1.0,45,15.426201
1.0,45,15.435028
1.0,45,15.443821
1.0,46,15.452818
1.0,46,15.461746
1.0,48,15.471217
1.0,39,15.478864
1.0,42,15.487095
1.0,45,15.495922
1.0,41,15.504098
0.0,16,15.507266
0.0,27,15.512554
1.0,44,15.521494
1.0,40,15.529684
0.0,6,15.530881
1.0,41,15.538896
0.0,35,15.546116
1.0,41,15.554226
0.0,40,15.562047
1.0,43,15.570412
0.0,6,15.571589
1.0,44,15.580194
1.0,42,15.588433
1.0,42,15.596634
1.0,43,15.605044
1.0,42,15.613234
1.0,43,15.621668
1.0,46,15.630583
0.0,10,15.632544
1.0,40,15.640301
1.0,44,15.648892
1.0,42,15.657098
1.0,42,15.665346
1.0,42,15.673646
0.0,33,15.680237
0.0,22,15.684587
1.0,40,15.692409
1.0,38,15.699827
1.0,43,15.708234
0.0,38,15.716221
1.0,45,15.72515
0.0,4,15.72596
1.0,41,15.734257
0.0,12,15.736608
0.0,13,15.739274
1.0,44,15.747891
1.0,41,15.756164
1.0,42,15.764419
0.0,29,15.770156
1.0,45,15.778932
1.0,38,15.786379
0.0,6,15.787557
0.0,11,15.789729
1.0,41,15.797693
0.0,25,15.802598
0.0,4,15.803397
1.0,44,15.812015
1.0,43,15.820427
1.0,38,15.827924
1.0,44,15.836605
1.0,42,15.844758
1.0,43,15.853188
1.0,41,15.861145
1.0,38,15.868587
1.0,43,15.877004
0.0,20,15.88092
1.0,48,15.890358
1.0,41,15.898453
0.0,10,15.900407
1.0,41,15.908721
1.0,44,15.917446
0.0,35,15.924694
0.0,35,15.93159
1.0,42,15.940166
0.0,38,15.947782
1.0,48,15.957128
0.0,34,15.963821
0.0,40,15.971692
0.0,13,15.974244
1.0,46,15.983185
1.0,41,15.991201
0.0,24,15.995903
1.0,38,16.00337
0.0,19,16.007061
0.0,18,16.010587
0.0,4,16.01139
1.0,41,16.019358
0.0,6,16.020543
0.0,23,16.025046
1.0,51,16.034987
0.0,6,16.03621
0.0,11,16.038365
1.0,41,16.046339
1.0,42,16.054558
1.0,46,16.063547
0.0,9,16.065306
1.0,43,16.073744
0.0,13,16.076282
1.0,40,16.084148
0.0,35,16.091013
0.0,11,16.093174
0.0,30,16.099052
0.0,37,16.106568
0.0,14,16.109329
1.0,40,16.117493
1.0,44,16.126148
1.0,46,16.135226
1.0,41,16.143325
1.0,45,16.152143
1.0,47,16.161694
1.0,43,16.170065
1.0,44,16.178697
1.0,42,16.187054
1.0,41,16.19508
1.0,44,16.203621
0.0,8,16.205203
1.0,42,16.213478
1.0,40,16.221318
0.0,32,16.227624
1.0,42,16.235854
0.0,10,16.237826
1.0,49,16.247401
0.0,10,16.249349
1.0,40,16.257182
1.0,43,16.265587
0.0,27,16.270895
1.0,41,16.27894
1.0,40,16.286795
1.0,42,16.295028
1.0,41,16.303305
1.0,42,16.31161
0.0,34,16.318676
1.0,46,16.327716
0.0,23,16.332371
0.0,25,16.337534
1.0,43,16.345979
0.0,21,16.350098
0.0,34,16.356763
1.0,39,16.364356
1.0,41,16.372413
1.0,45,16.381251
1.0,40,16.389085
1.0,42,16.397362
0.0,29,16.403061
1.0,40,16.410937
0.0,11,16.413103
0.0,6,16.41433
1.0,41,16.422356
1.0,42,16.430523
0.0,21,16.43467
0.0,34,16.441323
0.0,8,16.442899
1.0,44,16.45155
1.0,44,16.460176
0.0,13,16.462716
1.0,50,16.472464
1.0,47,16.481637
1.0,39,16.489258
1.0,41,16.497283
1.0,46,16.506477
0.0,8,16.508062
1.0,44,16.516879
1.0,48,16.5263
0.0,37,16.533773
1.0,40,16.541734
1.0,46,16.550783
1.0,42,16.558935
1.0,46,16.567999
1.0,41,16.575979
1.0,40,16.58381
0.0,4,16.584605
1.0,42,16.592824
1.0,40,16.600645
1.0,43,16.609025
1.0,39,16.616658
1.0,46,16.625669
0.0,10,16.627639
0.0,9,16.62941
1.0,49,16.639002
0.0,35,16.645832
0.0,15,16.648769
1.0,43,16.657188
0.0,21,16.661282
1.0,38,16.668729
1.0,43,16.677372
1.0,46,16.686408
0.0,27,16.6917
1.0,41,16.699945
1.0,42,16.708475
1.0,42,16.716767
1.0,38,16.724343
1.0,42,16.732816
1.0,48,16.74219
0.0,21,16.74631
1.0,46,16.755357
0.0,30,16.761199
0.0,26,16.76629
1.0,47,16.775476
1.0,41,16.783449
1.0,42,16.791703
0.0,15,16.79465
0.0,23,16.79929
0.0,20,16.803203
1.0,47,16.812323
1.0,40,16.820152
0.0,13,16.822687
1.0,38,16.830159
1.0,40,16.838067
1.0,41,16.84609
1.0,40,16.853921
1.0,40,16.861751
1.0,38,16.869181
0.0,36,16.876223
0.0,6,16.877422
0.0,34,16.884093
1.0,41,16.892071
0.0,29,16.898017
1.0,38,16.905922
0.0,29,16.911578
0.0,29,16.917421
0.0,27,16.922863
1.0,41,16.931201
1.0,46,16.940118
1.0,51,16.950211
0.0,31,16.956286
1.0,38,16.963995
0.0,35,16.970886
1.0,48,16.980252
1.0,48,16.989658
1.0,46,16.999426
1.0,40,17.00755
1.0,49,17.017161
0.0,38,17.024666
1.0,41,17.032697
1.0,52,17.042786
0.0,15,17.045722
1.0,49,17.05528
1.0,43,17.063652
1.0,45,17.072434
1.0,49,17.082001
1.0,41,17.089984
1.0,43,17.098727
0.0,21,17.10293
1.0,42,17.111368
1.0,42,17.119708
0.0,8,17.121288
1.0,38,17.128892
1.0,42,17.13723
1.0,42,17.145416
1.0,49,17.154992
1.0,42,17.163154
0.0,19,17.16687
0.0,19,17.170657
0.0,9,17.172424
1.0,42,17.180619
1.0,47,17.189791
1.0,42,17.197996
0.0,10,17.199966
1.0,40,17.207825
0.0,27,17.213071
1.0,39,17.220691
1.0,40,17.2285
1.0,42,17.236625
1.0,41,17.244678
1.0,43,17.253102
1.0,44,17.261695
0.0,14,17.264445
0.0,13,17.266975
0.0,17,17.270305
1.0,40,17.27812
0.0,17,17.281446
0.0,4,17.282248
1.0,48,17.291868
1.0,41,17.300255
0.0,38,17.307677
1.0,42,17.315968
1.0,41,17.324338
1.0,38,17.33198
1.0,48,17.341295
0.0,27,17.346589
1.0,42,17.354812
1.0,38,17.362317
1.0,42,17.370522
0.0,31,17.376564
1.0,48,17.385944
0.0,9,17.387731
1.0,42,17.396008
1.0,44,17.404644
1.0,45,17.413429
1.0,45,17.422315
1.0,42,17.43053
0.0,21,17.434678
0.0,10,17.43665
0.0,11,17.438812
0.0,6,17.44
0.0,33,17.446435
1.0,40,17.454261
1.0,41,17.462295
1.0,40,17.470127
0.0,37,17.477397
1.0,43,17.485995
0.0,32,17.492251
0.0,32,17.498918
1.0,42,17.50708
0.0,30,17.513089
1.0,47,17.522566
1.0,44,17.531166
1.0,43,17.539515
1.0,44,17.548256
1.0,45,17.557344
1.0,44,17.56597
0.0,21,17.570068
1.0,40,17.577898
1.0,48,17.587223
1.0,44,17.595808
1.0,44,17.6044
1.0,43,17.61275
1.0,45,17.621545
0.0,33,17.628022
1.0,44,17.636619
1.0,47,17.645803
0.0,22,17.650071
1.0,43,17.658478
0.0,10,17.660428
1.0,38,17.667885
1.0,46,17.676872
1.0,48,17.686564
1.0,45,17.69576
0.0,6,17.696954
1.0,38,17.704538
1.0,42,17.712828
1.0,38,17.720338
1.0,47,17.729455
1.0,40,17.737603
1.0,43,17.746024
0.0,35,17.752873
0.0,36,17.759911
0.0,9,17.761691
1.0,43,17.770097
1.0,41,17.778148
1.0,42,17.786354
1.0,41,17.794392
0.0,28,17.799819
0.0,39,17.807475
1.0,40,17.815371
1.0,42,17.823535
0.0,8,17.825111
0.0,6,17.826302
1.0,40,17.834164
1.0,45,17.842956
1.0,38,17.850431
1.0,43,17.858838
1.0,45,17.867674
0.0,37,17.874918
1.0,46,17.884181
1.0,44,17.893205
0.0,29,17.898965
1.0,47,17.908349
1.0,42,17.916797
1.0,44,17.925411
0.0,13,17.927994
1.0,38,17.935423
1.0,41,17.943447
1.0,43,17.951787
1.0,42,17.959996
0.0,15,17.96294
0.0,32,17.96931
1.0,42,17.977542
0.0,10,17.97955
0.0,30,17.985406
0.0,33,17.991863
1.0,40,17.999698
1.0,38,18.007122
1.0,38,18.014556
0.0,11,18.016724
1.0,48,18.026021
0.0,9,18.027798
0.0,15,18.030747
1.0,42,18.039001
0.0,42,18.047243
0.0,35,18.054101
0.0,15,18.057058
0.0,36,18.064113
1.0,45,18.072936
1.0,42,18.081463
0.0,24,18.08627
1.0,38,18.094002
0.0,36,18.101046
0.0,38,18.108811
1.0,44,18.117601
0.0,11,18.11976
0.0,34,18.126417
1.0,42,18.134689
1.0,41,18.142749
0.0,21,18.147173
0.0,21,18.151337
1.0,43,18.159792
0.0,13,18.162388
0.0,27,18.16764
1.0,39,18.175281
0.0,29,18.180961
1.0,41,18.188984
1.0,41,18.196992
0.0,19,18.200716
1.0,41,18.208688
1.0,44,18.217291
1.0,41,18.225305
1.0,39,18.232964
1.0,41,18.241001
1.0,44,18.249606
1.0,48,18.258915
1.0,42,18.267168
1.0,45,18.27628
1.0,43,18.284807
1.0,42,18.292985
1.0,44,18.301787
0.0,31,18.308115
1.0,51,18.318314
1.0,38,18.325781
0.0,10,18.327754
1.0,42,18.336038
1.0,38,18.343516
0.0,8,18.345093
1.0,44,18.353633
1.0,38,18.361064
0.0,17,18.364398
0.0,30,18.370219
1.0,42,18.378431
1.0,38,18.385911
0.0,30,18.391788
0.0,9,18.393563
1.0,45,18.402664
1.0,44,18.411261
0.0,6,18.412452
1.0,43,18.420921
0.0,9,18.422692
0.0,4,18.423489
0.0,4,18.424281
1.0,49,18.433826
0.0,26,18.438882
0.0,13,18.441432
1.0,45,18.450178
0.0,31,18.456282
1.0,38,18.463679
1.0,46,18.472868
1.0,38,18.480283
0.0,19,18.484405
0.0,6,18.48559
0.0,29,18.491264
1.0,48,18.500745
0.0,38,18.508467
1.0,49,18.518037
1.0,42,18.526569
1.0,44,18.535229
0.0,19,18.538957
0.0,19,18.542711
1.0,40,18.550477
1.0,50,18.560239
1.0,46,18.569273
1.0,39,18.576922
1.0,49,18.586557
1.0,42,18.594737
1.0,44,18.603349
0.0,31,18.609455
1.0,40,18.617306
0.0,13,18.619848
1.0,43,18.628269
1.0,43,18.636612
0.0,21,18.640724
0.0,32,18.647031
0.0,18,18.650557
1.0,57,18.661675
0.0,11,18.663841
1.0,42,18.672274
1.0,38,18.680145
1.0,41,18.688188
1.0,44,18.69687
1.0,46,18.706173
1.0,48,18.715493
1.0,42,18.723739
1.0,45,18.732629
1.0,38,18.740357
1.0,44,18.748952
0.0,8,18.750528
0.0,6,18.751715
0.0,37,18.758994
0.0,6,18.760179
0.0,22,18.764471
1.0,38,18.772574
1.0,41,18.780594
1.0,45,18.789389
1.0,40,18.797345
0.0,31,18.803421
1.0,38,18.810822
0.0,10,18.812781
1.0,41,18.820733
1.0,42,18.828949
1.0,44,18.837644
0.0,16,18.84078
1.0,44,18.849391
0.0,29,18.855076
0.0,21,18.859163
1.0,42,18.867635
1.0,39,18.875319
0.0,35,18.882276
1.0,49,18.892015
1.0,53,18.902966
0.0,33,18.909464
1.0,52,18.91971
1.0,42,18.927929
0.0,10,18.9299
1.0,44,18.938578
0.0,40,18.946421
1.0,41,18.954384
1.0,38,18.961814
0.0,18,18.965338
0.0,39,18.973039
0.0,12,18.975404
0.0,33,18.981866
1.0,42,18.990129
1.0,42,18.998355
1.0,41,19.006377
1.0,41,19.01434
1.0,38,19.021783
0.0,13,19.024377
0.0,15,19.027327
0.0,13,19.02988
1.0,38,19.037267
0.0,6,19.038462
1.0,41,19.046471
1.0,42,19.054677
1.0,43,19.063325
1.0,47,19.072731
1.0,43,19.08144
1.0,48,19.090986
1.0,40,19.099137
1.0,44,19.107815
0.0,15,19.110753
0.0,35,19.11761
1.0,41,19.125741
1.0,49,19.135816
1.0,41,19.143844
0.0,17,19.14719
1.0,38,19.154598
1.0,40,19.16245
0.0,44,19.171
1.0,40,19.17892
0.0,6,19.180111
1.0,40,19.187954
1.0,44,19.196519
0.0,4,19.197316
0.0,11,19.199476
1.0,43,19.207905
1.0,42,19.216178
1.0,42,19.224417
1.0,47,19.233619
1.0,45,19.242415
1.0,44,19.251051
0.0,15,19.253986
0.0,20,19.257897
1.0,44,19.266895
1.0,40,19.275085
1.0,39,19.28272
1.0,45,19.291795
1.0,46,19.301127
1.0,46,19.310204
1.0,45,19.319
0.0,15,19.321944
1.0,45,19.330911
0.0,8,19.332791
0.0,4,19.333589
0.0,38,19.341022
0.0,23,19.345536
1.0,42,19.353737
1.0,40,19.361561
1.0,41,19.369573
1.0,40,19.377419
1.0,47,19.386599
1.0,41,19.394621
0.0,25,19.399582
1.0,42,19.407853
0.0,6,19.409048
0.0,13,19.411613
1.0,48,19.420977
1.0,44,19.429585
1.0,39,19.437222
1.0,41,19.445274
1.0,38,19.452657
1.0,44,19.461542
0.0,14,19.464332
1.0,40,19.472203
0.0,32,19.478504
0.0,35,19.485379
1.0,38,19.49308
0.0,8,19.494695
1.0,42,19.503169
1.0,38,19.510646
1.0,39,19.518265
1.0,44,19.526859
1.0,40,19.534679
1.0,40,19.542509
1.0,45,19.551233
0.0,38,19.558687
0.0,30,19.564566
1.0,46,19.573561
1.0,41,19.581572
1.0,41,19.589619
1.0,44,19.59816
1.0,40,19.605975
0.0,30,19.611809
0.0,11,19.613971
0.0,16,19.617099
1.0,49,19.626653
1.0,42,19.634853
1.0,38,19.642272
1.0,42,19.650478
1.0,46,19.659667
