# {"t_start": 1641713346.7942886, "env_id": "Office-single-v0"} 
r,l,t
0.0,18,0.002203
0.0,53,0.007717
0.0,4,0.008188
0.0,40,0.012481
0.0,15,0.014534
0.0,43,0.019837
0.0,23,0.022175
0.0,16,0.023833
0.0,43,0.028257
0.0,41,0.032623
0.0,81,0.040898
0.0,117,0.052652
0.0,85,0.061487
0.0,36,0.065167
0.0,60,0.07129
0.0,82,0.079814
0.0,73,0.087223
0.0,118,0.099127
0.0,94,0.109496
0.0,76,0.117348
0.0,85,0.126157
0.0,36,0.129816
0.0,132,0.14428
0.0,159,0.160644
0.0,144,0.175406
0.0,205,0.196456
0.0,161,0.213153
0.0,825,0.298635
0.0,140,0.313062
0.0,51,0.318307
0.0,29,0.321276
0.0,103,0.33184
0.0,241,0.358763
0.0,87,0.367925
0.0,121,0.380317
0.0,96,0.390114
0.0,91,0.399419
0.0,345,0.435544
0.0,1000,0.540811
0.0,212,0.56372
0.0,19,0.565815
0.0,2,0.566062
0.0,57,0.571943
0.0,11,0.573102
0.0,15,0.574671
0.0,72,0.582351
0.0,55,0.588013
0.0,192,0.607658
0.0,102,0.618219
0.0,58,0.624154
0.0,27,0.626927
0.0,23,0.62956
0.0,232,0.653533
0.0,100,0.665617
0.0,117,0.677851
0.0,48,0.682797
0.0,193,0.702605
0.0,271,0.730431
0.0,157,0.746792
0.0,96,0.75664
0.0,236,0.781935
0.0,18,0.783816
0.0,20,0.785892
0.0,111,0.797262
0.0,320,0.829919
0.0,99,0.840171
0.0,272,0.869412
0.0,70,0.87658
0.0,414,0.919057
0.0,469,0.968022
0.0,280,0.997229
0.0,17,0.998993
0.0,639,1.064954
0.0,313,1.099812
0.0,609,1.162758
0.0,2,1.163047
0.0,46,1.167848
0.0,110,1.179444
0.0,25,1.182075
0.0,24,1.184618
0.0,48,1.189677
0.0,31,1.192903
0.0,141,1.207418
0.0,119,1.219613
1.0,463,1.267247
0.0,30,1.270351
0.0,25,1.27304
0.0,12,1.274309
0.0,52,1.279834
0.0,113,1.291901
1.0,485,1.341748
0.0,19,1.343734
0.0,297,1.374624
0.0,44,1.379201
0.0,113,1.391316
0.0,24,1.393891
0.0,169,1.411456
0.0,177,1.430016
0.0,213,1.452028
0.0,259,1.478842
0.0,540,1.535393
0.0,175,1.553319
0.0,208,1.57506
0.0,85,1.584162
0.0,14,1.585628
0.0,271,1.614217
1.0,351,1.6501
0.0,58,1.65605
0.0,25,1.658627
0.0,68,1.665565
1.0,79,1.67392
0.0,2,1.67416
0.0,8,1.675072
0.0,214,1.697355
0.0,31,1.701718
1.0,38,1.707049
0.0,866,1.797629
0.0,104,1.808727
0.0,36,1.812835
0.0,132,1.826441
0.0,60,1.832691
0.0,18,1.834552
0.0,45,1.839246
0.0,196,1.859161
0.0,426,1.903242
1.0,64,1.910144
0.0,18,1.912027
0.0,254,1.938566
0.0,30,1.941667
0.0,124,1.954373
1.0,55,1.960032
1.0,41,1.964239
0.0,28,1.967106
0.0,69,1.974216
1.0,44,1.97873
0.0,562,2.037141
1.0,35,2.040754
1.0,31,2.043945
0.0,863,2.133598
0.0,10,2.134668
0.0,318,2.16713
1.0,28,2.170025
1.0,34,2.173517
1.0,54,2.179085
1.0,31,2.182281
1.0,659,2.251046
0.0,11,2.25221
1.0,33,2.255644
1.0,27,2.258436
1.0,29,2.261416
1.0,26,2.264101
1.0,28,2.266977
1.0,29,2.269954
0.0,6,2.270599
0.0,11,2.271812
1.0,27,2.274593
1.0,29,2.277571
1.0,31,2.280794
1.0,25,2.283532
1.0,29,2.286522
1.0,25,2.28912
1.0,26,2.291867
1.0,31,2.295056
1.0,25,2.297897
0.0,21,2.300071
1.0,27,2.302843
0.0,9,2.303787
1.0,29,2.306771
1.0,25,2.309387
1.0,26,2.312115
1.0,27,2.314891
1.0,28,2.317768
1.0,25,2.320597
1.0,27,2.323395
1.0,25,2.326289
1.0,28,2.329181
1.0,29,2.332217
1.0,34,2.335706
1.0,28,2.3386
1.0,25,2.341337
1.0,25,2.343943
1.0,27,2.346743
0.0,4,2.347181
1.0,27,2.350024
0.0,6,2.350664
1.0,28,2.35356
1.0,28,2.356451
0.0,19,2.358566
1.0,34,2.362067
1.0,30,2.365164
1.0,27,2.368021
1.0,29,2.371011
1.0,27,2.373796
1.0,36,2.377534
1.0,25,2.380116
1.0,25,2.382695
1.0,29,2.385689
1.0,27,2.388493
1.0,29,2.391485
1.0,28,2.394364
1.0,29,2.39734
1.0,28,2.400224
1.0,27,2.403335
0.0,6,2.403983
1.0,29,2.406997
1.0,27,2.409789
1.0,25,2.412392
1.0,26,2.415074
1.0,27,2.417882
0.0,20,2.419956
1.0,31,2.423456
1.0,30,2.42665
1.0,27,2.429942
1.0,25,2.432541
1.0,29,2.435547
0.0,17,2.437312
1.0,27,2.440478
1.0,27,2.443325
0.0,145,2.458382
1.0,30,2.461493
1.0,27,2.464287
1.0,29,2.467275
1.0,28,2.470167
1.0,25,2.472761
1.0,32,2.476047
1.0,30,2.479225
1.0,29,2.482316
0.0,4,2.482757
1.0,36,2.486437
1.0,28,2.489324
1.0,25,2.491916
0.0,7,2.492657
0.0,10,2.493707
0.0,15,2.495267
1.0,26,2.497964
1.0,27,2.50076
1.0,27,2.503551
1.0,25,2.506132
0.0,13,2.507728
1.0,28,2.510611
1.0,25,2.513199
0.0,15,2.514769
1.0,25,2.517367
0.0,20,2.519542
1.0,26,2.522243
1.0,27,2.525034
1.0,25,2.527628
1.0,25,2.530216
1.0,25,2.532807
1.0,29,2.536288
0.0,8,2.537145
1.0,29,2.540325
1.0,30,2.544313
1.0,28,2.5472
1.0,30,2.550352
1.0,29,2.553408
1.0,29,2.556495
1.0,26,2.559177
1.0,27,2.562262
1.0,28,2.565202
1.0,26,2.567898
0.0,4,2.568338
1.0,29,2.571329
1.0,28,2.574214
0.0,10,2.575266
0.0,6,2.575912
1.0,25,2.578751
1.0,25,2.581381
1.0,29,2.584377
1.0,25,2.586953
1.0,31,2.590138
1.0,25,2.592726
1.0,27,2.595574
1.0,28,2.598472
1.0,29,2.601472
1.0,29,2.604475
1.0,27,2.607265
1.0,27,2.610068
1.0,29,2.613134
1.0,25,2.615974
0.0,6,2.616617
1.0,29,2.619604
0.0,12,2.620863
1.0,30,2.623952
1.0,27,2.626953
1.0,31,2.630169
1.0,28,2.633166
1.0,29,2.636204
1.0,29,2.639193
1.0,26,2.642178
1.0,28,2.645079
1.0,26,2.64795
0.0,6,2.648594
0.0,24,2.65108
1.0,26,2.65378
0.0,10,2.654836
0.0,4,2.655271
1.0,28,2.658177
1.0,28,2.661068
1.0,29,2.664073
1.0,27,2.666877
1.0,31,2.670127
1.0,25,2.672736
1.0,27,2.675542
1.0,25,2.678141
1.0,27,2.680936
1.0,27,2.683737
1.0,25,2.686336
0.0,19,2.688311
1.0,28,2.691214
0.0,10,2.692279
1.0,27,2.695069
0.0,15,2.696645
1.0,25,2.699235
1.0,31,2.702437
0.0,15,2.704012
1.0,29,2.70702
1.0,26,2.709761
1.0,34,2.71325
1.0,30,2.716346
1.0,25,2.719178
1.0,28,2.722122
1.0,29,2.725122
0.0,6,2.725768
0.0,13,2.727122
1.0,26,2.729848
1.0,26,2.73255
1.0,34,2.736222
1.0,27,2.73902
1.0,27,2.741807
1.0,25,2.744405
1.0,25,2.747341
0.0,11,2.748506
1.0,27,2.751292
1.0,31,2.754564
1.0,29,2.757669
1.0,29,2.760663
1.0,25,2.763243
0.0,8,2.764095
1.0,25,2.766675
1.0,29,2.769669
1.0,25,2.772274
1.0,25,2.774873
1.0,27,2.777669
1.0,25,2.780264
1.0,29,2.783372
1.0,33,2.786776
1.0,31,2.789972
1.0,29,2.792973
1.0,29,2.795971
0.0,13,2.797322
1.0,28,2.80021
0.0,17,2.801978
1.0,28,2.804871
1.0,25,2.807461
1.0,27,2.810262
1.0,29,2.813258
1.0,43,2.817674
1.0,34,2.821304
1.0,25,2.82422
1.0,33,2.827669
1.0,29,2.830676
1.0,25,2.83327
0.0,11,2.834461
1.0,25,2.837072
0.0,10,2.838125
1.0,27,2.840922
1.0,29,2.844093
1.0,25,2.846725
0.0,8,2.84758
1.0,31,2.851074
0.0,8,2.851927
1.0,25,2.854526
1.0,27,2.857326
1.0,27,2.860208
1.0,27,2.863168
1.0,26,2.865883
1.0,27,2.868698
1.0,29,2.871687
1.0,38,2.875615
0.0,13,2.87698
1.0,29,2.879981
1.0,30,2.883183
1.0,25,2.885846
0.0,13,2.887209
1.0,26,2.889965
1.0,27,2.892758
1.0,25,2.895343
1.0,29,2.898376
1.0,27,2.901175
1.0,29,2.904165
1.0,25,2.906752
1.0,31,2.909942
1.0,25,2.912531
0.0,6,2.913177
1.0,29,2.916187
1.0,26,2.91889
1.0,27,2.921685
0.0,4,2.922226
1.0,25,2.925022
0.0,10,2.926069
1.0,27,2.929057
1.0,25,2.931658
1.0,25,2.934325
1.0,29,2.937312
0.0,21,2.939682
1.0,30,2.942778
1.0,29,2.945778
1.0,25,2.948378
1.0,25,2.950971
0.0,16,2.952635
1.0,28,2.956134
1.0,26,2.95904
0.0,24,2.961529
1.0,25,2.96414
0.0,19,2.966123
1.0,27,2.968936
1.0,29,2.972155
1.0,30,2.975417
1.0,25,2.978033
1.0,25,2.980636
1.0,28,2.98354
1.0,26,2.986229
1.0,29,2.989242
0.0,8,2.990094
1.0,28,2.992984
0.0,7,2.993728
1.0,34,2.997233
1.0,27,3.000043
1.0,31,3.003234
1.0,29,3.006238
0.0,10,3.007289
1.0,30,3.010492
1.0,25,3.013098
1.0,25,3.015701
1.0,25,3.018299
1.0,28,3.021188
0.0,6,3.021837
1.0,31,3.025045
1.0,25,3.02765
0.0,8,3.028497
1.0,32,3.031799
1.0,29,3.035022
1.0,25,3.037658
1.0,27,3.040464
1.0,29,3.043461
1.0,28,3.046401
1.0,30,3.049574
0.0,4,3.050014
1.0,25,3.052596
0.0,12,3.053846
1.0,31,3.057043
1.0,28,3.059941
1.0,26,3.063368
1.0,25,3.066057
1.0,25,3.068754
1.0,29,3.071756
0.0,23,3.074141
1.0,27,3.077266
0.0,4,3.077709
1.0,27,3.080506
0.0,21,3.082691
1.0,29,3.08579
1.0,25,3.088397
1.0,28,3.091299
1.0,31,3.094499
1.0,29,3.097493
1.0,25,3.10008
1.0,31,3.103272
1.0,27,3.106064
1.0,27,3.108857
1.0,27,3.111656
1.0,27,3.114444
0.0,8,3.115289
1.0,27,3.11807
1.0,28,3.120955
1.0,27,3.123857
1.0,33,3.127265
1.0,29,3.130263
1.0,27,3.133072
1.0,26,3.135766
1.0,25,3.138356
0.0,20,3.140642
1.0,32,3.143953
1.0,27,3.146746
1.0,30,3.149848
1.0,27,3.152695
1.0,25,3.155461
1.0,25,3.15811
1.0,29,3.16118
1.0,31,3.164397
1.0,27,3.1675
1.0,27,3.170312
1.0,27,3.173137
1.0,25,3.175901
1.0,29,3.178921
1.0,27,3.18174
1.0,31,3.184948
1.0,26,3.187649
1.0,27,3.190459
1.0,32,3.19377
1.0,27,3.196592
1.0,25,3.199301
1.0,25,3.2019
1.0,27,3.204713
1.0,28,3.20762
0.0,6,3.208266
1.0,29,3.211261
1.0,28,3.214149
1.0,25,3.216751
1.0,27,3.21955
1.0,37,3.223351
1.0,29,3.22635
1.0,27,3.229146
1.0,27,3.231948
1.0,28,3.234838
1.0,28,3.23785
1.0,27,3.240652
1.0,30,3.243743
0.0,13,3.245306
1.0,25,3.247934
1.0,25,3.250514
1.0,27,3.253311
1.0,27,3.256146
1.0,27,3.258938
0.0,13,3.260303
1.0,29,3.263494
0.0,9,3.26447
0.0,4,3.264907
1.0,35,3.268521
1.0,29,3.271777
0.0,8,3.272624
0.0,25,3.275329
0.0,21,3.277484
1.0,25,3.280083
1.0,27,3.283031
1.0,32,3.286358
0.0,24,3.28885
0.0,21,3.29102
1.0,27,3.293813
1.0,27,3.296612
0.0,13,3.297975
1.0,25,3.300579
1.0,27,3.303375
1.0,25,3.305977
0.0,4,3.306416
0.0,4,3.306851
1.0,27,3.309671
1.0,27,3.312582
0.0,6,3.313233
1.0,30,3.316342
1.0,29,3.319345
0.0,23,3.321734
1.0,25,3.32433
1.0,27,3.327125
1.0,34,3.330609
1.0,27,3.333521
1.0,25,3.336117
1.0,34,3.339605
1.0,27,3.342403
1.0,27,3.345203
1.0,29,3.348207
1.0,27,3.35144
1.0,29,3.354486
1.0,29,3.357628
1.0,26,3.360375
1.0,25,3.36297
1.0,27,3.365775
1.0,28,3.36867
1.0,29,3.371827
1.0,30,3.374905
1.0,26,3.377912
1.0,27,3.380719
1.0,27,3.383498
1.0,28,3.386398
1.0,32,3.389849
1.0,28,3.392904
1.0,28,3.395877
0.0,19,3.397852
0.0,13,3.399204
1.0,26,3.401935
0.0,6,3.402571
1.0,27,3.405408
1.0,27,3.408207
1.0,32,3.411515
1.0,25,3.414096
1.0,33,3.417482
0.0,4,3.417921
1.0,27,3.420708
0.0,10,3.421758
0.0,25,3.424647
1.0,28,3.427585
0.0,8,3.428435
1.0,27,3.431225
1.0,29,3.434201
1.0,27,3.436981
1.0,30,3.440253
1.0,26,3.442937
1.0,27,3.445728
0.0,4,3.44617
1.0,25,3.448751
0.0,4,3.44919
1.0,26,3.451867
0.0,13,3.453223
1.0,25,3.45612
0.0,6,3.45676
1.0,31,3.459952
1.0,34,3.463472
1.0,25,3.466097
1.0,26,3.468785
0.0,17,3.470548
1.0,25,3.473135
1.0,26,3.475822
1.0,29,3.478993
1.0,25,3.481671
1.0,31,3.485068
0.0,19,3.487035
1.0,26,3.489731
1.0,27,3.492526
1.0,30,3.495631
1.0,27,3.498592
0.0,4,3.499032
1.0,26,3.501787
1.0,27,3.504585
1.0,30,3.507683
0.0,8,3.508545
1.0,27,3.511338
0.0,8,3.512195
1.0,26,3.514878
1.0,25,3.517473
0.0,10,3.518519
1.0,36,3.522219
0.0,17,3.523999
1.0,27,3.52678
1.0,25,3.529369
1.0,25,3.531994
1.0,32,3.535931
1.0,25,3.538509
1.0,25,3.54118
1.0,28,3.544053
0.0,8,3.544896
1.0,33,3.548284
1.0,27,3.551058
1.0,30,3.554136
1.0,25,3.556734
1.0,27,3.559521
1.0,26,3.562517
1.0,25,3.565153
0.0,6,3.565829
1.0,25,3.56845
1.0,27,3.571276
1.0,30,3.574364
0.0,21,3.576525
0.0,8,3.57754
1.0,27,3.580324
0.0,8,3.58117
1.0,25,3.583771
1.0,25,3.586585
1.0,30,3.589949
0.0,4,3.59039
1.0,25,3.592985
1.0,25,3.595582
1.0,25,3.598168
1.0,33,3.601555
1.0,33,3.605149
1.0,27,3.608023
0.0,19,3.609994
1.0,29,3.613055
1.0,30,3.616173
0.0,29,3.61915
1.0,27,3.621956
1.0,25,3.62468
1.0,27,3.627474
1.0,28,3.630356
1.0,27,3.633139
1.0,27,3.636032
1.0,27,3.638845
1.0,30,3.641919
1.0,29,3.644913
0.0,20,3.647282
1.0,29,3.650257
1.0,32,3.653585
1.0,29,3.65658
0.0,8,3.657424
1.0,26,3.660104
1.0,25,3.662954
1.0,28,3.665825
0.0,11,3.667284
1.0,27,3.670116
1.0,27,3.672951
1.0,25,3.675581
1.0,34,3.679089
0.0,6,3.679742
0.0,11,3.6809
1.0,28,3.683779
1.0,31,3.686984
1.0,27,3.689782
1.0,25,3.692754
1.0,31,3.696457
0.0,11,3.697612
1.0,29,3.70065
1.0,28,3.70377
1.0,27,3.706564
1.0,28,3.709499
0.0,25,3.71212
0.0,19,3.71409
1.0,29,3.717126
1.0,32,3.720461
0.0,10,3.721509
1.0,26,3.72423
1.0,32,3.727546
1.0,27,3.730387
1.0,27,3.733275
1.0,29,3.736268
1.0,36,3.739964
1.0,25,3.74254
0.0,4,3.742974
1.0,31,3.74615
1.0,28,3.749049
1.0,25,3.751638
1.0,28,3.754513
1.0,26,3.757194
1.0,25,3.759779
1.0,25,3.762359
1.0,27,3.765163
1.0,29,3.768186
1.0,27,3.770975
0.0,2,3.771206
1.0,28,3.774374
1.0,27,3.777165
1.0,29,3.780167
1.0,29,3.783199
1.0,27,3.78599
1.0,27,3.788881
1.0,25,3.79161
0.0,16,3.793272
1.0,25,3.795941
1.0,25,3.798963
0.0,28,3.802865
1.0,26,3.805731
1.0,25,3.808331
1.0,31,3.811838
1.0,33,3.815258
0.0,4,3.815702
0.0,6,3.816336
1.0,27,3.819121
1.0,27,3.821949
1.0,28,3.824837
1.0,31,3.82803
1.0,27,3.830839
1.0,26,3.833527
1.0,33,3.836918
1.0,27,3.83971
1.0,27,3.842537
1.0,25,3.84515
0.0,9,3.846098
1.0,25,3.848689
1.0,25,3.851389
1.0,26,3.854084
1.0,30,3.857185
1.0,27,3.860058
1.0,28,3.862952
0.0,4,3.863389
1.0,25,3.865986
0.0,13,3.867342
1.0,28,3.870212
1.0,29,3.873203
1.0,26,3.875895
1.0,27,3.878958
1.0,32,3.882356
1.0,26,3.88512
1.0,31,3.888361
1.0,33,3.891817
1.0,25,3.894409
0.0,8,3.895257
1.0,28,3.898292
1.0,27,3.901217
1.0,25,3.90393
1.0,30,3.907516
0.0,11,3.908689
1.0,28,3.911587
0.0,19,3.913571
1.0,27,3.916366
1.0,26,3.919096
1.0,27,3.922175
1.0,27,3.925347
1.0,30,3.928467
1.0,28,3.93136
1.0,26,3.934056
1.0,28,3.936947
0.0,13,3.9383
1.0,27,3.94145
1.0,25,3.944074
1.0,28,3.946959
0.0,17,3.948737
1.0,28,3.951631
1.0,30,3.954731
1.0,28,3.95768
1.0,29,3.960669
0.0,4,3.961111
1.0,34,3.96459
0.0,23,3.966967
1.0,29,3.969955
1.0,25,3.97255
1.0,31,3.975753
1.0,27,3.978542
0.0,9,3.979491
1.0,32,3.982779
1.0,27,3.985746
1.0,27,3.988537
0.0,17,3.990316
1.0,29,3.993336
1.0,25,3.995957
1.0,27,3.998749
1.0,25,4.001336
1.0,25,4.003929
0.0,8,4.004783
1.0,27,4.007693
1.0,26,4.010722
1.0,25,4.014287
0.0,4,4.014786
1.0,25,4.017539
1.0,27,4.020331
1.0,28,4.023225
1.0,30,4.026323
1.0,31,4.029726
1.0,25,4.032421
1.0,29,4.03543
1.0,27,4.038221
0.0,9,4.039183
1.0,25,4.041772
1.0,27,4.044575
0.0,22,4.046845
1.0,25,4.049427
1.0,25,4.052017
1.0,25,4.054615
1.0,27,4.057417
1.0,25,4.060014
1.0,28,4.06317
1.0,27,4.065964
1.0,27,4.068836
0.0,6,4.069481
1.0,25,4.072078
1.0,26,4.074809
0.0,17,4.076585
0.0,4,4.077246
1.0,25,4.079884
1.0,26,4.082624
1.0,25,4.085405
1.0,29,4.088397
1.0,25,4.091213
0.0,21,4.093444
1.0,29,4.096434
1.0,30,4.099526
1.0,27,4.102349
1.0,25,4.105055
1.0,33,4.108571
1.0,27,4.111584
1.0,31,4.114784
1.0,25,4.117759
0.0,23,4.120335
0.0,19,4.122307
1.0,35,4.125946
1.0,31,4.12919
0.0,4,4.129641
0.0,21,4.132021
1.0,25,4.134605
1.0,27,4.137465
1.0,25,4.140121
1.0,29,4.143111
1.0,26,4.145894
0.0,11,4.147048
1.0,27,4.149832
1.0,32,4.15314
1.0,25,4.155735
1.0,32,4.159062
1.0,29,4.162046
0.0,25,4.164634
1.0,26,4.167322
0.0,16,4.168986
1.0,28,4.171878
1.0,33,4.17526
1.0,27,4.178052
1.0,27,4.180847
0.0,4,4.181288
1.0,30,4.184406
0.0,18,4.186275
1.0,31,4.189475
1.0,37,4.193278
0.0,13,4.19462
1.0,25,4.197458
1.0,30,4.200564
1.0,29,4.203559
1.0,39,4.207599
1.0,25,4.210197
1.0,26,4.212873
1.0,29,4.215857
1.0,29,4.21909
1.0,29,4.222272
0.0,15,4.224382
1.0,25,4.227032
1.0,25,4.229624
0.0,21,4.231977
1.0,29,4.234986
1.0,25,4.23757
1.0,29,4.240803
1.0,34,4.244301
1.0,28,4.247192
1.0,28,4.250095
1.0,31,4.253354
1.0,27,4.256194
0.0,8,4.257045
0.0,4,4.257515
1.0,27,4.260301
1.0,29,4.263291
1.0,29,4.266292
1.0,31,4.269491
1.0,28,4.272383
1.0,29,4.275371
1.0,29,4.278362
1.0,29,4.281361
1.0,29,4.284364
0.0,19,4.286336
0.0,25,4.288904
1.0,29,4.291915
1.0,28,4.294809
0.0,11,4.296004
1.0,34,4.2995
1.0,25,4.302322
1.0,28,4.305203
1.0,28,4.308082
1.0,32,4.311363
1.0,25,4.313997
0.0,10,4.315047
0.0,23,4.31742
1.0,27,4.320217
1.0,25,4.322811
1.0,25,4.325404
1.0,29,4.328922
1.0,32,4.332414
0.0,9,4.333482
1.0,29,4.336721
0.0,9,4.337758
1.0,27,4.340553
1.0,33,4.343967
0.0,9,4.34493
0.0,6,4.345569
1.0,25,4.348161
1.0,31,4.351348
1.0,27,4.354134
0.0,23,4.356558
0.0,17,4.358322
1.0,26,4.361031
1.0,31,4.364225
0.0,10,4.365274
1.0,28,4.36817
1.0,25,4.370797
1.0,29,4.373791
1.0,29,4.376782
1.0,28,4.379693
1.0,30,4.38277
0.0,21,4.384947
0.0,8,4.385795
1.0,29,4.388779
0.0,15,4.39034
1.0,26,4.393066
1.0,26,4.395759
1.0,27,4.398619
1.0,25,4.401208
1.0,25,4.403794
0.0,11,4.404946
1.0,27,4.40798
1.0,28,4.410913
0.0,30,4.413975
1.0,27,4.416764
1.0,32,4.420096
1.0,27,4.423163
1.0,25,4.4261
0.0,13,4.427465
1.0,29,4.430485
1.0,26,4.433546
0.0,15,4.435173
1.0,29,4.438185
1.0,27,4.441275
1.0,27,4.444075
1.0,29,4.447257
1.0,25,4.450015
1.0,28,4.452916
0.0,21,4.455083
0.0,10,4.45614
0.0,9,4.457106
1.0,28,4.460014
1.0,37,4.463825
0.0,6,4.46447
0.0,6,4.465106
1.0,32,4.468392
1.0,26,4.471073
0.0,20,4.473159
1.0,27,4.475959
0.0,17,4.477725
1.0,25,4.480317
0.0,13,4.481676
1.0,26,4.484384
1.0,25,4.486973
0.0,10,4.488026
1.0,27,4.490809
1.0,25,4.493396
1.0,29,4.49639
1.0,28,4.499276
1.0,31,4.502471
1.0,29,4.505473
0.0,6,4.506114
1.0,27,4.508894
1.0,25,4.511485
0.0,6,4.512413
0.0,8,4.513263
1.0,27,4.516063
1.0,26,4.518737
1.0,33,4.522177
1.0,31,4.525407
1.0,27,4.528202
1.0,29,4.531191
1.0,27,4.533978
1.0,28,4.537118
1.0,25,4.540361
1.0,26,4.54355
1.0,27,4.546332
1.0,31,4.549519
0.0,10,4.550566
1.0,29,4.553577
1.0,27,4.556513
1.0,27,4.559547
1.0,27,4.562668
1.0,27,4.565459
1.0,25,4.568062
1.0,27,4.570859
1.0,28,4.573761
1.0,28,4.576663
1.0,27,4.579735
1.0,25,4.582321
1.0,29,4.585345
0.0,14,4.586803
1.0,27,4.589594
1.0,27,4.592386
1.0,30,4.595473
1.0,29,4.598503
0.0,20,4.600587
1.0,29,4.603583
0.0,10,4.604632
0.0,21,4.606805
1.0,31,4.609997
1.0,27,4.612859
1.0,25,4.61544
1.0,29,4.618819
1.0,29,4.621815
1.0,30,4.624898
0.0,9,4.625847
1.0,33,4.62927
1.0,27,4.632069
1.0,26,4.634761
1.0,25,4.637386
1.0,26,4.640074
0.0,11,4.641229
1.0,30,4.644307
1.0,31,4.648465
1.0,25,4.651129
0.0,8,4.652021
1.0,27,4.654834
0.0,4,4.655305
0.0,6,4.656084
1.0,25,4.658765
1.0,25,4.661356
1.0,27,4.664153
1.0,25,4.666737
1.0,29,4.66978
1.0,25,4.672351
1.0,29,4.675398
1.0,32,4.678978
1.0,29,4.681978
0.0,19,4.68405
1.0,29,4.687041
1.0,29,4.690031
1.0,25,4.692624
1.0,27,4.695411
1.0,28,4.698312
1.0,27,4.701103
1.0,25,4.703694
1.0,26,4.706376
1.0,29,4.709362
1.0,28,4.71228
1.0,27,4.715082
1.0,28,4.717985
1.0,25,4.720581
0.0,11,4.721739
0.0,8,4.722584
1.0,32,4.726146
1.0,33,4.729598
0.0,13,4.730965
1.0,25,4.733551
1.0,29,4.736577
1.0,27,4.739358
1.0,33,4.742764
0.0,13,4.744128
0.0,19,4.746108
1.0,35,4.749958
1.0,30,4.754177
1.0,26,4.757092
1.0,29,4.7601
1.0,25,4.762704
1.0,25,4.765298
1.0,27,4.768099
0.0,8,4.769093
1.0,29,4.77217
0.0,6,4.772812
0.0,11,4.773952
1.0,28,4.776895
0.0,17,4.77867
1.0,27,4.781476
1.0,26,4.784184
1.0,31,4.787404
1.0,27,4.790197
1.0,25,4.792789
1.0,29,4.795804
1.0,27,4.798607
1.0,29,4.801592
1.0,27,4.804375
1.0,25,4.806966
1.0,28,4.809866
1.0,26,4.812546
1.0,35,4.816129
0.0,15,4.817694
1.0,28,4.820572
1.0,27,4.823349
1.0,27,4.826185
1.0,27,4.828975
1.0,28,4.832109
1.0,32,4.835399
1.0,29,4.838377
1.0,26,4.841113
1.0,35,4.844722
1.0,32,4.848019
1.0,26,4.850699
1.0,34,4.854227
1.0,27,4.857454
1.0,25,4.860543
1.0,26,4.864203
1.0,27,4.867849
1.0,34,4.871356
1.0,31,4.874572
1.0,25,4.877169
1.0,30,4.880266
1.0,26,4.882958
1.0,27,4.885758
0.0,12,4.887019
0.0,21,4.889202
1.0,34,4.892829
1.0,28,4.895738
1.0,26,4.898428
0.0,13,4.899865
1.0,27,4.902656
0.0,8,4.903511
1.0,30,4.906647
1.0,28,4.909552
0.0,15,4.911118
1.0,27,4.913917
1.0,28,4.916804
0.0,21,4.918963
1.0,26,4.921654
1.0,34,4.925463
1.0,25,4.928056
0.0,21,4.930224
0.0,10,4.931265
1.0,29,4.934251
1.0,31,4.937767
1.0,29,4.941015
0.0,19,4.942989
1.0,27,4.945778
1.0,27,4.948616
1.0,28,4.951507
1.0,30,4.954715
1.0,25,4.957432
1.0,27,4.960224
0.0,9,4.961187
1.0,29,4.964572
1.0,28,4.967455
1.0,25,4.97008
1.0,29,4.973097
1.0,33,4.976738
1.0,29,4.979826
1.0,26,4.982512
1.0,25,4.98512
1.0,34,4.988631
1.0,31,4.991843
1.0,27,4.99464
1.0,36,4.998331
1.0,29,5.001337
1.0,27,5.004149
1.0,26,5.006841
0.0,17,5.008614
1.0,25,5.011199
1.0,32,5.014523
1.0,27,5.017317
1.0,29,5.020318
1.0,27,5.023109
1.0,28,5.025999
1.0,26,5.028697
1.0,28,5.031597
1.0,33,5.035014
1.0,26,5.037711
1.0,29,5.040705
1.0,31,5.044132
0.0,24,5.046609
0.0,6,5.047249
1.0,29,5.050239
1.0,29,5.053301
1.0,29,5.056335
1.0,29,5.059322
1.0,27,5.062372
0.0,6,5.063024
0.0,25,5.065836
0.0,7,5.066583
1.0,26,5.069814
1.0,25,5.072618
1.0,27,5.075407
1.0,28,5.078578
1.0,31,5.081794
1.0,25,5.08447
1.0,28,5.08737
1.0,27,5.090436
0.0,4,5.090873
1.0,31,5.094072
1.0,26,5.09678
1.0,30,5.099868
1.0,26,5.102559
1.0,29,5.105551
0.0,19,5.107523
1.0,28,5.110404
1.0,26,5.113085
1.0,26,5.115788
1.0,31,5.118982
1.0,27,5.121777
1.0,25,5.124368
1.0,25,5.126987
1.0,26,5.129664
1.0,32,5.132973
1.0,25,5.13556
1.0,29,5.138548
1.0,25,5.14114
1.0,27,5.143928
1.0,29,5.146925
1.0,30,5.150239
1.0,30,5.153336
1.0,29,5.156339
0.0,17,5.158113
1.0,25,5.160782
1.0,26,5.163477
1.0,32,5.166853
1.0,27,5.169751
1.0,28,5.172676
1.0,26,5.17559
1.0,32,5.17963
1.0,31,5.182856
1.0,28,5.185944
0.0,23,5.188418
1.0,32,5.191726
1.0,26,5.194429
1.0,27,5.197227
1.0,26,5.199909
0.0,6,5.200563
1.0,25,5.203219
1.0,25,5.205792
1.0,25,5.208381
1.0,27,5.211185
1.0,27,5.213966
1.0,25,5.216561
1.0,32,5.219859
1.0,30,5.222938
1.0,28,5.225864
1.0,29,5.228847
1.0,27,5.231637
0.0,10,5.232686
0.0,32,5.235942
1.0,26,5.238624
0.0,13,5.240024
1.0,27,5.242809
1.0,32,5.246094
1.0,27,5.248895
1.0,28,5.251778
1.0,25,5.254601
0.0,12,5.256031
1.0,30,5.259135
1.0,35,5.262723
1.0,33,5.26618
1.0,29,5.269184
1.0,27,5.271985
1.0,27,5.274992
1.0,27,5.277869
1.0,27,5.281088
1.0,25,5.283693
1.0,26,5.286382
1.0,27,5.289185
1.0,30,5.292287
1.0,27,5.295163
1.0,36,5.299125
1.0,25,5.301721
1.0,28,5.304628
1.0,28,5.307538
1.0,25,5.310121
0.0,4,5.31056
0.0,8,5.311404
1.0,29,5.314441
1.0,27,5.317356
1.0,29,5.320348
0.0,19,5.322338
0.0,8,5.323196
1.0,26,5.325879
1.0,31,5.32907
0.0,8,5.329918
1.0,29,5.3329
1.0,26,5.33559
1.0,27,5.338371
1.0,25,5.340967
1.0,26,5.343656
1.0,27,5.346449
0.0,19,5.348415
1.0,31,5.351613
0.0,11,5.352763
1.0,25,5.355395
1.0,32,5.359082
1.0,27,5.361988
1.0,29,5.364981
0.0,13,5.366345
1.0,25,5.368933
0.0,10,5.370015
1.0,25,5.372619
1.0,28,5.375513
1.0,25,5.378106
1.0,25,5.380695
1.0,30,5.383892
1.0,27,5.387436
1.0,29,5.391547
1.0,29,5.394608
1.0,27,5.3974
1.0,25,5.399994
1.0,27,5.402787
1.0,26,5.405606
0.0,6,5.406337
0.0,10,5.407401
1.0,26,5.410127
1.0,29,5.413124
1.0,25,5.415729
1.0,29,5.418733
1.0,25,5.421329
1.0,25,5.424172
1.0,25,5.426754
1.0,29,5.429827
1.0,27,5.432622
1.0,29,5.435617
1.0,28,5.438509
0.0,13,5.440063
0.0,19,5.442104
1.0,29,5.445084
1.0,27,5.44789
1.0,26,5.450573
1.0,27,5.453398
1.0,27,5.456243
1.0,28,5.459133
1.0,25,5.461716
0.0,10,5.462756
1.0,25,5.465521
1.0,26,5.46832
0.0,12,5.469574
1.0,27,5.472447
1.0,29,5.475432
1.0,26,5.478144
0.0,24,5.480635
1.0,33,5.484044
1.0,29,5.487035
1.0,27,5.48984
1.0,25,5.492441
1.0,25,5.495819
1.0,27,5.498692
1.0,25,5.501328
1.0,30,5.504835
1.0,31,5.508021
1.0,29,5.511011
1.0,26,5.513702
1.0,27,5.51651
1.0,27,5.519306
1.0,27,5.522119
1.0,27,5.524928
1.0,35,5.528523
1.0,25,5.531114
1.0,29,5.534105
1.0,26,5.536828
1.0,27,5.539628
1.0,31,5.542897
1.0,28,5.545781
1.0,27,5.548572
1.0,28,5.551465
1.0,33,5.554876
1.0,27,5.557673
1.0,31,5.560863
1.0,27,5.563917
0.0,9,5.564871
1.0,31,5.568066
1.0,26,5.570762
0.0,8,5.571892
0.0,21,5.574063
1.0,27,5.576852
1.0,25,5.5798
1.0,32,5.583127
1.0,27,5.585933
1.0,32,5.589231
0.0,6,5.589884
1.0,29,5.593063
0.0,22,5.595336
1.0,29,5.598771
1.0,29,5.601805
0.0,15,5.603373
1.0,29,5.606372
0.0,9,5.607323
1.0,25,5.609959
1.0,25,5.612939
1.0,27,5.615736
0.0,11,5.616903
1.0,25,5.619606
1.0,25,5.622209
0.0,4,5.622644
1.0,27,5.625424
1.0,27,5.628217
1.0,26,5.630899
1.0,25,5.633502
1.0,25,5.636103
1.0,29,5.639094
1.0,32,5.64239
1.0,31,5.645583
0.0,24,5.648175
1.0,27,5.651034
1.0,30,5.654127
1.0,27,5.656997
1.0,29,5.66002
1.0,32,5.663305
0.0,19,5.66529
0.0,12,5.666548
1.0,25,5.669139
1.0,31,5.672405
1.0,32,5.675705
1.0,27,5.678708
1.0,26,5.681455
1.0,28,5.684353
1.0,31,5.687634
0.0,17,5.689397
1.0,27,5.69218
1.0,29,5.69524
0.0,19,5.697225
1.0,25,5.699967
1.0,28,5.703134
1.0,27,5.706753
1.0,37,5.710562
1.0,27,5.713367
1.0,25,5.715964
0.0,13,5.71731
1.0,28,5.720382
0.0,21,5.722649
1.0,25,5.725243
1.0,32,5.728556
1.0,32,5.731953
1.0,25,5.734548
1.0,33,5.737935
0.0,6,5.738575
1.0,29,5.741569
1.0,27,5.744359
1.0,30,5.747456
1.0,25,5.750033
0.0,21,5.7522
0.0,13,5.753554
1.0,29,5.756543
1.0,30,5.759643
0.0,4,5.760081
0.0,4,5.760523
1.0,27,5.763304
1.0,31,5.76649
1.0,34,5.770062
1.0,27,5.772851
1.0,29,5.775846
0.0,24,5.778344
1.0,30,5.781435
1.0,30,5.784767
1.0,29,5.787766
1.0,28,5.790647
1.0,27,5.793477
1.0,27,5.796268
1.0,28,5.799157
0.0,9,5.800108
0.0,24,5.802584
1.0,32,5.805871
1.0,25,5.808651
1.0,27,5.811981
1.0,25,5.814581
1.0,31,5.817975
0.0,4,5.818418
1.0,30,5.821594
1.0,27,5.824426
0.0,23,5.826804
1.0,28,5.829695
1.0,34,5.833184
1.0,26,5.835874
1.0,28,5.838761
1.0,29,5.841846
0.0,11,5.842999
1.0,25,5.845666
0.0,16,5.847333
1.0,29,5.850331
1.0,29,5.853323
1.0,27,5.856126
1.0,25,5.858721
1.0,27,5.861517
1.0,25,5.864107
0.0,10,5.865153
1.0,31,5.868338
1.0,27,5.871118
1.0,27,5.87392
0.0,11,5.875078
1.0,27,5.877894
1.0,27,5.880692
1.0,25,5.883341
1.0,27,5.88614
1.0,29,5.8895
1.0,29,5.892583
1.0,25,5.895187
1.0,29,5.898249
1.0,27,5.901058
1.0,27,5.90386
1.0,30,5.906961
1.0,29,5.910153
1.0,32,5.913617
1.0,25,5.917111
1.0,30,5.92088
1.0,27,5.924072
1.0,25,5.926657
1.0,29,5.929671
1.0,33,5.933368
1.0,25,5.935975
1.0,28,5.938879
1.0,27,5.94193
1.0,26,5.944628
1.0,28,5.947524
1.0,28,5.950409
1.0,29,5.953403
1.0,27,5.956197
1.0,32,5.959565
1.0,29,5.962562
1.0,27,5.96535
1.0,27,5.968153
0.0,19,5.970142
0.0,11,5.971296
1.0,27,5.974087
1.0,25,5.976675
1.0,29,5.979667
1.0,29,5.982657
1.0,27,5.985447
1.0,25,5.988038
1.0,28,5.990937
1.0,25,5.99353
1.0,27,5.996588
1.0,27,5.999365
1.0,28,6.002261
1.0,25,6.004865
1.0,33,6.008262
1.0,28,6.011148
1.0,27,6.01393
1.0,25,6.016514
1.0,27,6.019434
0.0,6,6.020334
0.0,14,6.022301
1.0,27,6.026041
1.0,31,6.029338
0.0,6,6.029978
1.0,29,6.032994
1.0,28,6.035967
1.0,25,6.03856
0.0,7,6.039454
0.0,13,6.040923
1.0,26,6.043618
0.0,20,6.045689
1.0,25,6.048339
1.0,31,6.051533
1.0,30,6.054728
1.0,26,6.057459
1.0,27,6.060389
1.0,25,6.063304
1.0,28,6.066211
1.0,29,6.069208
0.0,9,6.07016
1.0,27,6.073029
1.0,29,6.076022
0.0,11,6.07718
1.0,30,6.080542
0.0,21,6.082726
1.0,27,6.085516
1.0,25,6.088098
1.0,25,6.090679
1.0,30,6.093764
1.0,32,6.097045
1.0,29,6.100044
0.0,12,6.101519
0.0,4,6.101973
0.0,13,6.103318
1.0,25,6.105905
1.0,25,6.108505
1.0,27,6.11136
1.0,25,6.11399
1.0,28,6.116887
1.0,31,6.12009
1.0,26,6.122768
1.0,25,6.12536
1.0,27,6.128707
0.0,9,6.129894
1.0,29,6.132916
1.0,27,6.135715
1.0,25,6.138306
1.0,30,6.141391
1.0,32,6.144698
0.0,10,6.145759
1.0,31,6.14939
1.0,30,6.152497
0.0,4,6.152937
1.0,29,6.155951
1.0,33,6.159337
1.0,25,6.161974
1.0,35,6.165561
1.0,25,6.168156
0.0,6,6.168795
1.0,28,6.171704
1.0,26,6.174393
1.0,29,6.177398
1.0,32,6.180705
1.0,33,6.184092
1.0,27,6.186953
1.0,27,6.189748
1.0,35,6.193341
1.0,27,6.196154
0.0,19,6.198123
1.0,28,6.201013
1.0,29,6.204018
1.0,32,6.207543
1.0,26,6.210233
1.0,25,6.212833
1.0,27,6.215628
1.0,25,6.218269
1.0,27,6.221309
1.0,27,6.224217
0.0,6,6.22486
1.0,25,6.227462
1.0,26,6.230159
1.0,25,6.232854
0.0,11,6.234207
1.0,27,6.237
1.0,35,6.240807
0.0,8,6.241671
1.0,26,6.244376
1.0,29,6.247361
0.0,21,6.249542
1.0,26,6.252288
0.0,19,6.254258
1.0,25,6.256843
1.0,33,6.260306
1.0,27,6.2631
0.0,12,6.264385
1.0,25,6.266973
0.0,8,6.267824
1.0,32,6.271104
0.0,16,6.272767
1.0,27,6.275565
1.0,26,6.278252
1.0,30,6.281338
1.0,29,6.284332
1.0,27,6.287114
1.0,29,6.290106
1.0,27,6.292915
1.0,25,6.295512
1.0,25,6.298129
1.0,27,6.300922
1.0,28,6.303812
1.0,27,6.306607
1.0,27,6.309415
1.0,28,6.312499
1.0,27,6.315289
1.0,28,6.318182
1.0,27,6.320973
1.0,30,6.32411
1.0,30,6.327484
0.0,4,6.327927
1.0,30,6.331025
1.0,28,6.33392
1.0,29,6.336993
1.0,29,6.340279
1.0,27,6.343088
1.0,25,6.345675
0.0,23,6.348372
0.0,8,6.349221
0.0,15,6.350788
1.0,25,6.35339
1.0,27,6.356184
1.0,27,6.359035
1.0,27,6.361826
1.0,29,6.364826
1.0,32,6.368142
1.0,27,6.370926
1.0,29,6.374011
1.0,31,6.377251
1.0,27,6.380047
0.0,11,6.381204
0.0,19,6.383178
1.0,31,6.386384
0.0,6,6.387027
1.0,28,6.389915
1.0,27,6.392704
1.0,29,6.395704
1.0,27,6.398492
1.0,25,6.40109
0.0,19,6.403057
1.0,29,6.406064
1.0,32,6.409369
0.0,8,6.410219
1.0,26,6.412939
0.0,12,6.41419
1.0,27,6.41718
1.0,32,6.42058
1.0,27,6.423632
1.0,25,6.426255
1.0,25,6.428879
1.0,25,6.431461
1.0,27,6.434265
1.0,28,6.437372
1.0,26,6.440181
1.0,29,6.443444
1.0,29,6.446481
1.0,25,6.449152
0.0,6,6.449795
1.0,25,6.452384
1.0,27,6.455346
1.0,30,6.458567
1.0,28,6.461478
1.0,25,6.464078
0.0,21,6.466267
1.0,31,6.469544
1.0,39,6.473548
1.0,25,6.476155
0.0,17,6.477966
0.0,22,6.48024
1.0,31,6.483436
0.0,21,6.485626
1.0,28,6.488598
1.0,27,6.491403
1.0,28,6.4945
1.0,27,6.497345
1.0,33,6.50076
1.0,28,6.503668
1.0,29,6.506655
1.0,28,6.509606
1.0,30,6.512698
1.0,27,6.515493
0.0,6,6.516142
1.0,33,6.519618
1.0,29,6.522833
1.0,25,6.525505
1.0,34,6.52901
0.0,24,6.531491
1.0,25,6.534119
1.0,31,6.537317
1.0,28,6.540207
1.0,30,6.543296
1.0,30,6.546603
1.0,27,6.549659
1.0,29,6.552663
1.0,32,6.555966
1.0,31,6.559178
1.0,26,6.562183
1.0,27,6.565017
0.0,15,6.566794
1.0,27,6.569605
0.0,4,6.570044
1.0,27,6.572844
1.0,26,6.57554
1.0,29,6.578781
1.0,31,6.581992
0.0,9,6.582937
1.0,25,6.58552
1.0,25,6.58811
1.0,36,6.591835
1.0,26,6.594535
1.0,29,6.597524
1.0,25,6.600172
1.0,27,6.602963
1.0,27,6.60576
1.0,31,6.608961
0.0,11,6.610122
1.0,30,6.613281
1.0,27,6.616087
0.0,6,6.61673
0.0,11,6.617882
1.0,28,6.620773
1.0,27,6.623579
1.0,29,6.62656
1.0,25,6.629425
1.0,27,6.632275
1.0,26,6.635048
0.0,21,6.637239
1.0,32,6.64066
1.0,29,6.643676
1.0,32,6.64698
0.0,6,6.647627
0.0,23,6.65001
0.0,6,6.650645
1.0,27,6.653734
0.0,15,6.655811
1.0,27,6.658619
1.0,25,6.661218
1.0,29,6.664227
0.0,21,6.6664
1.0,27,6.669329
1.0,29,6.672419
1.0,26,6.675316
1.0,31,6.67857
1.0,25,6.681175
1.0,30,6.684276
1.0,25,6.686891
1.0,30,6.690007
1.0,28,6.692899
1.0,26,6.695599
0.0,11,6.696755
1.0,29,6.699791
1.0,25,6.70238
1.0,27,6.70518
0.0,8,6.706027
1.0,26,6.708719
0.0,19,6.710699
0.0,8,6.71155
1.0,28,6.714474
1.0,31,6.717679
1.0,25,6.720275
1.0,27,6.723066
1.0,27,6.725857
1.0,27,6.728652
1.0,32,6.731945
0.0,6,6.732585
0.0,4,6.733217
0.0,23,6.735626
1.0,30,6.738709
0.0,9,6.739656
0.0,15,6.741206
1.0,25,6.743875
1.0,25,6.746473
1.0,25,6.749068
1.0,26,6.751834
0.0,21,6.754016
1.0,25,6.756614
1.0,27,6.759418
0.0,6,6.760076
1.0,26,6.763304
0.0,15,6.765188
1.0,26,6.767993
1.0,27,6.770789
1.0,26,6.773505
1.0,29,6.776513
1.0,31,6.779724
0.0,11,6.780892
1.0,25,6.78347
1.0,29,6.786462
0.0,24,6.788981
1.0,28,6.79188
1.0,32,6.795376
1.0,27,6.798248
1.0,29,6.801258
0.0,21,6.803444
1.0,26,6.806146
1.0,28,6.80905
1.0,28,6.812183
1.0,31,6.815532
1.0,27,6.818391
0.0,6,6.819042
1.0,27,6.821894
1.0,30,6.825086
0.0,19,6.827107
1.0,27,6.829928
1.0,25,6.832541
1.0,29,6.835546
1.0,30,6.838635
1.0,27,6.841665
1.0,25,6.844251
1.0,25,6.846845
1.0,29,6.849862
1.0,30,6.853222
0.0,8,6.854107
1.0,31,6.857385
1.0,25,6.85998
1.0,25,6.862688
1.0,31,6.866185
1.0,26,6.86889
1.0,30,6.872107
1.0,31,6.875413
1.0,28,6.878313
1.0,29,6.881325
0.0,6,6.881968
0.0,8,6.882816
0.0,8,6.883665
1.0,28,6.886573
1.0,25,6.88917
1.0,27,6.891976
1.0,28,6.894874
1.0,26,6.897549
0.0,20,6.899631
1.0,29,6.902666
1.0,26,6.905357
1.0,32,6.908641
1.0,25,6.911232
1.0,26,6.913917
1.0,27,6.916718
1.0,31,6.919934
1.0,25,6.922525
0.0,18,6.924722
0.0,19,6.926702
1.0,28,6.9296
1.0,25,6.93219
0.0,13,6.933558
1.0,25,6.936154
1.0,27,6.938956
1.0,29,6.94218
1.0,27,6.945283
0.0,4,6.94572
1.0,25,6.948305
1.0,28,6.95119
1.0,31,6.954384
1.0,25,6.957014
1.0,25,6.959908
1.0,29,6.962904
0.0,22,6.965187
1.0,25,6.967792
1.0,32,6.971213
1.0,25,6.973931
1.0,27,6.976723
1.0,30,6.980014
1.0,26,6.982742
1.0,29,6.985732
1.0,34,6.989244
1.0,28,6.992147
1.0,30,6.995232
0.0,17,6.996995
1.0,28,6.99989
1.0,31,7.00308
1.0,27,7.005879
1.0,27,7.008665
1.0,26,7.011339
0.0,6,7.011981
0.0,8,7.012824
1.0,29,7.015858
1.0,25,7.018448
1.0,29,7.021441
1.0,25,7.024035
1.0,32,7.027328
1.0,29,7.030328
1.0,29,7.033327
1.0,27,7.03612
0.0,6,7.036764
1.0,25,7.039342
1.0,30,7.042428
1.0,31,7.045629
1.0,28,7.048537
1.0,25,7.051362
1.0,29,7.05439
1.0,25,7.056979
1.0,28,7.059895
1.0,27,7.062937
0.0,4,7.063375
1.0,27,7.066211
1.0,25,7.069017
1.0,31,7.072217
1.0,27,7.075004
1.0,25,7.078236
1.0,31,7.081433
1.0,27,7.084229
0.0,16,7.085907
1.0,28,7.088976
0.0,4,7.089419
0.0,13,7.090783
1.0,29,7.093826
1.0,29,7.096826
1.0,26,7.099522
1.0,27,7.102327
1.0,31,7.105517
0.0,8,7.106368
1.0,26,7.109069
1.0,29,7.112072
1.0,28,7.114976
1.0,33,7.118375
1.0,30,7.121461
1.0,28,7.124362
1.0,30,7.127467
0.0,6,7.128117
1.0,29,7.131129
1.0,28,7.13405
0.0,6,7.134695
1.0,25,7.137289
0.0,8,7.138138
1.0,28,7.141155
1.0,33,7.144658
1.0,29,7.147656
1.0,26,7.150341
1.0,27,7.153139
1.0,31,7.156539
1.0,27,7.15935
1.0,28,7.162283
1.0,28,7.165211
1.0,25,7.167869
1.0,29,7.170854
1.0,29,7.173864
1.0,30,7.17696
1.0,27,7.179966
0.0,4,7.180409
1.0,28,7.183557
1.0,28,7.186448
1.0,34,7.189966
1.0,27,7.192769
1.0,25,7.195354
1.0,25,7.19797
0.0,11,7.199327
0.0,13,7.200698
1.0,27,7.203523
1.0,27,7.206372
1.0,27,7.209171
1.0,25,7.211769
1.0,33,7.215182
1.0,27,7.21799
0.0,21,7.220172
0.0,4,7.22061
1.0,27,7.223407
1.0,26,7.226099
1.0,27,7.228904
1.0,29,7.231889
1.0,29,7.234886
1.0,29,7.237958
1.0,28,7.2409
1.0,28,7.243835
1.0,25,7.246421
1.0,27,7.249218
1.0,26,7.251915
1.0,25,7.25452
1.0,32,7.25782
1.0,28,7.260927
0.0,6,7.261576
1.0,32,7.264885
0.0,17,7.266655
1.0,28,7.269563
1.0,29,7.272599
1.0,28,7.275494
1.0,27,7.278286
0.0,27,7.281112
0.0,4,7.281552
1.0,29,7.284551
1.0,25,7.287694
1.0,25,7.290581
1.0,29,7.29361
1.0,27,7.296408
1.0,38,7.300297
1.0,29,7.303296
1.0,27,7.306111
1.0,29,7.309134
1.0,31,7.312345
0.0,7,7.313086
1.0,37,7.316879
0.0,17,7.318693
1.0,31,7.321895
1.0,25,7.324493
1.0,29,7.327494
1.0,26,7.330184
1.0,32,7.333477
0.0,13,7.334849
1.0,29,7.337842
1.0,27,7.340631
1.0,30,7.343729
0.0,9,7.344682
0.0,17,7.346449
1.0,29,7.349438
1.0,29,7.352456
0.0,11,7.353611
1.0,28,7.35654
1.0,25,7.359159
1.0,27,7.361956
1.0,29,7.365199
1.0,27,7.368009
1.0,25,7.370604
1.0,33,7.374013
1.0,31,7.377424
0.0,17,7.379259
1.0,27,7.382077
0.0,28,7.384975
1.0,26,7.38767
0.0,19,7.389655
1.0,30,7.393027
1.0,29,7.396107
1.0,32,7.399621
1.0,29,7.402625
1.0,28,7.405534
1.0,29,7.408541
1.0,28,7.411441
1.0,29,7.414462
0.0,9,7.415416
0.0,8,7.416267
0.0,13,7.417631
0.0,17,7.419397
0.0,9,7.420345
1.0,27,7.423224
1.0,27,7.426224
1.0,26,7.428912
0.0,24,7.431437
1.0,28,7.434329
0.0,4,7.434768
1.0,25,7.437354
1.0,28,7.440528
1.0,32,7.443823
1.0,27,7.446619
1.0,28,7.449521
1.0,27,7.452319
1.0,27,7.455113
1.0,27,7.457907
0.0,13,7.459265
1.0,26,7.461967
1.0,28,7.46487
0.0,21,7.467051
0.0,15,7.468631
1.0,28,7.471793
1.0,26,7.474476
1.0,27,7.477272
1.0,36,7.481023
1.0,27,7.483893
1.0,25,7.486763
1.0,27,7.48957
1.0,25,7.492173
0.0,19,7.494168
1.0,29,7.497457
1.0,27,7.500262
1.0,25,7.502873
1.0,29,7.506079
1.0,31,7.509344
1.0,29,7.512349
1.0,27,7.515142
1.0,31,7.518355
1.0,25,7.52096
1.0,29,7.523962
1.0,29,7.526974
1.0,25,7.529567
1.0,27,7.532362
1.0,25,7.534956
1.0,36,7.538655
0.0,8,7.539502
1.0,25,7.542094
1.0,28,7.545029
0.0,17,7.546798
1.0,25,7.549389
0.0,17,7.551165
1.0,31,7.554367
1.0,29,7.557371
1.0,26,7.560072
1.0,29,7.563336
1.0,31,7.566536
1.0,30,7.569638
0.0,6,7.570283
1.0,27,7.573085
0.0,6,7.573739
1.0,26,7.576765
1.0,26,7.579724
1.0,29,7.582754
1.0,26,7.58545
1.0,27,7.588296
1.0,27,7.59111
1.0,29,7.594393
1.0,25,7.59699
1.0,29,7.600002
0.0,13,7.601433
1.0,30,7.604745
1.0,28,7.607651
1.0,28,7.610553
1.0,25,7.613446
1.0,29,7.616455
0.0,8,7.617307
1.0,29,7.620331
1.0,25,7.62293
1.0,28,7.625874
0.0,4,7.626312
1.0,25,7.628912
0.0,8,7.629762
1.0,27,7.632544
0.0,14,7.634009
0.0,21,7.636191
1.0,39,7.640208
1.0,25,7.642808
1.0,25,7.645406
1.0,25,7.647997
0.0,10,7.649052
1.0,26,7.651857
1.0,27,7.654664
1.0,27,7.657466
1.0,25,7.6601
1.0,25,7.662705
1.0,27,7.665509
1.0,27,7.668308
0.0,8,7.669152
1.0,26,7.671843
1.0,30,7.674943
1.0,29,7.677938
1.0,28,7.681105
0.0,6,7.681754
1.0,25,7.684354
1.0,29,7.687374
1.0,29,7.690382
1.0,25,7.693028
0.0,6,7.693676
1.0,26,7.696404
1.0,27,7.699335
1.0,27,7.702242
1.0,28,7.705178
1.0,27,7.708233
1.0,31,7.711448
1.0,31,7.714668
1.0,27,7.717472
0.0,4,7.717919
0.0,15,7.719778
1.0,29,7.722882
1.0,27,7.725674
1.0,28,7.728575
1.0,29,7.731566
0.0,23,7.733995
1.0,31,7.737186
1.0,29,7.74038
1.0,27,7.743265
0.0,8,7.744123
1.0,28,7.747005
1.0,34,7.750501
1.0,30,7.753598
1.0,27,7.756392
0.0,9,7.757351
1.0,33,7.760745
0.0,11,7.761906
0.0,11,7.763053
1.0,27,7.765846
1.0,31,7.769046
1.0,28,7.771971
0.0,13,7.773332
1.0,28,7.776235
0.0,27,7.779006
1.0,25,7.781593
1.0,27,7.78439
1.0,31,7.787856
1.0,29,7.790842
0.0,9,7.791795
1.0,28,7.794671
1.0,27,7.797496
0.0,17,7.799274
0.0,8,7.800126
1.0,28,7.803019
1.0,33,7.806418
0.0,19,7.808394
1.0,28,7.811533
1.0,27,7.81469
1.0,30,7.817798
1.0,29,7.820803
1.0,28,7.823701
1.0,33,7.827092
0.0,21,7.829275
1.0,27,7.832278
1.0,29,7.835377
1.0,30,7.838481
1.0,29,7.841488
1.0,25,7.844085
1.0,26,7.846817
0.0,11,7.847971
1.0,28,7.850851
1.0,32,7.854137
1.0,29,7.857146
1.0,30,7.860239
0.0,6,7.86088
1.0,27,7.863683
1.0,37,7.867488
1.0,27,7.870279
0.0,4,7.870713
1.0,28,7.873671
1.0,32,7.877014
0.0,22,7.879328
1.0,25,7.881976
1.0,30,7.885153
1.0,25,7.887799
1.0,30,7.891065
1.0,27,7.893945
1.0,27,7.896802
1.0,27,7.899646
1.0,25,7.902271
1.0,29,7.90527
0.0,17,7.907042
1.0,34,7.910541
1.0,27,7.913349
1.0,31,7.916554
0.0,4,7.916993
0.0,25,7.919859
1.0,28,7.923494
1.0,25,7.926199
1.0,32,7.92971
1.0,27,7.932645
1.0,29,7.935656
1.0,25,7.938252
1.0,27,7.941262
1.0,25,7.943872
1.0,26,7.946565
0.0,2,7.946796
0.0,23,7.949176
0.0,8,7.950027
1.0,27,7.952827
1.0,31,7.956021
1.0,27,7.958836
1.0,27,7.961669
1.0,29,7.96467
1.0,35,7.968255
1.0,33,7.971649
1.0,33,7.975049
1.0,27,7.977844
1.0,25,7.980439
0.0,14,7.98191
0.0,4,7.982349
1.0,30,7.985445
1.0,35,7.989031
0.0,6,7.989676
0.0,4,7.990113
1.0,33,7.993515
0.0,24,7.995992
1.0,32,7.999613
1.0,25,8.002206
1.0,28,8.00509
1.0,31,8.008337
1.0,27,8.011136
1.0,25,8.013721
1.0,27,8.016526
1.0,27,8.019534
1.0,28,8.022453
1.0,25,8.025614
1.0,27,8.028417
0.0,13,8.029771
1.0,28,8.032666
0.0,13,8.034026
1.0,31,8.037264
0.0,8,8.038173
1.0,27,8.041104
1.0,32,8.044541
1.0,28,8.047454
1.0,28,8.050364
1.0,29,8.053375
1.0,31,8.056591
0.0,8,8.057444
1.0,27,8.060256
1.0,27,8.063422
1.0,27,8.066221
1.0,29,8.069225
1.0,26,8.071929
1.0,27,8.074769
0.0,6,8.075417
0.0,17,8.077189
0.0,10,8.078546
1.0,29,8.081548
1.0,25,8.084153
0.0,22,8.086454
1.0,28,8.089345
1.0,29,8.09236
1.0,25,8.094951
1.0,31,8.098155
0.0,28,8.101056
1.0,29,8.104398
1.0,29,8.107395
1.0,29,8.110393
1.0,33,8.113872
1.0,31,8.117082
1.0,29,8.120101
1.0,29,8.123102
1.0,31,8.126297
1.0,27,8.129113
1.0,29,8.132766
1.0,26,8.135817
1.0,29,8.138855
0.0,17,8.140748
0.0,8,8.141682
1.0,28,8.144668
1.0,27,8.147471
0.0,13,8.148846
1.0,28,8.151788
0.0,17,8.153568
1.0,35,8.157177
1.0,27,8.159985
1.0,25,8.162613
1.0,28,8.165515
1.0,26,8.168227
1.0,30,8.171395
1.0,26,8.174092
1.0,29,8.177089
0.0,9,8.178042
1.0,25,8.180635
1.0,27,8.183437
1.0,27,8.186228
1.0,36,8.18996
1.0,25,8.192554
1.0,28,8.195444
1.0,27,8.19823
1.0,26,8.200932
1.0,27,8.203727
1.0,25,8.206313
1.0,29,8.209532
0.0,13,8.2109
1.0,25,8.21353
1.0,27,8.216339
0.0,21,8.218511
1.0,35,8.222124
1.0,27,8.224948
1.0,32,8.228251
1.0,27,8.231248
1.0,29,8.234344
1.0,36,8.238483
1.0,28,8.241388
1.0,25,8.243986
1.0,26,8.246694
1.0,30,8.249861
1.0,29,8.253036
1.0,27,8.255835
1.0,29,8.258835
1.0,26,8.261531
1.0,30,8.2652
1.0,27,8.268131
1.0,27,8.270913
1.0,27,8.273777
1.0,31,8.276973
1.0,29,8.28005
1.0,29,8.283039
1.0,28,8.285944
1.0,25,8.288565
0.0,11,8.289722
1.0,32,8.293014
1.0,27,8.295819
1.0,29,8.298812
1.0,25,8.301521
1.0,28,8.304406
1.0,30,8.307498
0.0,21,8.309681
1.0,27,8.312468
1.0,30,8.315799
1.0,25,8.318395
1.0,28,8.32129
0.0,11,8.322452
1.0,31,8.325672
1.0,27,8.328474
1.0,29,8.331464
1.0,28,8.334364
1.0,25,8.337004
1.0,27,8.340172
1.0,26,8.342926
1.0,25,8.3457
0.0,11,8.346857
0.0,6,8.347524
0.0,8,8.348395
1.0,27,8.351401
0.0,6,8.352083
0.0,4,8.352522
1.0,28,8.35543
1.0,29,8.35851
1.0,28,8.361399
1.0,35,8.365112
1.0,26,8.367807
0.0,8,8.36866
0.0,15,8.370218
1.0,29,8.373209
1.0,28,8.376251
0.0,4,8.376687
1.0,25,8.379271
1.0,28,8.382155
1.0,27,8.384949
1.0,28,8.387831
1.0,27,8.390619
1.0,25,8.393257
1.0,29,8.396245
1.0,25,8.398835
1.0,27,8.401628
0.0,6,8.402263
0.0,13,8.403621
1.0,29,8.406616
1.0,27,8.409405
1.0,27,8.412202
1.0,27,8.415058
1.0,25,8.417648
1.0,27,8.420679
1.0,28,8.423748
1.0,28,8.426772
1.0,25,8.429362
0.0,15,8.431023
1.0,29,8.434014
1.0,26,8.436702
1.0,29,8.440108
0.0,19,8.442076
1.0,31,8.445424
1.0,31,8.448688
1.0,25,8.451278
1.0,27,8.45416
1.0,35,8.457807
1.0,33,8.461401
1.0,26,8.464251
0.0,24,8.466728
1.0,35,8.470477
1.0,25,8.473065
1.0,27,8.475852
1.0,27,8.478668
1.0,32,8.481951
1.0,32,8.485238
0.0,29,8.488261
1.0,32,8.49166
1.0,28,8.494555
0.0,9,8.495506
1.0,30,8.498584
0.0,21,8.500765
1.0,33,8.50415
1.0,25,8.506729
1.0,25,8.509316
1.0,34,8.512798
1.0,29,8.515793
1.0,25,8.518382
1.0,30,8.521465
1.0,26,8.524147
1.0,26,8.52717
1.0,26,8.529889
0.0,13,8.531256
1.0,27,8.534045
1.0,25,8.536742
1.0,25,8.539326
1.0,32,8.542614
1.0,33,8.546008
1.0,27,8.548905
0.0,4,8.549428
1.0,27,8.552356
1.0,31,8.55579
0.0,17,8.557554
1.0,25,8.560389
1.0,30,8.563802
1.0,26,8.566589
1.0,25,8.56921
0.0,8,8.570054
1.0,27,8.572837
1.0,30,8.575915
1.0,29,8.579177
1.0,34,8.582691
0.0,10,8.583753
1.0,25,8.586336
1.0,25,8.588931
1.0,30,8.592021
0.0,8,8.592869
0.0,6,8.593508
1.0,27,8.596288
1.0,25,8.598869
1.0,29,8.601855
1.0,27,8.604717
1.0,27,8.607504
1.0,27,8.610298
1.0,25,8.612957
1.0,27,8.615743
1.0,29,8.618765
1.0,29,8.621756
1.0,28,8.624636
0.0,8,8.625482
1.0,25,8.628064
1.0,31,8.631551
1.0,27,8.634359
1.0,29,8.637353
1.0,25,8.639938
1.0,30,8.643216
0.0,21,8.645428
1.0,25,8.648478
1.0,27,8.651262
1.0,28,8.654174
1.0,26,8.656887
0.0,8,8.657729
0.0,19,8.659796
0.0,21,8.661994
0.0,10,8.663263
1.0,29,8.66629
1.0,29,8.669441
1.0,25,8.672291
1.0,29,8.675282
1.0,28,8.678311
1.0,26,8.681088
1.0,26,8.68381
0.0,23,8.686215
1.0,25,8.688802
1.0,25,8.691382
1.0,31,8.694583
1.0,25,8.697209
1.0,25,8.699793
1.0,29,8.702773
1.0,31,8.705963
1.0,25,8.708545
1.0,28,8.711437
1.0,28,8.714322
1.0,26,8.717044
1.0,36,8.720724
1.0,27,8.723521
1.0,31,8.726717
0.0,20,8.728786
1.0,27,8.731581
0.0,13,8.732939
1.0,29,8.736113
1.0,25,8.738703
1.0,28,8.74163
0.0,20,8.743701
1.0,29,8.746796
1.0,27,8.749573
1.0,27,8.752361
0.0,11,8.753513
1.0,27,8.756373
1.0,27,8.759381
0.0,19,8.761359
1.0,26,8.764179
1.0,26,8.766966
1.0,25,8.769595
1.0,29,8.772624
1.0,29,8.775651
0.0,13,8.777007
1.0,27,8.779953
1.0,34,8.783534
1.0,30,8.7867
1.0,27,8.789556
0.0,6,8.790197
1.0,35,8.793855
1.0,29,8.796966
1.0,27,8.799801
0.0,19,8.80178
1.0,27,8.804575
1.0,29,8.807571
0.0,20,8.809676
0.0,32,8.812953
1.0,29,8.81595
1.0,29,8.818942
1.0,30,8.822027
0.0,6,8.822673
1.0,28,8.825558
0.0,10,8.826605
1.0,27,8.829432
1.0,27,8.832229
1.0,27,8.83501
0.0,28,8.8379
1.0,28,8.841061
1.0,31,8.844329
1.0,26,8.847013
1.0,31,8.850208
1.0,29,8.853515
1.0,27,8.856435
1.0,26,8.85915
1.0,27,8.861945
1.0,31,8.865133
1.0,29,8.868318
1.0,31,8.871539
1.0,27,8.874485
1.0,36,8.87828
1.0,25,8.880954
1.0,27,8.883745
1.0,32,8.887064
1.0,29,8.890056
0.0,4,8.890493
1.0,25,8.893112
1.0,27,8.895913
1.0,25,8.898532
0.0,10,8.899579
1.0,33,8.90297
1.0,28,8.905996
0.0,21,8.908165
1.0,31,8.911356
1.0,25,8.913944
0.0,17,8.91571
0.0,6,8.916353
1.0,26,8.91903
1.0,31,8.922222
1.0,26,8.925247
1.0,30,8.928333
1.0,27,8.93112
1.0,29,8.934115
1.0,29,8.937244
1.0,29,8.940479
1.0,27,8.943344
1.0,25,8.945935
1.0,26,8.948966
1.0,27,8.952084
0.0,6,8.952729
0.0,21,8.954903
1.0,27,8.957859
1.0,25,8.960447
0.0,17,8.96221
1.0,25,8.964806
1.0,28,8.967691
1.0,28,8.9706
0.0,21,8.972985
1.0,25,8.975644
1.0,25,8.978262
1.0,25,8.980991
1.0,29,8.984129
1.0,26,8.986846
1.0,37,8.990672
1.0,28,8.993558
1.0,27,8.996734
1.0,27,8.999562
1.0,28,9.00245
1.0,33,9.005854
1.0,31,9.009089
1.0,31,9.012286
1.0,35,9.015875
1.0,27,9.018743
1.0,28,9.02164
1.0,31,9.02484
1.0,28,9.027738
0.0,11,9.028897
1.0,29,9.031897
1.0,27,9.034735
1.0,26,9.037429
1.0,27,9.040226
1.0,28,9.043126
0.0,17,9.044892
1.0,31,9.048088
1.0,29,9.051087
0.0,9,9.052291
0.0,10,9.05335
0.0,6,9.053984
1.0,31,9.057259
1.0,25,9.059866
1.0,25,9.0626
1.0,28,9.065552
0.0,21,9.068004
1.0,28,9.07089
0.0,10,9.071987
1.0,27,9.074822
1.0,25,9.077463
1.0,29,9.080724
1.0,27,9.083526
1.0,27,9.08632
1.0,26,9.089264
1.0,27,9.092095
0.0,11,9.093255
1.0,27,9.096197
1.0,26,9.098884
1.0,29,9.101876
1.0,29,9.104911
1.0,25,9.107503
1.0,27,9.110302
1.0,27,9.113094
0.0,19,9.115101
0.0,21,9.117274
1.0,32,9.120561
1.0,34,9.124058
0.0,10,9.125102
1.0,27,9.127891
0.0,17,9.129663
0.0,9,9.13061
1.0,27,9.133429
0.0,27,9.1362
1.0,27,9.138986
1.0,25,9.14158
1.0,30,9.144683
1.0,25,9.147263
1.0,26,9.149955
1.0,29,9.152941
0.0,19,9.154919
1.0,32,9.158439
1.0,27,9.161273
1.0,27,9.164107
1.0,28,9.166991
1.0,28,9.170022
1.0,28,9.172912
0.0,19,9.174921
1.0,25,9.177825
1.0,28,9.180762
1.0,27,9.183658
1.0,31,9.18692
1.0,27,9.189785
1.0,33,9.193218
0.0,17,9.194983
0.0,6,9.19565
1.0,25,9.198422
1.0,27,9.201326
1.0,29,9.204399
1.0,31,9.207674
0.0,19,9.209642
1.0,25,9.21224
1.0,29,9.215228
1.0,27,9.218054
1.0,29,9.221102
0.0,27,9.223936
1.0,28,9.226859
1.0,29,9.229849
1.0,27,9.232642
1.0,31,9.235844
1.0,26,9.238631
1.0,27,9.241428
1.0,29,9.244412
1.0,25,9.247033
1.0,27,9.24984
1.0,27,9.252654
1.0,25,9.255249
0.0,6,9.255894
1.0,31,9.259079
1.0,27,9.261875
1.0,30,9.265176
0.0,11,9.26633
1.0,27,9.269111
1.0,25,9.271715
1.0,25,9.274405
1.0,26,9.277098
1.0,29,9.280089
1.0,26,9.282848
1.0,30,9.285946
1.0,25,9.288833
1.0,31,9.292255
0.0,4,9.292705
1.0,29,9.295753
1.0,30,9.299108
1.0,30,9.302202
0.0,9,9.303157
1.0,27,9.305977
1.0,31,9.309179
1.0,27,9.311972
1.0,25,9.314569
1.0,27,9.317365
1.0,29,9.320363
0.0,26,9.323111
1.0,27,9.325901
1.0,27,9.328699
0.0,8,9.32955
1.0,25,9.332139
0.0,12,9.333396
1.0,25,9.335989
0.0,15,9.337545
1.0,25,9.340136
0.0,6,9.340782
1.0,28,9.343685
0.0,8,9.344526
1.0,28,9.34741
1.0,26,9.350104
1.0,32,9.353394
1.0,33,9.356791
1.0,27,9.359651
0.0,6,9.360295
1.0,28,9.363172
1.0,27,9.365959
1.0,31,9.369418
1.0,33,9.372815
1.0,27,9.375603
1.0,29,9.37869
1.0,29,9.381684
1.0,33,9.385118
1.0,25,9.387999
0.0,21,9.390168
1.0,29,9.393188
1.0,31,9.396551
1.0,26,9.399232
0.0,9,9.400184
1.0,30,9.403263
1.0,27,9.406087
1.0,25,9.408812
1.0,29,9.411978
1.0,28,9.41486
1.0,28,9.417798
0.0,19,9.419766
0.0,19,9.421731
1.0,25,9.424568
0.0,8,9.42541
1.0,25,9.428035
0.0,21,9.430201
1.0,28,9.433096
1.0,27,9.435955
1.0,27,9.43878
1.0,27,9.441799
0.0,11,9.442955
0.0,4,9.443391
0.0,6,9.444032
1.0,26,9.446718
1.0,28,9.449605
1.0,27,9.452395
1.0,29,9.455386
1.0,27,9.45819
1.0,31,9.461391
1.0,27,9.464193
1.0,25,9.466784
1.0,27,9.469584
1.0,25,9.472248
1.0,29,9.475561
1.0,29,9.478558
1.0,27,9.481359
1.0,25,9.484055
1.0,25,9.486647
1.0,31,9.489837
1.0,29,9.492832
1.0,29,9.495836
1.0,25,9.49864
1.0,29,9.501761
0.0,8,9.502708
1.0,27,9.505517
0.0,12,9.506808
1.0,29,9.510128
1.0,30,9.513261
0.0,16,9.514947
1.0,25,9.517541
1.0,27,9.520332
1.0,27,9.523122
1.0,29,9.526113
1.0,27,9.528902
1.0,30,9.532001
1.0,25,9.534619
0.0,9,9.535665
1.0,27,9.538463
1.0,30,9.541571
1.0,27,9.54437
1.0,31,9.547985
1.0,28,9.550875
1.0,28,9.553798
0.0,13,9.555167
1.0,27,9.557966
1.0,25,9.560551
0.0,9,9.561507
1.0,28,9.564743
1.0,30,9.567832
1.0,27,9.570636
0.0,21,9.57282
1.0,27,9.575611
0.0,11,9.576766
1.0,27,9.579857
1.0,26,9.582542
0.0,19,9.584523
1.0,27,9.587377
1.0,27,9.590278
0.0,7,9.591023
1.0,25,9.593654
1.0,27,9.596445
1.0,27,9.599273
0.0,14,9.601045
1.0,29,9.604065
1.0,25,9.606718
1.0,29,9.609862
1.0,29,9.612976
1.0,29,9.615973
1.0,25,9.618567
1.0,31,9.622011
1.0,25,9.624682
0.0,13,9.626044
1.0,28,9.628973
1.0,27,9.631771
1.0,28,9.634706
1.0,25,9.637324
1.0,25,9.639962
1.0,27,9.642757
1.0,25,9.645379
1.0,28,9.648276
1.0,26,9.650968
1.0,31,9.65416
1.0,25,9.656751
0.0,11,9.657907
1.0,27,9.660775
0.0,13,9.662137
1.0,30,9.665224
0.0,21,9.667394
1.0,27,9.670191
0.0,20,9.672267
1.0,25,9.674959
1.0,26,9.67766
1.0,29,9.680655
1.0,25,9.683253
1.0,27,9.686296
1.0,33,9.689701
0.0,11,9.69089
0.0,25,9.693472
0.0,10,9.694619
1.0,28,9.697505
0.0,8,9.698353
1.0,25,9.701002
1.0,30,9.704111
0.0,11,9.705274
1.0,28,9.70835
0.0,9,9.709363
1.0,27,9.7122
1.0,29,9.715186
1.0,25,9.717891
1.0,29,9.720885
1.0,34,9.724421
1.0,28,9.727321
1.0,32,9.730825
1.0,25,9.733571
1.0,29,9.73671
1.0,26,9.739431
1.0,25,9.742064
1.0,33,9.745453
1.0,25,9.748079
0.0,9,9.749036
1.0,30,9.752128
1.0,36,9.755822
1.0,27,9.758696
1.0,27,9.761489
1.0,31,9.764681
1.0,26,9.767361
1.0,29,9.77036
1.0,27,9.77316
1.0,27,9.77607
1.0,25,9.778652
1.0,27,9.781451
1.0,27,9.784242
0.0,8,9.785091
1.0,29,9.7881
1.0,29,9.791328
1.0,25,9.793925
1.0,26,9.796617
0.0,24,9.799092
1.0,25,9.801811
0.0,19,9.804059
1.0,30,9.807142
0.0,11,9.8083
0.0,8,9.809179
0.0,12,9.810436
1.0,29,9.813515
1.0,28,9.816493
1.0,27,9.819335
1.0,27,9.822165
0.0,26,9.825074
0.0,19,9.8271
1.0,26,9.829943
1.0,30,9.833036
1.0,25,9.83574
1.0,29,9.838725
0.0,12,9.839981
0.0,11,9.841125
1.0,29,9.844184
1.0,25,9.846765
0.0,8,9.847621
1.0,26,9.850416
1.0,25,9.853006
1.0,27,9.855828
1.0,25,9.858483
1.0,31,9.861678
1.0,36,9.865449
1.0,27,9.868237
1.0,31,9.871423
1.0,33,9.874808
1.0,26,9.877493
1.0,32,9.88078
1.0,29,9.883771
1.0,25,9.886354
1.0,28,9.889311
1.0,25,9.891892
0.0,25,9.894673
1.0,25,9.897344
1.0,27,9.900143
1.0,27,9.902936
0.0,6,9.903582
1.0,27,9.906486
0.0,6,9.907129
1.0,30,9.910224
1.0,29,9.913216
1.0,29,9.916537
1.0,25,9.91913
1.0,27,9.922044
1.0,27,9.925385
1.0,27,9.928188
0.0,4,9.928627
1.0,26,9.931305
0.0,11,9.932454
1.0,30,9.935654
0.0,4,9.936196
1.0,32,9.939597
1.0,28,9.942776
0.0,4,9.943212
1.0,25,9.945931
1.0,27,9.948753
1.0,26,9.951435
1.0,36,9.955146
1.0,27,9.957938
1.0,25,9.960571
0.0,20,9.962632
1.0,29,9.965765
1.0,27,9.968564
1.0,27,9.971358
1.0,27,9.974151
1.0,32,9.977434
1.0,31,9.980625
1.0,29,9.983612
1.0,26,9.986299
1.0,25,9.988882
0.0,19,9.99086
1.0,29,9.993847
1.0,27,9.99664
1.0,27,9.999431
1.0,25,10.002288
1.0,28,10.005166
0.0,4,10.005605
1.0,27,10.008389
1.0,31,10.011681
1.0,29,10.014671
0.0,19,10.016646
1.0,25,10.019232
1.0,29,10.022223
1.0,25,10.024815
1.0,27,10.027844
1.0,27,10.030808
1.0,27,10.033621
1.0,27,10.036528
1.0,29,10.039688
0.0,4,10.040125
1.0,29,10.043147
1.0,25,10.045737
1.0,25,10.048329
1.0,28,10.051211
1.0,28,10.054101
1.0,27,10.056889
1.0,28,10.059786
1.0,27,10.062977
1.0,26,10.065669
1.0,35,10.069259
1.0,28,10.072138
1.0,31,10.075326
1.0,25,10.077997
0.0,4,10.078539
1.0,27,10.081463
1.0,25,10.084054
1.0,27,10.086833
0.0,19,10.088846
1.0,25,10.091433
1.0,30,10.09451
1.0,26,10.097194
1.0,27,10.099981
1.0,25,10.10257
1.0,31,10.105968
1.0,30,10.109072
1.0,25,10.111664
1.0,27,10.114516
1.0,36,10.118358
0.0,6,10.119007
1.0,27,10.121803
1.0,33,10.125398
0.0,11,10.126559
1.0,25,10.129146
1.0,27,10.132032
1.0,29,10.135122
1.0,28,10.138056
1.0,27,10.140894
1.0,31,10.144124
1.0,25,10.146817
1.0,32,10.150316
1.0,29,10.153351
1.0,26,10.156123
1.0,27,10.158916
1.0,27,10.161707
0.0,9,10.162758
1.0,30,10.165924
1.0,25,10.168515
1.0,25,10.171312
0.0,13,10.172712
1.0,25,10.175303
1.0,25,10.177967
1.0,31,10.181194
1.0,25,10.183786
1.0,27,10.186576
1.0,26,10.189256
1.0,25,10.19189
1.0,40,10.195993
1.0,27,10.198777
1.0,29,10.201767
1.0,29,10.204766
1.0,26,10.207493
1.0,27,10.210284
1.0,29,10.213565
1.0,25,10.216159
0.0,14,10.217614
1.0,30,10.220701
1.0,29,10.223907
1.0,29,10.227097
1.0,27,10.230043
1.0,27,10.232868
1.0,26,10.235569
0.0,9,10.236555
0.0,11,10.237704
0.0,21,10.239948
1.0,27,10.242735
0.0,10,10.243781
1.0,27,10.24685
1.0,26,10.249634
1.0,27,10.252466
1.0,25,10.25505
0.0,15,10.256598
1.0,31,10.259826
1.0,27,10.262612
1.0,25,10.265205
1.0,29,10.268264
1.0,27,10.271085
0.0,17,10.27286
0.0,11,10.274014
1.0,25,10.276603
1.0,29,10.279591
1.0,28,10.282476
0.0,6,10.283118
1.0,25,10.28571
1.0,26,10.28844
1.0,25,10.291036
1.0,25,10.293703
1.0,25,10.2963
0.0,21,10.298505
1.0,27,10.301302
1.0,25,10.304001
1.0,25,10.306596
1.0,36,10.310285
0.0,12,10.311541
1.0,31,10.31474
1.0,27,10.317775
1.0,27,10.320565
1.0,25,10.323149
1.0,29,10.326138
1.0,31,10.329474
1.0,27,10.332471
1.0,25,10.335151
0.0,6,10.335794
0.0,22,10.338064
1.0,27,10.340851
1.0,30,10.344115
1.0,27,10.346902
1.0,27,10.349703
1.0,28,10.352696
1.0,33,10.356383
0.0,12,10.357632
1.0,27,10.360468
0.0,8,10.361317
1.0,29,10.364304
1.0,26,10.367018
1.0,30,10.370108
1.0,27,10.372892
1.0,29,10.376091
1.0,29,10.379183
1.0,27,10.381967
0.0,21,10.384139
1.0,29,10.387133
1.0,30,10.390224
1.0,25,10.392819
1.0,25,10.395398
1.0,27,10.398182
1.0,25,10.401309
1.0,27,10.404109
1.0,31,10.407307
0.0,4,10.407764
1.0,30,10.410865
1.0,29,10.413867
1.0,26,10.416566
0.0,8,10.417491
1.0,34,10.420989
0.0,6,10.421838
1.0,29,10.425151
1.0,27,10.427963
1.0,30,10.431055
1.0,31,10.434347
1.0,29,10.437337
1.0,27,10.440347
1.0,29,10.443432
1.0,26,10.446162
1.0,27,10.448986
0.0,8,10.449902
1.0,28,10.452823
1.0,27,10.455713
1.0,28,10.458602
1.0,25,10.461427
1.0,25,10.464054
1.0,30,10.467148
1.0,30,10.470269
1.0,27,10.473135
1.0,29,10.47616
1.0,27,10.479021
1.0,26,10.481705
1.0,30,10.484782
1.0,29,10.487776
1.0,29,10.490762
1.0,29,10.493828
1.0,31,10.497036
0.0,10,10.49808
1.0,28,10.500968
1.0,25,10.50357
0.0,23,10.505942
1.0,27,10.508732
1.0,30,10.511821
1.0,27,10.514611
1.0,29,10.517605
1.0,25,10.520193
1.0,27,10.522985
1.0,25,10.52558
1.0,27,10.528598
