# {"t_start": 1642102458.3161273, "env_id": "Office-single-v0"} 
r,l,t
0.0,149,0.004006
0.0,35,0.004881
0.0,151,0.0085
0.0,285,0.015565
0.0,42,0.016814
0.0,16,0.017287
0.0,9,0.017549
0.0,91,0.019747
0.0,75,0.021541
0.0,128,0.024644
0.0,105,0.027193
0.0,47,0.028335
0.0,3,0.028434
0.0,79,0.03039
0.0,50,0.031594
0.0,31,0.03235
0.0,137,0.035577
0.0,147,0.03914
0.0,47,0.040291
0.0,91,0.042613
0.0,139,0.045986
0.0,103,0.048459
0.0,65,0.05005
0.0,21,0.050574
0.0,43,0.051611
0.0,220,0.057225
0.0,95,0.059702
0.0,77,0.061544
0.0,130,0.064641
0.0,151,0.068231
0.0,378,0.077178
0.0,61,0.07864
0.0,166,0.08259
0.0,348,0.090786
0.0,300,0.097903
0.0,71,0.099595
0.0,67,0.101178
0.0,206,0.106084
0.0,297,0.113213
0.0,226,0.118551
0.0,68,0.120206
0.0,579,0.135427
0.0,318,0.143051
0.0,44,0.144134
0.0,157,0.147902
0.0,154,0.151829
0.0,110,0.15445
0.0,204,0.159321
0.0,164,0.163242
0.0,222,0.168547
0.0,232,0.174109
0.0,222,0.179458
0.0,108,0.182091
0.0,428,0.192418
0.0,189,0.19704
0.0,172,0.201241
0.0,597,0.215572
0.0,37,0.216512
0.0,81,0.218476
0.0,81,0.220451
0.0,140,0.223855
0.0,114,0.226695
0.0,304,0.233932
0.0,66,0.235542
0.0,41,0.23655
0.0,151,0.240205
0.0,354,0.249021
0.0,326,0.257286
0.0,48,0.258474
0.0,74,0.260279
0.0,287,0.26725
0.0,209,0.272448
0.0,101,0.275015
0.0,110,0.277861
0.0,205,0.28297
0.0,99,0.285386
0.0,276,0.292079
0.0,53,0.293387
0.0,853,0.313829
0.0,327,0.321709
0.0,552,0.334874
0.0,413,0.344792
0.0,232,0.350375
0.0,239,0.356098
0.0,43,0.357164
0.0,259,0.363451
0.0,325,0.371409
0.0,384,0.380688
0.0,585,0.394662
0.0,172,0.398815
0.0,1000,0.423082
0.0,95,0.42543
0.0,114,0.428217
0.0,69,0.429887
0.0,159,0.433695
0.0,130,0.436811
0.0,760,0.454959
0.0,194,0.459717
0.0,537,0.472457
0.0,205,0.477401
0.0,86,0.479493
0.0,141,0.483582
0.0,1000,0.508119
0.0,462,0.519397
0.0,1000,0.543852
0.0,281,0.550606
0.0,237,0.556276
0.0,1000,0.580366
0.0,956,0.603081
0.0,1000,0.626897
0.0,1000,0.651308
0.0,417,0.661204
0.0,163,0.66512
0.0,128,0.668187
0.0,304,0.675481
0.0,1000,0.69932
0.0,28,0.700041
0.0,80,0.702004
0.0,68,0.703654
0.0,42,0.70468
0.0,34,0.70552
0.0,482,0.717073
0.0,88,0.719217
0.0,37,0.720138
0.0,564,0.73385
0.0,138,0.737166
0.0,151,0.74132
0.0,1000,0.765922
0.0,265,0.772374
0.0,152,0.776076
0.0,17,0.776523
0.0,440,0.787142
0.0,295,0.794385
0.0,27,0.79508
0.0,359,0.803755
0.0,462,0.815
0.0,233,0.820643
0.0,260,0.826922
0.0,441,0.837606
0.0,101,0.840053
0.0,438,0.850583
0.0,40,0.851592
0.0,1000,0.875492
0.0,210,0.880614
0.0,41,0.881644
0.0,1000,0.90573
0.0,391,0.915203
0.0,203,0.920115
0.0,241,0.925938
0.0,119,0.928831
0.0,322,0.936587
0.0,58,0.938034
0.0,152,0.941704
0.0,1000,0.965761
0.0,485,0.977662
0.0,302,0.985501
0.0,895,1.007349
0.0,10,1.007637
0.0,530,1.020647
0.0,390,1.03022
0.0,289,1.037189
0.0,475,1.049002
0.0,412,1.059169
0.0,132,1.062393
0.0,211,1.067488
0.0,401,1.077045
0.0,343,1.085274
0.0,600,1.09956
0.0,1000,1.123189
0.0,1000,1.147346
0.0,67,1.148976
0.0,233,1.154787
0.0,394,1.164227
0.0,132,1.16745
0.0,815,1.186861
0.0,274,1.193426
0.0,169,1.197474
0.0,154,1.201167
0.0,1000,1.225554
0.0,266,1.232088
0.0,118,1.234948
0.0,785,1.254116
0.0,356,1.262701
0.0,26,1.263398
0.0,251,1.269451
0.0,218,1.274722
0.0,27,1.275394
0.0,335,1.283351
0.0,630,1.298296
0.0,79,1.300205
0.0,1000,1.324033
0.0,500,1.335906
0.0,374,1.344857
0.0,229,1.350369
0.0,306,1.357719
0.0,620,1.372841
0.0,627,1.388085
0.0,10,1.388368
0.0,144,1.391835
0.0,158,1.395627
0.0,34,1.396481
0.0,25,1.397111
0.0,88,1.399334
0.0,1000,1.423153
0.0,1000,1.447132
0.0,1000,1.471829
0.0,364,1.480676
0.0,9,1.480938
0.0,215,1.486175
0.0,123,1.48935
0.0,404,1.499199
0.0,487,1.510859
0.0,62,1.512388
0.0,655,1.528092
0.0,1000,1.552101
0.0,133,1.55535
0.0,326,1.563303
0.0,7,1.563514
0.0,257,1.569635
0.0,143,1.573075
0.0,58,1.574503
0.0,20,1.575024
0.0,30,1.575773
0.0,1000,1.599329
0.0,177,1.603593
0.0,84,1.605597
0.0,96,1.608036
0.0,248,1.614313
0.0,60,1.61578
0.0,287,1.62267
0.0,109,1.625344
0.0,116,1.628147
0.0,59,1.629588
0.0,139,1.632915
0.0,1000,1.657335
0.0,298,1.66452
0.0,340,1.672699
0.0,19,1.673193
0.0,696,1.689728
0.0,1000,1.71402
0.0,114,1.717105
0.0,175,1.721331
0.0,581,1.735554
0.0,90,1.738124
0.0,1000,1.762065
0.0,145,1.7656
0.0,56,1.767002
0.0,715,1.784085
0.0,55,1.785441
0.0,101,1.787896
0.0,206,1.792866
0.0,132,1.796095
0.0,306,1.803369
0.0,343,1.811545
0.0,219,1.816844
0.0,424,1.826945
0.0,191,1.831657
0.0,192,1.836377
0.0,693,1.852895
0.0,191,1.85747
0.0,510,1.869737
0.0,292,1.876709
0.0,456,1.887634
0.0,684,1.903844
0.0,224,1.909182
0.0,545,1.922079
0.0,1000,1.946172
0.0,1000,1.971023
0.0,334,1.979155
0.0,681,1.995512
0.0,176,1.999781
0.0,360,2.008442
0.0,201,2.01331
0.0,74,2.015108
0.0,56,2.016463
0.0,337,2.024478
0.0,448,2.035233
0.0,92,2.037465
0.0,24,2.038074
0.0,364,2.047146
0.0,123,2.050116
0.0,246,2.056004
0.0,60,2.057481
0.0,253,2.063739
0.0,122,2.066718
0.0,1000,2.090453
0.0,1000,2.114231
0.0,65,2.115882
0.0,205,2.120843
0.0,1000,2.144794
0.0,275,2.151676
0.0,110,2.154408
0.0,742,2.172036
0.0,286,2.179144
0.0,226,2.184642
0.0,762,2.203476
0.0,161,2.207587
0.0,341,2.216111
0.0,392,2.225517
0.0,43,2.226596
0.0,215,2.231849
0.0,118,2.234701
0.0,9,2.234958
0.0,1000,2.259438
0.0,386,2.268774
0.0,398,2.278265
0.0,261,2.284518
0.0,28,2.285226
0.0,475,2.29651
0.0,426,2.3068
0.0,77,2.30868
0.0,289,2.315612
0.0,46,2.316751
0.0,781,2.335398
0.0,265,2.341827
0.0,789,2.3606
0.0,357,2.36918
0.0,26,2.369843
0.0,108,2.37247
0.0,395,2.381919
0.0,1000,2.405712
0.0,16,2.406142
0.0,195,2.410815
0.0,969,2.43468
0.0,884,2.456319
0.0,142,2.459798
0.0,91,2.462018
0.0,473,2.473459
0.0,216,2.478697
0.0,667,2.494611
0.0,591,2.508752
0.0,561,2.522083
0.0,621,2.536901
0.0,150,2.540517
0.0,825,2.56048
0.0,15,2.560882
0.0,124,2.56389
0.0,70,2.565588
0.0,626,2.580557
0.0,124,2.583592
0.0,1000,2.60735
0.0,323,2.615066
0.0,11,2.615371
0.0,239,2.621087
0.0,45,2.622202
0.0,525,2.634988
0.0,566,2.648515
0.0,40,2.649514
0.0,292,2.656693
0.0,280,2.66368
0.0,125,2.666673
0.0,311,2.674525
0.0,467,2.685859
0.0,66,2.68747
0.0,55,2.688887
0.0,19,2.689411
0.0,30,2.690266
0.0,34,2.691114
0.0,134,2.694369
0.0,369,2.703503
0.0,814,2.723039
0.0,9,2.723297
0.0,882,2.744256
0.0,83,2.746292
0.0,800,2.765424
0.0,509,2.777547
0.0,560,2.790895
0.0,1000,2.814814
0.0,195,2.81987
0.0,65,2.821481
0.0,608,2.836141
0.0,276,2.842809
0.0,64,2.844371
0.0,631,2.859412
0.0,409,2.869301
0.0,3,2.869418
0.0,279,2.876197
0.0,89,2.878359
0.0,257,2.884569
0.0,305,2.892057
0.0,54,2.893377
0.0,1000,2.917767
0.0,1000,2.942264
0.0,815,2.962285
0.0,119,2.965173
0.0,1000,2.989252
0.0,572,3.003039
0.0,818,3.022631
0.0,308,3.030071
0.0,395,3.039618
0.0,88,3.041768
0.0,1000,3.066041
0.0,57,3.067463
0.0,1000,3.091408
0.0,630,3.106533
0.0,1000,3.130543
0.0,17,3.130998
0.0,1000,3.155865
0.0,764,3.174869
0.0,651,3.190938
0.0,202,3.19587
0.0,329,3.203829
0.0,466,3.215132
0.0,478,3.226681
0.0,799,3.245766
0.0,180,3.25013
0.0,420,3.260286
0.0,282,3.267051
0.0,43,3.268113
0.0,1000,3.291961
0.0,247,3.297918
0.0,180,3.302254
0.0,1000,3.326015
0.0,44,3.327113
0.0,932,3.349355
0.0,113,3.3521
0.0,317,3.35984
0.0,464,3.371079
0.0,602,3.385385
0.0,191,3.39028
0.0,401,3.40041
0.0,226,3.406004
0.0,591,3.420324
0.0,1000,3.444797
0.0,489,3.456588
0.0,208,3.461655
0.0,529,3.474232
0.0,17,3.474682
0.0,627,3.489587
0.0,64,3.491149
0.0,1000,3.514725
0.0,43,3.515866
0.0,126,3.518925
0.0,38,3.519871
0.0,228,3.52534
0.0,25,3.525986
0.0,1000,3.549981
0.0,366,3.558793
0.0,645,3.574416
0.0,79,3.576349
0.0,256,3.582566
0.0,81,3.584532
0.0,351,3.593048
0.0,790,3.611919
0.0,769,3.630395
0.0,296,3.63773
0.0,75,3.639683
0.0,88,3.642177
0.0,191,3.646868
0.0,500,3.659388
0.0,362,3.668562
0.0,47,3.669724
0.0,203,3.674662
0.0,760,3.692902
0.0,850,3.713167
0.0,423,3.72326
0.0,1000,3.747092
0.0,65,3.7487
0.0,105,3.751259
0.0,108,3.75389
0.0,181,3.758227
0.0,331,3.766202
0.0,120,3.769108
0.0,590,3.783262
0.0,436,3.793759
0.0,423,3.803891
0.0,808,3.82316
0.0,426,3.833344
0.0,372,3.84223
0.0,629,3.857356
0.0,66,3.858997
0.0,1000,3.883521
0.0,225,3.889162
0.0,95,3.891505
0.0,1000,3.91616
0.0,21,3.91672
0.0,1000,3.940626
0.0,31,3.94141
0.0,1000,3.965259
0.0,259,3.971499
0.0,1000,3.995299
0.0,217,4.000523
0.0,464,4.011761
0.0,629,4.026802
0.0,574,4.040603
0.0,935,4.063524
0.0,295,4.070632
0.0,67,4.072281
0.0,1000,4.09621
0.0,20,4.096736
0.0,1000,4.12085
0.0,278,4.128005
0.0,1000,4.15294
0.0,216,4.158246
0.0,338,4.166443
0.0,266,4.172904
0.0,64,4.174479
0.0,384,4.183694
0.0,312,4.191233
0.0,90,4.193443
0.0,767,4.211637
0.0,232,4.21727
0.0,201,4.222169
0.0,340,4.230365
0.0,927,4.252782
0.0,768,4.271377
0.0,712,4.28854
0.0,28,4.289259
0.0,641,4.304721
0.0,840,4.324927
0.0,746,4.343021
0.0,1000,4.367797
0.0,617,4.38324
0.0,422,4.393529
0.0,133,4.397078
0.0,615,4.411922
0.0,295,4.419105
0.0,100,4.421606
0.0,252,4.427692
0.0,5,4.427849
0.0,233,4.433511
0.0,169,4.437601
0.0,177,4.441859
0.0,1000,4.465575
0.0,624,4.48049
0.0,241,4.486322
0.0,105,4.488848
0.0,23,4.489443
0.0,458,4.500391
0.0,799,4.519591
0.0,50,4.520834
0.0,547,4.534014
0.0,487,4.54593
0.0,20,4.546456
0.0,698,4.563271
0.0,411,4.573169
0.0,340,4.581321
0.0,109,4.583973
0.0,1000,4.608028
0.0,9,4.608305
0.0,56,4.610122
0.0,1000,4.63505
0.0,323,4.643156
0.0,1000,4.667566
0.0,943,4.690219
0.0,20,4.690746
0.0,285,4.697595
0.0,178,4.701889
0.0,49,4.703107
0.0,109,4.705731
0.0,312,4.713228
0.0,257,4.719433
0.0,167,4.723511
0.0,1000,4.74723
0.0,301,4.754512
0.0,38,4.755462
0.0,963,4.77845
0.0,88,4.7806
0.0,336,4.788657
0.0,1000,4.81263
0.0,1000,4.836649
0.0,503,4.849335
0.0,216,4.854743
0.0,233,4.860335
0.0,37,4.86126
0.0,312,4.869176
0.0,1000,4.893887
0.0,118,4.89677
0.0,871,4.91777
0.0,73,4.91957
0.0,692,4.936136
0.0,177,4.940446
0.0,185,4.944952
0.0,41,4.945977
0.0,17,4.946481
0.0,327,4.954381
0.0,323,4.962196
0.0,102,4.964693
0.0,107,4.967304
0.0,959,4.990156
0.0,467,5.001397
0.0,373,5.010378
0.0,293,5.017468
0.0,175,5.021709
0.0,87,5.023829
0.0,1000,5.048041
0.0,196,5.052798
0.0,56,5.054187
0.0,725,5.071944
0.0,144,5.07548
0.0,767,5.094332
0.0,910,5.116984
0.0,349,5.125631
0.0,59,5.127139
0.0,145,5.130713
0.0,82,5.132738
0.0,95,5.135318
0.0,846,5.155966
0.0,433,5.166439
0.0,122,5.16941
0.0,508,5.181717
0.0,379,5.190929
0.0,1000,5.214757
0.0,197,5.21953
0.0,70,5.221263
0.0,1000,5.24504
0.0,511,5.257475
0.0,1000,5.281471
0.0,399,5.291112
0.0,220,5.296427
0.0,587,5.310362
0.0,361,5.319124
0.0,1000,5.343833
0.0,166,5.347867
0.0,824,5.368377
0.0,848,5.388787
0.0,607,5.403466
0.0,29,5.404214
0.0,129,5.407345
0.0,5,5.407499
0.0,74,5.409307
0.0,1000,5.433332
0.0,350,5.441982
0.0,215,5.447231
0.0,21,5.447782
0.0,245,5.454087
0.0,17,5.454538
0.0,1000,5.478474
0.0,1000,5.502243
0.0,237,5.507993
0.0,233,5.513586
0.0,88,5.515779
0.0,197,5.52054
0.0,133,5.523762
0.0,54,5.525112
0.0,618,5.540022
0.0,511,5.552635
0.0,843,5.573295
0.0,32,5.574144
0.0,35,5.575024
0.0,240,5.581052
0.0,235,5.586812
0.0,22,5.587536
0.0,527,5.600511
0.0,22,5.601091
0.0,310,5.608792
0.0,96,5.611291
0.0,353,5.619835
0.0,772,5.638549
0.0,256,5.644799
0.0,45,5.645933
0.0,1000,5.670096
0.0,29,5.670846
0.0,757,5.689023
0.0,460,5.700141
0.0,555,5.713476
0.0,180,5.717835
0.0,277,5.724453
0.0,202,5.729324
0.0,1000,5.753102
0.0,42,5.754171
0.0,24,5.754773
0.0,11,5.755072
0.0,311,5.76256
0.0,53,5.763853
0.0,141,5.767285
0.0,314,5.774813
0.0,96,5.777148
0.0,293,5.78419
0.0,634,5.79925
0.0,158,5.803084
0.0,1000,5.827612
0.0,1000,5.851672
0.0,260,5.85805
0.0,35,5.858927
0.0,141,5.8626
0.0,581,5.876748
0.0,432,5.887273
0.0,1000,5.911173
0.0,360,5.919805
0.0,32,5.920602
0.0,564,5.934229
0.0,191,5.938862
0.0,1000,5.962655
0.0,1000,5.986522
0.0,433,5.996896
0.0,107,5.999513
0.0,1000,6.023581
0.0,619,6.038401
0.0,111,6.041121
0.0,232,6.047308
0.0,766,6.066192
0.0,116,6.068995
0.0,35,6.069872
0.0,936,6.093026
0.0,127,6.096165
0.0,1000,6.120156
0.0,174,6.12442
0.0,260,6.130683
0.0,1000,6.155283
0.0,1000,6.17913
0.0,1000,6.202919
0.0,38,6.203882
0.0,187,6.20836
0.0,173,6.212553
0.0,542,6.225602
0.0,243,6.231469
0.0,307,6.238909
0.0,205,6.243908
0.0,88,6.246067
0.0,428,6.256304
0.0,216,6.261557
0.0,271,6.268063
0.0,246,6.274108
0.0,78,6.27601
0.0,114,6.27877
0.0,396,6.288289
0.0,506,6.300609
0.0,419,6.311246
0.0,693,6.328235
0.0,447,6.339382
0.0,1000,6.363523
0.0,203,6.368487
0.0,484,6.380309
0.0,476,6.39193
0.0,315,6.399567
0.0,421,6.409647
0.0,564,6.423251
0.0,159,6.427081
0.0,7,6.427285
0.0,455,6.438208
0.0,30,6.438972
0.0,146,6.442512
0.0,73,6.444275
0.0,1000,6.468467
0.0,240,6.474216
0.0,106,6.476798
0.0,378,6.48582
0.0,939,6.50835
0.0,278,6.515054
0.0,299,6.522218
0.0,733,6.539916
0.0,235,6.545862
0.0,333,6.55434
0.0,207,6.559369
0.0,452,6.570577
0.0,99,6.573212
0.0,1000,6.597276
0.0,202,6.602165
0.0,33,6.602983
0.0,186,6.607565
0.0,980,6.631071
0.0,721,6.648747
0.0,251,6.655179
0.0,87,6.657283
0.0,568,6.671168
0.0,276,6.67784
0.0,1000,6.701668
0.0,323,6.709472
0.0,485,6.721151
0.0,50,6.722392
0.0,77,6.724284
0.0,1000,6.748378
0.0,342,6.756564
0.0,449,6.767328
0.0,329,6.775197
0.0,1000,6.799896
0.0,304,6.807369
0.0,122,6.810509
0.0,336,6.818684
0.0,68,6.820511
0.0,341,6.828906
0.0,289,6.835927
0.0,635,6.851188
0.0,71,6.852926
0.0,335,6.861012
0.0,16,6.861436
0.0,780,6.879992
0.0,15,6.880399
0.0,491,6.892225
0.0,27,6.892915
0.0,1000,6.916813
0.0,388,6.926175
0.0,78,6.928097
0.0,536,6.940933
0.0,583,6.955112
0.0,72,6.956868
0.0,364,6.965586
0.0,92,6.967832
0.0,148,6.971397
0.0,211,6.976527
0.0,714,6.993704
0.0,402,7.003392
0.0,13,7.00375
0.0,196,7.00847
0.0,752,7.026699
0.0,169,7.030794
0.0,405,7.040991
0.0,1000,7.066103
0.0,994,7.089942
0.0,1000,7.114058
0.0,9,7.114327
0.0,362,7.123004
0.0,74,7.124836
0.0,694,7.141689
0.0,210,7.146739
0.0,1000,7.170644
0.0,858,7.191116
0.0,730,7.208623
0.0,543,7.22161
0.0,62,7.22313
0.0,77,7.225028
0.0,310,7.23241
0.0,14,7.232788
0.0,307,7.240175
0.0,328,7.248498
0.0,284,7.255449
0.0,52,7.256751
0.0,839,7.277273
0.0,559,7.291046
0.0,557,7.305004
0.0,363,7.313999
0.0,297,7.321228
0.0,251,7.327337
0.0,788,7.34637
0.0,829,7.366542
0.0,324,7.374488
0.0,104,7.377028
0.0,977,7.400449
0.0,1000,7.424386
0.0,770,7.442811
0.0,458,7.453892
0.0,225,7.459349
0.0,1000,7.483094
0.0,1000,7.506917
0.0,1000,7.531449
0.0,144,7.534953
0.0,165,7.539075
0.0,148,7.542954
0.0,684,7.559709
0.0,52,7.561268
0.0,36,7.562186
0.0,86,7.564286
0.0,1000,7.588202
0.0,732,7.605821
0.0,224,7.611187
0.0,303,7.618469
0.0,1000,7.642573
0.0,576,7.656497
0.0,410,7.666267
0.0,118,7.669111
0.0,131,7.672312
0.0,545,7.685369
0.0,541,7.698384
0.0,1000,7.722195
0.0,1000,7.745893
0.0,95,7.748214
0.0,459,7.759499
0.0,216,7.765143
0.0,558,7.778798
0.0,324,7.787021
0.0,232,7.792855
0.0,1000,7.816642
0.0,713,7.833777
0.0,517,7.84628
0.0,1000,7.870527
0.0,105,7.873088
0.0,41,7.874112
0.0,53,7.875409
0.0,113,7.878233
0.0,28,7.878937
0.0,111,7.881622
0.0,776,7.90032
0.0,176,7.904583
0.0,88,7.906738
0.0,1000,7.930573
0.0,133,7.933807
0.0,231,7.939458
0.0,412,7.949322
0.0,367,7.958199
0.0,310,7.96564
0.0,41,7.966661
0.0,54,7.967991
0.0,535,7.980887
0.0,410,7.990843
0.0,57,7.992245
0.0,615,8.007437
0.0,367,8.016567
0.0,526,8.029515
0.0,23,8.030121
0.0,1000,8.054954
0.0,275,8.061882
0.0,1000,8.085768
0.0,761,8.103903
0.0,268,8.110322
0.0,167,8.114352
0.0,707,8.131207
0.0,125,8.134248
0.0,487,8.146132
0.0,15,8.146539
0.0,188,8.151153
0.0,133,8.154512
0.0,1000,8.178353
0.0,325,8.186142
0.0,136,8.189427
0.0,107,8.192022
0.0,404,8.201735
0.0,53,8.203051
0.0,26,8.203701
0.0,154,8.207391
0.0,982,8.230777
0.0,1000,8.25548
0.0,1000,8.279968
0.0,467,8.29126
0.0,132,8.294487
0.0,1000,8.318609
0.0,585,8.332687
0.0,587,8.346703
0.0,30,8.347458
0.0,846,8.367877
0.0,329,8.375974
0.0,1000,8.399823
0.0,86,8.401915
0.0,264,8.408251
0.0,24,8.408872
0.0,134,8.412124
0.0,32,8.412936
0.0,60,8.4144
0.0,48,8.415582
0.0,264,8.421986
0.0,71,8.423721
0.0,177,8.428054
0.0,112,8.430778
0.0,1000,8.454878
0.0,77,8.456764
0.0,91,8.45898
0.0,88,8.461099
0.0,500,8.473192
0.0,249,8.479477
0.0,920,8.502099
0.0,67,8.50379
0.0,191,8.508642
0.0,27,8.509332
0.0,662,8.52545
0.0,12,8.525785
0.0,482,8.537301
0.0,883,8.558986
0.0,12,8.559328
0.0,183,8.56399
0.0,1000,8.587999
0.0,281,8.594749
0.0,296,8.601865
0.0,226,8.607475
0.0,44,8.608574
0.0,202,8.613405
0.0,118,8.616302
0.0,382,8.625466
0.0,740,8.643351
0.0,45,8.644465
0.0,247,8.650442
0.0,733,8.668272
0.0,162,8.672217
0.0,116,8.67504
0.0,264,8.681335
0.0,11,8.681641
0.0,50,8.682871
0.0,312,8.690466
0.0,919,8.712435
0.0,1000,8.73702
0.0,161,8.741003
0.0,1000,8.765446
0.0,61,8.766961
0.0,355,8.775606
0.0,13,8.775963
0.0,343,8.78422
0.0,852,8.804469
0.0,261,8.810816
0.0,1000,8.835528
0.0,87,8.837665
0.0,1000,8.861589
0.0,178,8.865904
0.0,97,8.868248
0.0,374,8.877209
0.0,269,8.883782
0.0,1000,8.907645
0.0,128,8.910767
0.0,232,8.916412
0.0,109,8.919056
0.0,201,8.923845
0.0,104,8.926371
0.0,642,8.941607
0.0,345,8.94989
0.0,325,8.95776
0.0,98,8.960128
0.0,452,8.971219
0.0,329,8.979635
0.0,716,8.997219
0.0,344,9.005857
0.0,772,9.024949
0.0,116,9.02783
0.0,163,9.031893
0.0,25,9.032537
0.0,37,9.033455
0.0,685,9.050226
0.0,116,9.053264
0.0,119,9.056283
0.0,237,9.062312
0.0,577,9.076088
0.0,569,9.089817
0.0,659,9.105735
0.0,1000,9.129592
0.0,1000,9.154113
0.0,432,9.164556
0.0,822,9.184252
0.0,180,9.188609
0.0,246,9.194529
0.0,291,9.201499
0.0,237,9.207434
0.0,82,9.209458
0.0,302,9.216743
0.0,293,9.224288
0.0,198,9.22905
0.0,100,9.231465
0.0,818,9.251343
0.0,45,9.252467
0.0,183,9.25696
0.0,455,9.267869
0.0,1000,9.291766
0.0,250,9.297794
0.0,474,9.309101
0.0,769,9.327605
0.0,714,9.344952
0.0,74,9.346785
0.0,240,9.352615
0.0,496,9.364626
0.0,17,9.365076
0.0,43,9.366139
0.0,409,9.376004
0.0,689,9.392457
0.0,251,9.39848
0.0,211,9.40355
0.0,135,9.406837
0.0,1000,9.430629
0.0,110,9.433297
0.0,373,9.442283
0.0,261,9.448842
0.0,25,9.449484
0.0,721,9.467454
0.0,75,9.46928
0.0,1000,9.493668
0.0,254,9.499819
0.0,595,9.514044
0.0,125,9.517066
0.0,277,9.523813
0.0,331,9.531753
0.0,588,9.546104
0.0,229,9.551657
0.0,7,9.551865
0.0,230,9.557403
0.0,556,9.571099
0.0,310,9.578639
0.0,83,9.580671
0.0,291,9.587723
0.0,192,9.59235
0.0,758,9.610507
0.0,120,9.613423
0.0,1000,9.637515
0.0,336,9.645592
0.0,736,9.663817
0.0,91,9.666051
0.0,752,9.684141
0.0,1000,9.708453
0.0,83,9.710537
0.0,327,9.718653
0.0,69,9.720375
0.0,219,9.725924
0.0,78,9.727816
0.0,454,9.739043
0.0,844,9.759392
0.0,87,9.761545
0.0,405,9.771307
0.0,646,9.786808
0.0,1000,9.810711
0.0,439,9.821253
0.0,1000,9.845096
0.0,1000,9.869114
0.0,1000,9.893137
0.0,542,9.906136
0.0,30,9.906895
0.0,226,9.912323
0.0,72,9.914088
0.0,557,9.927425
0.0,302,9.934899
0.0,327,9.942844
0.0,139,9.946633
0.0,33,9.947457
0.0,274,9.954163
0.0,1000,9.978351
0.0,64,9.979926
0.0,50,9.981151
0.0,933,10.003415
0.0,352,10.011944
0.0,1000,10.035807
0.0,167,10.03987
0.0,597,10.05476
0.0,1000,10.078837
0.0,337,10.086926
0.0,126,10.09001
0.0,127,10.093116
0.0,906,10.114655
0.0,274,10.121226
0.0,7,10.121436
0.0,360,10.130122
0.0,1000,10.154196
0.0,304,10.161546
0.0,387,10.170893
0.0,493,10.182957
0.0,345,10.1916
0.0,446,10.202346
0.0,515,10.21509
0.0,15,10.215533
0.0,880,10.236594
0.0,95,10.238979
0.0,461,10.250238
0.0,392,10.259609
0.0,1000,10.283876
0.0,88,10.286025
0.0,273,10.292593
0.0,139,10.295961
0.0,230,10.301476
0.0,516,10.313841
0.0,177,10.318157
0.0,54,10.319493
0.0,101,10.32192
0.0,248,10.327841
0.0,25,10.328482
0.0,397,10.337963
0.0,190,10.342516
0.0,426,10.352722
0.0,292,10.359717
0.0,1000,10.383459
0.0,672,10.399652
0.0,23,10.400254
0.0,685,10.41676
0.0,1000,10.441066
0.0,50,10.442303
0.0,663,10.458593
0.0,560,10.472045
0.0,329,10.479987
0.0,185,10.484486
0.0,429,10.494743
0.0,385,10.504001
0.0,601,10.518426
0.0,68,10.520109
0.0,148,10.523685
0.0,301,10.53088
0.0,243,10.536743
0.0,175,10.54102
0.0,26,10.541685
0.0,297,10.548972
0.0,577,10.562926
0.0,92,10.565168
0.0,281,10.571941
0.0,177,10.576188
0.0,229,10.581709
0.0,173,10.585836
0.0,385,10.595047
0.0,1000,10.618798
0.0,162,10.622696
0.0,230,10.628187
0.0,316,10.635941
0.0,577,10.650045
0.0,323,10.657996
0.0,656,10.674325
0.0,903,10.696397
0.0,167,10.700457
0.0,617,10.715232
0.0,424,10.725475
0.0,119,10.728412
0.0,71,10.730268
0.0,455,10.741108
0.0,735,10.758688
0.0,1000,10.782669
0.0,1000,10.806558
0.0,87,10.808693
0.0,155,10.81254
0.0,543,10.825626
0.0,56,10.827011
0.0,213,10.832129
0.0,9,10.832379
0.0,1000,10.856676
0.0,482,10.868212
0.0,524,10.880753
0.0,154,10.884535
0.0,144,10.888131
0.0,443,10.898723
0.0,183,10.903432
0.0,509,10.915582
0.0,446,10.926764
0.0,20,10.92729
0.0,449,10.938018
0.0,420,10.948385
0.0,548,10.961722
0.0,396,10.971356
0.0,58,10.972775
0.0,1000,10.996448
0.0,1000,11.020255
0.0,514,11.032618
0.0,677,11.04903
0.0,339,11.057195
0.0,31,11.057987
0.0,419,11.068166
0.0,250,11.07423
0.0,265,11.080615
0.0,77,11.082496
0.0,636,11.097696
0.0,811,11.117079
0.0,27,11.117777
0.0,1000,11.142143
0.0,307,11.149571
0.0,1000,11.17445
0.0,990,11.198356
0.0,614,11.213165
0.0,314,11.220717
0.0,95,11.22311
0.0,194,11.227766
0.0,154,11.231499
0.0,38,11.232435
0.0,15,11.23282
0.0,792,11.251585
0.0,535,11.264412
0.0,588,11.278493
1.0,197,11.28332
0.0,218,11.288607
0.0,511,11.3008
0.0,1000,11.324558
0.0,674,11.340765
0.0,370,11.349612
0.0,477,11.361235
0.0,749,11.379476
0.0,391,11.389133
0.0,65,11.390734
0.0,80,11.392691
0.0,73,11.394721
0.0,603,11.409417
0.0,1000,11.433772
0.0,87,11.435891
0.0,1000,11.460374
0.0,374,11.469446
0.0,615,11.484366
0.0,392,11.493919
0.0,265,11.500325
0.0,611,11.514869
0.0,39,11.51591
0.0,70,11.517606
0.0,262,11.523985
0.0,528,11.536616
0.0,1000,11.560932
0.0,101,11.563596
0.0,22,11.564155
0.0,602,11.578742
0.0,78,11.580687
0.0,326,11.588588
0.0,1000,11.612706
0.0,752,11.631248
0.0,320,11.639474
0.0,1000,11.664349
0.0,366,11.67324
0.0,209,11.678424
0.0,286,11.685349
0.0,322,11.693259
0.0,205,11.698197
0.0,235,11.703887
0.0,273,11.710481
0.0,675,11.72666
0.0,9,11.726921
0.0,187,11.731437
0.0,240,11.737282
0.0,352,11.745773
0.0,218,11.751122
0.0,430,11.761364
0.0,237,11.767061
0.0,305,11.774375
0.0,47,11.775542
0.0,44,11.776639
0.0,400,11.786243
0.0,637,11.801422
0.0,1000,11.825327
0.0,1000,11.849365
0.0,1000,11.873673
0.0,561,11.887589
0.0,216,11.89279
0.0,348,11.901363
0.0,221,11.907088
0.0,747,11.924932
0.0,1000,11.948832
0.0,301,11.956114
0.0,1000,11.980103
0.0,1000,12.004014
0.0,1000,12.027974
0.0,497,12.039956
0.0,251,12.046248
0.0,1000,12.071026
0.0,1000,12.095089
0.0,36,12.096008
0.0,972,12.119609
0.0,478,12.131624
0.0,364,12.140854
0.0,20,12.141386
0.0,239,12.147294
0.0,520,12.160333
0.0,1000,12.184458
0.0,212,12.189595
0.0,1000,12.2136
0.0,350,12.22196
0.0,944,12.244678
0.0,1000,12.268618
0.0,107,12.271256
0.0,1000,12.29528
0.0,36,12.296197
0.0,214,12.301356
0.0,1000,12.325238
0.0,826,12.345089
0.0,14,12.345473
0.0,281,12.352193
0.0,418,12.362628
0.0,865,12.383986
0.0,503,12.396582
0.0,907,12.418349
0.0,1000,12.442311
0.0,306,12.449729
0.0,252,12.455973
0.0,1000,12.479963
0.0,26,12.480625
0.0,175,12.484831
0.0,369,12.493658
0.0,355,12.502197
0.0,68,12.503879
0.0,1000,12.527763
0.0,1000,12.551934
0.0,145,12.555494
0.0,181,12.559875
0.0,1000,12.584059
0.0,19,12.584569
0.0,158,12.588408
0.0,88,12.590576
0.0,255,12.597002
0.0,137,12.600355
0.0,769,12.61917
0.0,15,12.61958
0.0,279,12.626519
0.0,15,12.626917
0.0,294,12.634377
0.0,648,12.650319
0.0,515,12.66313
0.0,993,12.687381
0.0,319,12.695144
0.0,168,12.699244
0.0,1000,12.723155
0.0,994,12.74703
0.0,374,12.756206
0.0,1000,12.780037
0.0,298,12.787256
0.0,227,12.79273
0.0,1000,12.81678
0.0,77,12.818696
0.0,1000,12.843023
0.0,929,12.865606
0.0,755,12.884423
0.0,93,12.886752
0.0,227,12.892302
0.0,415,12.902375
0.0,53,12.903684
0.0,731,12.92122
0.0,1000,12.945024
0.0,448,12.955726
0.0,480,12.967249
0.0,56,12.96863
0.0,269,12.975121
0.0,51,12.976381
0.0,253,12.982463
0.0,102,12.984961
1.0,766,13.003403
0.0,1000,13.027184
0.0,45,13.02832
0.0,238,13.034021
0.0,1000,13.05815
0.0,564,13.07177
0.0,423,13.082791
0.0,217,13.089064
0.0,331,13.097492
0.0,569,13.111373
0.0,210,13.116762
0.0,210,13.121863
0.0,453,13.132766
0.0,857,13.153645
0.0,60,13.15513
0.0,508,13.167419
0.0,1000,13.191275
0.0,135,13.194576
0.0,98,13.196954
0.0,348,13.205275
0.0,302,13.212511
0.0,800,13.231754
0.0,656,13.247404
0.0,438,13.258417
0.0,348,13.266945
0.0,496,13.278881
0.0,634,13.294066
0.0,489,13.30576
0.0,349,13.314118
0.0,254,13.320239
0.0,149,13.323863
0.0,173,13.328324
0.0,395,13.338044
1.0,265,13.344735
0.0,417,13.354848
0.0,15,13.355249
0.0,585,13.369785
0.0,468,13.381204
0.0,970,13.404297
0.0,152,13.408002
0.0,224,13.413449
0.0,131,13.416631
0.0,116,13.419448
0.0,107,13.422044
0.0,325,13.429784
0.0,525,13.442326
0.0,107,13.444909
0.0,336,13.453024
0.0,956,13.475852
0.0,338,13.484103
0.0,494,13.49598
0.0,214,13.50116
0.0,696,13.517982
0.0,15,13.518384
0.0,850,13.538614
0.0,1000,13.562888
0.0,24,13.563547
0.0,66,13.565155
0.0,1000,13.589642
0.0,405,13.599568
0.0,165,13.603615
0.0,39,13.604597
0.0,519,13.617358
0.0,991,13.641541
0.0,131,13.644728
0.0,21,13.645271
0.0,711,13.662662
0.0,9,13.662926
0.0,197,13.667707
0.0,203,13.672612
0.0,105,13.675151
0.0,142,13.678633
0.0,53,13.679951
0.0,126,13.683007
0.0,23,13.683602
0.0,23,13.684189
0.0,1000,13.708085
0.0,1000,13.732144
0.0,855,13.752666
0.0,254,13.758847
0.0,936,13.781357
0.0,534,13.794338
0.0,1000,13.818822
0.0,50,13.820158
0.0,1000,13.844986
0.0,87,13.847169
0.0,389,13.856624
0.0,371,13.865644
0.0,114,13.868529
0.0,1000,13.893207
0.0,680,13.909788
0.0,940,13.932465
0.0,137,13.935839
0.0,13,13.936192
0.0,23,13.936791
0.0,1000,13.961128
0.0,193,13.965857
0.0,984,13.989768
0.0,393,13.999299
0.0,544,14.012418
0.0,471,14.023768
0.0,71,14.025566
0.0,138,14.028938
0.0,1000,14.053321
0.0,1000,14.078382
0.0,246,14.084477
0.0,1000,14.109157
0.0,175,14.113415
0.0,802,14.132876
0.0,431,14.143531
0.0,1000,14.167884
0.0,608,14.182475
0.0,108,14.185089
0.0,654,14.200677
0.0,261,14.207062
0.0,87,14.209172
0.0,59,14.210605
0.0,707,14.227498
0.0,30,14.228259
0.0,739,14.245946
0.0,7,14.246155
0.0,289,14.253108
0.0,124,14.256125
0.0,384,14.265254
0.0,634,14.280518
0.0,443,14.291195
0.0,1000,14.315876
0.0,266,14.322348
0.0,94,14.324666
0.0,92,14.326937
0.0,480,14.339072
0.0,441,14.349823
1.0,481,14.361614
0.0,43,14.362709
0.0,484,14.374402
0.0,788,14.393266
0.0,367,14.402086
0.0,315,14.409642
0.0,1000,14.433405
0.0,758,14.451609
0.0,937,14.474405
0.0,306,14.481784
0.0,1000,14.505795
0.0,307,14.513267
0.0,680,14.529584
0.0,877,14.551332
0.0,95,14.553656
0.0,242,14.559448
0.0,116,14.562307
0.0,18,14.563028
0.0,1000,14.587698
0.0,790,14.60671
0.0,41,14.607786
0.0,322,14.615551
0.0,103,14.618042
0.0,1000,14.642457
0.0,445,14.653233
0.0,151,14.657047
0.0,1000,14.68095
0.0,16,14.681381
0.0,670,14.697548
0.0,616,14.712447
0.0,62,14.714003
0.0,83,14.716028
0.0,703,14.73288
0.0,263,14.739276
0.0,395,14.748786
0.0,51,14.75005
0.0,409,14.75994
0.0,1000,14.784266
0.0,22,14.784839
0.0,450,14.796043
0.0,173,14.800204
0.0,456,14.811353
0.0,440,14.822503
0.0,252,14.828648
0.0,437,14.839111
0.0,593,14.853191
0.0,29,14.853953
0.0,845,14.874212
0.0,1000,14.898221
0.0,611,14.912854
0.0,1000,14.936781
0.0,530,14.949482
0.0,321,14.957201
0.0,431,14.967478
0.0,889,14.988876
0.0,489,15.00071
0.0,28,15.001462
0.0,167,15.005514
0.0,1000,15.029584
0.0,507,15.042103
0.0,23,15.042702
0.0,289,15.049947
0.0,316,15.057818
0.0,525,15.070893
0.0,32,15.071707
0.0,1000,15.095749
0.0,27,15.096443
0.0,69,15.098136
0.0,1000,15.121957
0.0,105,15.124534
0.0,391,15.133902
0.0,488,15.145865
0.0,51,15.147129
0.0,166,15.15139
0.0,483,15.163426
1.0,280,15.170479
0.0,805,15.189694
0.0,570,15.203425
0.0,13,15.203785
0.0,249,15.209831
0.0,222,15.215218
0.0,435,15.22573
0.0,450,15.236463
0.0,124,15.239498
0.0,947,15.262328
0.0,574,15.276471
0.0,83,15.278647
0.0,391,15.288354
0.0,659,15.304425
0.0,146,15.308251
0.0,44,15.309355
0.0,1000,15.333333
0.0,123,15.336342
0.0,1000,15.360371
0.0,535,15.373255
0.0,80,15.375228
0.0,194,15.379958
0.0,1000,15.403874
0.0,151,15.407574
0.0,11,15.40788
0.0,564,15.42148
0.0,421,15.431605
0.0,63,15.433149
0.0,67,15.434807
0.0,574,15.448602
0.0,163,15.452649
0.0,626,15.46767
0.0,1000,15.491802
0.0,46,15.492937
0.0,321,15.500683
0.0,894,15.522752
0.0,817,15.542573
0.0,1000,15.567329
0.0,61,15.568854
0.0,1000,15.592666
0.0,59,15.594139
0.0,75,15.595958
0.0,600,15.610439
0.0,835,15.630404
0.0,377,15.639731
0.0,1000,15.663787
0.0,398,15.673307
0.0,97,15.675694
0.0,124,15.678774
1.0,344,15.687024
0.0,950,15.709872
0.0,73,15.71167
0.0,278,15.718388
0.0,152,15.722071
0.0,29,15.722802
0.0,285,15.729681
0.0,1000,15.75441
0.0,100,15.756834
0.0,31,15.757627
0.0,140,15.761082
0.0,251,15.767236
0.0,594,15.781895
0.0,98,15.784399
0.0,899,15.80634
0.0,450,15.817371
0.0,47,15.818532
1.0,644,15.834059
0.0,357,15.842616
0.0,279,15.849337
0.0,638,15.864543
1.0,472,15.875952
0.0,964,15.899081
0.0,299,15.906387
0.0,354,15.91496
0.0,210,15.920024
0.0,643,15.93534
0.0,215,15.940539
0.0,820,15.960291
0.0,1000,15.984543
0.0,642,16.000241
0.0,42,16.001302
0.0,26,16.001952
1.0,355,16.010973
0.0,150,16.014646
0.0,58,16.016082
0.0,233,16.021864
0.0,161,16.025792
1.0,524,16.038745
0.0,9,16.03901
0.0,1000,16.063741
0.0,1000,16.087801
0.0,661,16.10379
0.0,866,16.124688
0.0,283,16.131464
0.0,398,16.1414
0.0,541,16.154634
0.0,861,16.175193
0.0,525,16.187793
0.0,267,16.194181
0.0,351,16.202613
0.0,298,16.209875
0.0,296,16.217
0.0,58,16.218438
0.0,25,16.219071
0.0,19,16.219552
0.0,82,16.221537
0.0,140,16.224925
0.0,124,16.227938
0.0,330,16.235838
0.0,251,16.242089
0.0,339,16.250684
0.0,52,16.252071
0.0,1000,16.276316
0.0,112,16.279054
0.0,516,16.291544
0.0,1000,16.315594
0.0,561,16.32904
0.0,440,16.339619
0.0,800,16.359192
0.0,356,16.368259
0.0,57,16.369725
0.0,1000,16.394046
0.0,1000,16.418019
0.0,632,16.433095
0.0,288,16.440166
0.0,57,16.441571
0.0,23,16.44216
0.0,481,16.453685
0.0,98,16.456083
0.0,527,16.468733
0.0,70,16.470425
0.0,1000,16.49468
0.0,380,16.504195
0.0,296,16.511466
0.0,50,16.512694
0.0,1000,16.536865
0.0,18,16.537349
0.0,602,16.552045
0.0,146,16.555578
0.0,537,16.568702
0.0,737,16.586422
0.0,252,16.592499
0.0,36,16.593394
0.0,1000,16.617327
0.0,134,16.620602
0.0,299,16.627816
0.0,1000,16.652191
0.0,531,16.665165
0.0,44,16.666266
0.0,607,16.680904
0.0,18,16.681383
0.0,533,16.694087
0.0,245,16.700003
0.0,257,16.706208
0.0,847,16.726699
0.0,163,16.730666
0.0,8,16.730892
0.0,480,16.74285
0.0,1000,16.767362
0.0,1000,16.791297
0.0,526,16.803898
0.0,60,16.80538
0.0,332,16.813568
0.0,11,16.813945
1.0,496,16.825939
1.0,362,16.834707
0.0,24,16.835325
0.0,463,16.846365
0.0,216,16.851621
0.0,642,16.867013
0.0,203,16.87193
0.0,441,16.882605
0.0,595,16.896976
0.0,782,16.91564
0.0,702,16.932398
0.0,205,16.937356
0.0,931,16.960128
0.0,155,16.963988
0.0,1000,16.988331
0.0,116,16.991152
0.0,113,16.994056
1.0,296,17.001488
0.0,973,17.024962
0.0,226,17.030429
0.0,237,17.036171
0.0,43,17.037228
0.0,126,17.040337
0.0,655,17.056193
0.0,51,17.057455
0.0,658,17.073467
0.0,218,17.078777
0.0,827,17.098748
1.0,292,17.105832
0.0,578,17.11965
0.0,1000,17.143857
0.0,120,17.146778
0.0,441,17.158391
0.0,588,17.172491
0.0,1000,17.196338
1.0,550,17.209792
0.0,97,17.212206
0.0,311,17.219965
0.0,3,17.220079
0.0,278,17.226967
0.0,102,17.229516
0.0,1000,17.253754
0.0,60,17.255284
0.0,120,17.258199
0.0,77,17.260086
0.0,991,17.283815
0.0,376,17.29286
0.0,1000,17.316767
0.0,11,17.317078
0.0,1000,17.340834
0.0,1000,17.364694
0.0,376,17.373671
0.0,113,17.376402
0.0,935,17.399044
0.0,33,17.399886
0.0,747,17.417659
0.0,58,17.419167
1.0,493,17.431018
0.0,82,17.433021
0.0,76,17.434863
0.0,563,17.448336
0.0,767,17.467214
0.0,811,17.487127
0.0,183,17.491685
0.0,7,17.491893
0.0,1000,17.515797
0.0,1000,17.539644
0.0,366,17.548749
0.0,86,17.550843
0.0,146,17.554441
0.0,1000,17.579111
1.0,347,17.587535
0.0,462,17.598633
0.0,31,17.59942
0.0,51,17.600664
0.0,844,17.620989
0.0,362,17.629748
0.0,119,17.632651
0.0,284,17.639689
0.0,76,17.641551
0.0,172,17.645805
0.0,1000,17.669992
0.0,109,17.672671
0.0,357,17.681264
0.0,90,17.683495
0.0,38,17.684439
1.0,206,17.689415
0.0,191,17.69431
0.0,171,17.698442
0.0,46,17.699587
0.0,157,17.703463
0.0,901,17.725592
0.0,138,17.728948
0.0,76,17.730796
0.0,123,17.733801
0.0,354,17.742512
0.0,1000,17.76681
0.0,679,17.783083
0.0,136,17.786377
0.0,393,17.795877
0.0,567,17.809436
0.0,124,17.812444
0.0,849,17.833249
0.0,17,17.833805
0.0,17,17.83427
0.0,175,17.838791
0.0,534,17.851513
0.0,18,17.851988
0.0,834,17.872075
0.0,591,17.886425
0.0,116,17.889209
0.0,125,17.892248
1.0,396,17.901819
0.0,670,17.917971
0.0,1000,17.942025
0.0,55,17.943378
0.0,445,17.954478
0.0,404,17.964259
0.0,160,17.968167
0.0,1000,17.992515
0.0,384,18.001849
0.0,1000,18.025794
0.0,1000,18.049886
0.0,414,18.059842
0.0,73,18.061656
0.0,59,18.063112
0.0,107,18.065954
0.0,876,18.086985
0.0,88,18.089138
0.0,3,18.089242
0.0,129,18.092363
0.0,419,18.102411
0.0,167,18.106432
0.0,420,18.116521
0.0,75,18.118378
0.0,22,18.118944
0.0,744,18.136868
0.0,34,18.137811
0.0,1000,18.162317
0.0,519,18.174807
0.0,153,18.178666
0.0,446,18.189449
1.0,443,18.200539
0.0,376,18.209749
0.0,63,18.211325
0.0,418,18.221749
0.0,161,18.225713
0.0,9,18.225968
0.0,372,18.23493
0.0,120,18.237893
0.0,171,18.242083
0.0,160,18.245994
0.0,95,18.248342
0.0,32,18.249186
0.0,152,18.252891
0.0,522,18.265432
0.0,414,18.275448
0.0,121,18.278364
0.0,415,18.288338
0.0,1000,18.311995
0.0,628,18.327144
0.0,370,18.336003
0.0,526,18.348638
0.0,179,18.352992
0.0,60,18.354461
0.0,265,18.360852
0.0,54,18.362232
0.0,124,18.365267
0.0,792,18.384084
0.0,56,18.385468
0.0,55,18.386827
0.0,948,18.409325
0.0,33,18.410166
0.0,68,18.411817
1.0,451,18.422858
1.0,212,18.428032
0.0,242,18.434287
0.0,89,18.436483
0.0,100,18.438996
0.0,280,18.445672
0.0,364,18.454874
0.0,1000,18.479123
0.0,629,18.494201
0.0,9,18.494462
0.0,331,18.502422
0.0,246,18.508338
0.0,24,18.508953
0.0,768,18.527361
0.0,1000,18.551433
0.0,83,18.553467
0.0,267,18.559877
0.0,39,18.560857
0.0,43,18.56193
0.0,82,18.564142
0.0,761,18.582314
0.0,201,18.587163
0.0,527,18.599936
0.0,296,18.607312
0.0,149,18.610973
1.0,953,18.63428
1.0,282,18.64131
0.0,44,18.642409
0.0,1000,18.666562
0.0,396,18.67628
0.0,538,18.689193
0.0,1000,18.71352
0.0,77,18.715542
0.0,49,18.716739
0.0,111,18.719459
0.0,89,18.721673
0.0,233,18.72731
0.0,108,18.729921
0.0,481,18.741585
0.0,159,18.74544
0.0,277,18.752094
0.0,257,18.758425
0.0,885,18.779905
0.0,860,18.800411
0.0,253,18.806543
1.0,293,18.813756
1.0,319,18.821557
0.0,1000,18.845311
0.0,1000,18.869125
0.0,144,18.872595
0.0,515,18.885018
0.0,1000,18.909441
0.0,766,18.928285
0.0,196,18.933139
0.0,63,18.934738
0.0,15,18.935133
0.0,76,18.936984
0.0,83,18.938987
0.0,688,18.955774
0.0,1000,18.979624
0.0,304,18.986973
0.0,1000,19.010682
0.0,250,19.016746
0.0,542,19.02975
0.0,325,19.037662
0.0,155,19.041408
0.0,670,19.0578
0.0,834,19.077843
0.0,1000,19.101904
0.0,144,19.105399
1.0,295,19.112581
0.0,16,19.113011
0.0,674,19.129269
0.0,218,19.134539
0.0,802,19.154297
0.0,800,19.174143
0.0,48,19.175369
0.0,507,19.18777
0.0,1000,19.211699
1.0,410,19.221631
0.0,17,19.222085
0.0,285,19.228964
0.0,246,19.234904
0.0,493,19.246809
0.0,83,19.248841
0.0,464,19.259986
0.0,100,19.262422
0.0,1000,19.286115
0.0,151,19.289746
0.0,1000,19.313564
0.0,1000,19.33785
0.0,236,19.34359
0.0,1000,19.368022
0.0,486,19.379688
0.0,27,19.380487
0.0,170,19.384693
0.0,371,19.393877
0.0,1000,19.418128
0.0,145,19.421785
0.0,1000,19.446172
1.0,973,19.46958
0.0,886,19.490753
0.0,40,19.491762
0.0,184,19.49622
0.0,522,19.508747
0.0,62,19.510256
0.0,42,19.511295
0.0,1000,19.535026
0.0,1000,19.558939
0.0,1000,19.583079
0.0,691,19.599721
0.0,303,19.60694
0.0,218,19.612205
0.0,564,19.625636
0.0,90,19.627829
1.0,335,19.636144
0.0,257,19.642925
0.0,111,19.645731
0.0,1000,19.670182
0.0,964,19.693797
0.0,287,19.700701
0.0,9,19.700959
1.0,170,19.705065
0.0,270,19.711537
1.0,294,19.718637
0.0,851,19.738985
0.0,1000,19.762741
0.0,170,19.766828
0.0,563,19.78029
0.0,902,19.801947
0.0,130,19.805109
0.0,461,19.816241
0.0,794,19.835201
0.0,75,19.837062
0.0,331,19.844995
0.0,735,19.862489
0.0,338,19.870582
0.0,1000,19.895225
0.0,528,19.907981
0.0,301,19.915279
0.0,199,19.920083
0.0,98,19.922688
0.0,92,19.925012
0.0,377,19.934135
0.0,1000,19.958137
1.0,275,19.965101
0.0,1000,19.989149
1.0,531,20.001909
0.0,29,20.002649
0.0,345,20.010955
0.0,271,20.017488
0.0,315,20.025127
0.0,441,20.035779
0.0,19,20.036279
0.0,185,20.040735
0.0,36,20.041647
0.0,446,20.052555
0.0,220,20.057869
0.0,310,20.065607
0.0,314,20.073151
1.0,296,20.08033
0.0,410,20.090097
0.0,563,20.103628
0.0,449,20.114568
0.0,196,20.119453
0.0,1000,20.144212
0.0,238,20.150319
0.0,474,20.162111
0.0,138,20.165455
0.0,357,20.173965
0.0,1000,20.197718
0.0,13,20.198082
0.0,236,20.203791
0.0,1000,20.227867
0.0,1000,20.251796
0.0,262,20.258128
0.0,751,20.276224
0.0,779,20.294911
0.0,1000,20.318779
1.0,220,20.324105
0.0,1000,20.348155
0.0,458,20.359443
0.0,447,20.370823
0.0,289,20.377998
0.0,572,20.392257
0.0,129,20.395446
0.0,442,20.406344
0.0,1000,20.430197
0.0,705,20.44733
0.0,167,20.451404
0.0,84,20.453468
0.0,540,20.466478
0.0,9,20.466738
0.0,924,20.488863
0.0,1000,20.512656
0.0,1000,20.536554
0.0,240,20.542325
0.0,1000,20.567365
0.0,464,20.578473
0.0,478,20.590075
0.0,22,20.590639
0.0,372,20.599804
0.0,1000,20.624503
0.0,1000,20.649359
0.0,650,20.665199
1.0,469,20.676529
0.0,648,20.692047
0.0,384,20.701216
0.0,117,20.704045
0.0,276,20.710719
1.0,439,20.72124
0.0,178,20.725532
0.0,235,20.731163
0.0,1000,20.754987
0.0,1000,20.778802
1.0,166,20.782872
0.0,814,20.802337
0.0,334,20.810368
0.0,289,20.817462
0.0,1000,20.841702
0.0,23,20.842302
0.0,364,20.851065
0.0,26,20.851733
0.0,56,20.853378
0.0,980,20.877566
0.0,106,20.88017
0.0,95,20.882548
0.0,1000,20.906647
0.0,95,20.908979
0.0,109,20.911668
0.0,145,20.915144
0.0,70,20.916854
0.0,313,20.924339
0.0,359,20.932899
0.0,71,20.934623
0.0,299,20.941789
0.0,952,20.964465
0.0,309,20.971931
0.0,15,20.972331
0.0,1000,20.996062
0.0,1000,21.019852
0.0,95,21.022164
0.0,200,21.027015
0.0,15,21.027412
0.0,763,21.045656
0.0,552,21.059099
0.0,380,21.068394
0.0,235,21.074062
0.0,292,21.081054
1.0,463,21.092329
0.0,218,21.098095
0.0,122,21.101099
1.0,162,21.104983
0.0,245,21.110877
0.0,9,21.111131
0.0,14,21.111569
0.0,198,21.116481
0.0,526,21.129262
0.0,820,21.149082
0.0,42,21.150176
0.0,832,21.170582
0.0,189,21.175419
0.0,381,21.184617
0.0,153,21.188327
0.0,1000,21.212415
0.0,1000,21.236236
0.0,418,21.246301
0.0,353,21.254781
0.0,682,21.271117
0.0,731,21.28858
0.0,647,21.304074
0.0,38,21.305026
0.0,485,21.316793
0.0,1000,21.341384
0.0,442,21.352383
1.0,596,21.367361
0.0,280,21.374212
0.0,592,21.388816
0.0,1000,21.412815
0.0,26,21.413487
1.0,999,21.437329
0.0,1000,21.461042
0.0,1000,21.4851
0.0,1000,21.509068
0.0,636,21.52424
0.0,433,21.534622
1.0,358,21.543257
0.0,46,21.544401
0.0,590,21.558798
0.0,506,21.571325
0.0,1000,21.595849
0.0,1000,21.620372
0.0,33,21.621212
0.0,63,21.622751
0.0,100,21.625202
0.0,844,21.645632
0.0,55,21.64701
0.0,941,21.669777
0.0,128,21.672861
0.0,359,21.681433
0.0,162,21.685347
1.0,285,21.692227
0.0,184,21.696689
0.0,1000,21.720601
0.0,531,21.733445
0.0,50,21.734696
1.0,697,21.751434
1.0,511,21.764077
0.0,241,21.76992
0.0,322,21.777643
0.0,42,21.77869
0.0,771,21.797156
0.0,679,21.813699
1.0,797,21.833321
0.0,57,21.834788
0.0,1000,21.859307
0.0,699,21.876182
0.0,135,21.879441
0.0,1000,21.903399
0.0,1000,21.927223
0.0,247,21.933163
0.0,1000,21.957178
0.0,102,21.959693
0.0,246,21.965575
0.0,468,21.976741
0.0,20,21.977271
0.0,309,21.984679
0.0,167,21.988719
1.0,465,21.999902
0.0,1000,22.023636
0.0,1000,22.047618
0.0,324,22.055891
0.0,90,22.058084
0.0,621,22.073562
0.0,419,22.083819
0.0,45,22.085109
0.0,1000,22.109203
0.0,259,22.115448
1.0,597,22.129779
0.0,485,22.141729
0.0,818,22.161345
0.0,9,22.161606
1.0,246,22.167598
0.0,58,22.169036
0.0,101,22.17149
0.0,337,22.179565
0.0,11,22.179873
0.0,271,22.186419
0.0,588,22.200494
0.0,22,22.201058
0.0,1000,22.224842
0.0,71,22.226598
0.0,27,22.227289
0.0,1000,22.250974
0.0,1000,22.275014
0.0,599,22.289419
1.0,300,22.296932
0.0,23,22.297524
0.0,27,22.298219
0.0,25,22.298853
0.0,1000,22.323296
0.0,126,22.326552
0.0,53,22.32785
0.0,18,22.328315
0.0,426,22.338752
1.0,678,22.354959
0.0,1000,22.379365
0.0,726,22.396606
0.0,354,22.405219
0.0,1000,22.428907
0.0,76,22.430779
1.0,314,22.438373
0.0,549,22.451693
0.0,1000,22.475442
0.0,1000,22.499729
0.0,131,22.502922
0.0,182,22.507314
0.0,204,22.512195
0.0,61,22.51369
1.0,290,22.520749
0.0,140,22.524159
0.0,594,22.538508
0.0,53,22.53984
1.0,145,22.543344
0.0,162,22.547512
0.0,88,22.549857
0.0,21,22.550399
0.0,863,22.571824
0.0,1000,22.595782
0.0,68,22.597445
0.0,56,22.598826
0.0,137,22.602186
0.0,598,22.616643
0.0,77,22.618528
0.0,170,22.622632
0.0,76,22.624525
0.0,1000,22.648909
0.0,407,22.659177
0.0,128,22.662374
0.0,56,22.663763
0.0,59,22.665217
0.0,391,22.674695
0.0,1000,22.698762
0.0,110,22.701424
0.0,44,22.702513
1.0,170,22.706651
0.0,146,22.710241
0.0,38,22.711187
0.0,622,22.726102
0.0,1000,22.749971
0.0,25,22.750612
1.0,162,22.75467
0.0,213,22.759842
0.0,650,22.775429
0.0,482,22.787195
0.0,510,22.799788
0.0,799,22.81942
0.0,735,22.837524
0.0,279,22.844278
0.0,80,22.846215
0.0,184,22.850655
0.0,227,22.856128
0.0,441,22.866758
0.0,161,22.87066
0.0,428,22.880954
0.0,1000,22.90517
0.0,407,22.914951
0.0,681,22.931058
0.0,599,22.945591
0.0,118,22.948477
0.0,21,22.949008
0.0,315,22.95657
1.0,167,22.96074
1.0,191,22.965442
0.0,149,22.969327
0.0,219,22.974764
1.0,666,22.990805
0.0,606,23.005351
0.0,333,23.013505
0.0,97,23.015904
0.0,1000,23.040244
0.0,420,23.050683
0.0,70,23.052422
1.0,84,23.054487
0.0,146,23.058042
0.0,1000,23.082694
0.0,7,23.082914
0.0,1000,23.107114
0.0,40,23.10812
0.0,1000,23.132136
0.0,53,23.133435
0.0,918,23.15584
0.0,137,23.159167
0.0,650,23.174685
1.0,250,23.18071
0.0,647,23.19617
0.0,17,23.19661
1.0,570,23.210332
0.0,154,23.214088
0.0,498,23.225982
0.0,785,23.24482
0.0,127,23.247903
1.0,240,23.253735
0.0,42,23.254778
0.0,933,23.27789
0.0,534,23.290771
0.0,511,23.303482
1.0,189,23.308126
0.0,1000,23.332208
0.0,145,23.335727
0.0,447,23.346459
0.0,1000,23.370525
0.0,128,23.373625
1.0,415,23.383526
0.0,606,23.398066
0.0,163,23.402009
0.0,913,23.423733
1.0,394,23.4333
0.0,1000,23.457118
1.0,259,23.463499
0.0,60,23.464983
0.0,127,23.468056
0.0,461,23.479078
0.0,701,23.495706
1.0,238,23.501525
0.0,820,23.52148
0.0,581,23.535512
0.0,47,23.536691
1.0,159,23.540929
0.0,58,23.542408
1.0,229,23.547937
0.0,552,23.561416
0.0,77,23.563452
0.0,278,23.570394
1.0,199,23.57521
0.0,752,23.593539
0.0,180,23.597846
0.0,480,23.609314
0.0,408,23.619193
0.0,228,23.62471
0.0,1000,23.648858
0.0,1000,23.673025
0.0,1000,23.696926
0.0,378,23.706082
1.0,93,23.708375
0.0,157,23.712209
0.0,194,23.716856
0.0,162,23.720794
1.0,150,23.724419
1.0,128,23.727543
0.0,1000,23.751676
0.0,612,23.766938
0.0,358,23.775653
1.0,154,23.779418
0.0,22,23.779984
0.0,354,23.788539
0.0,630,23.804156
0.0,728,23.821576
1.0,574,23.835395
0.0,7,23.835606
1.0,249,23.841622
0.0,143,23.84508
0.0,311,23.852527
1.0,114,23.855329
0.0,730,23.872974
0.0,1000,23.897032
0.0,793,23.916046
0.0,281,23.922901
0.0,348,23.931192
0.0,65,23.932797
0.0,130,23.935968
0.0,688,23.952422
0.0,309,23.959907
0.0,846,23.979988
0.0,92,23.982257
1.0,104,23.984792
0.0,62,23.986314
0.0,776,24.005679
0.0,121,24.008635
0.0,80,24.010587
0.0,436,24.02105
0.0,177,24.025413
0.0,115,24.028193
0.0,586,24.042711
1.0,365,24.051807
0.0,478,24.063429
0.0,145,24.067156
1.0,569,24.080785
0.0,9,24.081047
0.0,366,24.089889
0.0,99,24.092286
0.0,1000,24.11625
1.0,155,24.120028
0.0,147,24.123587
0.0,66,24.125184
0.0,13,24.125531
0.0,134,24.128757
0.0,951,24.151797
1.0,208,24.157002
0.0,83,24.159034
0.0,503,24.171566
1.0,109,24.174273
0.0,1000,24.198121
0.0,440,24.20873
1.0,245,24.214653
0.0,127,24.217727
1.0,136,24.221109
0.0,1000,24.245076
